EVTM,CELL,PAGE,NAME,QUALIFIER,REFCELL,REFPAGE,CARROT,PAGEID1,PAGEID2,ITEMID_,CELLID2
EX1,010,001,Camshaft Position (CMP) Sensor,4.2L,023,005,,,,,
EX1,010,001,Camshaft Position (CMP) Sensor Shield,,023,004,,,,,
EX1,010,001,Camshaft Position (CMP) Sensor Shield,,023,005,,,,,
EX1,010,001,Camshaft Position (CMP) Sensor Shield,,024,005,,,,,
EX1,010,001,Camshaft Position (CMP) Sensor Shield,,025,005,,,,,
EX1,010,001,Camshaft Position (CMP) Sensor Shield,,027,005,,,,,
EX1,010,001,Camshaft Position (CMP) Sensor Shield,,026,005,,,,,
EX1,010,001,Camshaft Position (CMP) Sensor Shield,,022,005,,,,,
EX1,010,001,Crankshaft Position (CKP) Sensor Shield,,021,001,,,,,
EX1,010,001,CTO Module Shield,,022,002,,,,,
EX1,010,001,Data Link Connector (DLC),,014,001,,,,,
EX1,010,001,Mass Air Flow (MAF) Sensor,4.2L,023,002,,,,,
EX1,010,001,Mass Air Flow (MAF) Sensor,4.6L,024,002,,,,,
EX1,010,001,Mass Air Flow (MAF) Sensor,5.4L,025,002,,,,,
EX1,010,001,Mass Air Flow (MAF) Sensor,5.4L Lightning,027,002,,,,,
EX1,010,001,Mass Air Flow (MAF) Sensor,5.4L NGV,026,002,,,,,
EX1,010,001,Mass Air Flow (MAF) Sensor,5.4L Bi-Fuel,022,002,,,,,
EX1,010,001,NGV Timer Jumper,,026,009,,,,,
EX1,010,001,Powertrain Control Module (PCM),4.2L,023,001,,,,,
EX1,010,001,Powertrain Control Module (PCM),4.2L,023,005,,,,,
EX1,010,001,Powertrain Control Module (PCM),4.6L,024,001,,,,,
EX1,010,001,Powertrain Control Module (PCM),4.6L,024,005,,,,,
EX1,010,001,Powertrain Control Module (PCM),5.4L,025,001,,,,,
EX1,010,001,Powertrain Control Module (PCM),5.4L Lightning,027,001,,,,,
EX1,010,001,Powertrain Control Module (PCM),5.4L,025,005,,,,,
EX1,010,001,Powertrain Control Module (PCM),5.4L Lightning,027,005,,,,,
EX1,010,001,Powertrain Control Module (PCM),5.4L NGV,026,001,,,,,
EX1,010,001,Powertrain Control Module (PCM),5.4L NGV,026,005,,,,,
EX1,010,001,Powertrain Control Module (PCM),5.4L Bi-Fuel,022,001,,,,,
EX1,010,001,Powertrain Control Module (PCM),5.4L Bi-Fuel,022,005,,,,,
EX1,010,002,A/C Clutch Diode,,054,003,,,,,
EX1,010,002,A/C Compressor Clutch Solenoid,4.2L,054,003,,,,,
EX1,010,002,A/C Compressor Clutch Solenoid,4.6L,054,003,,,,,
EX1,010,002,A/C Compressor Clutch Solenoid,5.4L,054,003,,,,,
EX1,010,002,A/C Compressor Clutch Solenoid,5.4L NGV,054,003,,,,,
EX1,010,002,Blower Motor Resistor,W/ AC,053,001,,,,,
EX1,010,002,Blower Motor Resistor,W/O AC,054,001,,,,,
EX1,010,002,Digital Transmission Range (DTR) Sensor,4R100 (4x2),034,001,,,,,
EX1,010,002,Digital Transmission Range (DTR) Sensor,4R100 (4x4),034,001,,,,,
EX1,010,002,Digital Transmission Range (DTR) Sensor,4R70W (4x2),034,001,,,,,
EX1,010,002,Digital Transmission Range (DTR) Sensor,4R70W (4x4),034,001,,,,,
EX1,010,002,Engine Compartment Lamp,4.2L,089,001,,,,,
EX1,010,002,Engine Compartment Lamp,4.6L,089,001,,,,,
EX1,010,002,Engine Compartment Lamp,5.4L,089,001,,,,,
EX1,010,002,Engine Compartment Lamp,5.4L NGV,089,001,,,,,
EX1,010,002,Fuel Rail Cutoff Valve,,026,007,,,,,
EX1,010,002,Function Selector Switch Assembly,W/ AC,053,001,,,,,
EX1,010,002,Function Selector Switch Assembly,W/O AC,053,001,,,,,
EX1,010,002,Function Selector Switch Assembly,W/ AC,054,001,,,,,
EX1,010,002,Function Selector Switch Assembly,W/O AC,054,001,,,,,
EX1,010,002,Inertia Fuel Shutoff Switch,,027,010,,,,,
EX1,010,002,Intake Manifold Runner Control (IMRC),,023,005,,,,,
EX1,010,002,S105,,010,005,G,,,,
EX1,010,002,S201,,010,003,A,,,,
EX1,010,002,Speed Control Servo,4.2L,031,002,,,,,
EX1,010,002,Speed Control Servo,4.6L,031,002,,,,,
EX1,010,002,Speed Control Servo,5.4L,031,002,,,,,
EX1,010,002,Speed Control Servo,5.4L NGV,031,002,,,,,
EX1,010,002,Windshield Wiper Motor,4.2L,081,002,,,,,
EX1,010,002,Windshield Wiper Motor,4.6L,081,002,,,,,
EX1,010,002,Windshield Wiper Motor,5.4L,081,002,,,,,
EX1,010,002,Windshield Wiper Motor,5.4L NGV,081,002,,,,,
EX1,010,003,4 Wheel Drive Mode Switch,,034,001,,,,,
EX1,010,003,Air Bag Sliding Contact,,031,001,,,,,
EX1,010,003,Blend Door Actuator,W/ AC,053,001,,,,,
EX1,010,003,Blend Door Actuator,W/O AC,053,001,,,,,
EX1,010,003,Blend Door Actuator,W/ AC,054,002,,,,,
EX1,010,003,Blend Door Actuator,W/O AC,054,002,,,,,
EX1,010,003,Blower Relay,,053,001,,,,,
EX1,010,003,Blower Relay,,054,001,,,,,
EX1,010,003,Data Link Connector (DLC),,014,001,,,,,
EX1,010,003,Flasher Relay,,090,001,,,,,
EX1,010,003,S200,,010,002,A,,,,
EX1,010,003,S203,,010,004,B,,,,
EX1,010,003,S204,,010,004,C,,,,
EX1,010,003,Trailer Tow,Heavy Duty,095,003,,,,,
EX1,010,003,Transfer Case Shift Relay Module,,034,002,,,,,
EX1,010,004,Ashtray Illumination,,071,001,,,,,
EX1,010,004,Central Timer Module (CTM) Diagnostic Connector,,059,002,,,,,
EX1,010,004,Daytime Running Lamps (DRL) Relay #1,,097,002,,,,,
EX1,010,004,Daytime Running Lamps (DRL) Relay #2,,097,002,,,,,
EX1,010,004,Function Selector Switch Assembly,W/ AC,053,001,,,,,
EX1,010,004,Function Selector Switch Assembly,W/O AC,053,001,,,,,
EX1,010,004,Function Selector Switch Assembly,W/ AC,054,001,,,,,
EX1,010,004,Function Selector Switch Assembly,W/O AC,054,001,,,,,
EX1,010,004,Glove Compartment Lamp,,089,001,,,,,
EX1,010,004,Instrument Cluster,,062,004,,,,,
EX1,010,004,Left Door Ajar Switch,,059,002,,,,,
EX1,010,004,Main Light Switch,,013,017,,,,,
EX1,010,004,Radio,,130,001,,,,,
EX1,010,004,Radio,,130,002,,,,,
EX1,010,004,Rear Air Suspension (RAS) Module,,041,002,,,,,
EX1,010,004,Right Door Ajar Switch,,059,002,,,,,
EX1,010,004,S201,,010,003,B,,,,
EX1,010,004,S201,,010,003,C,,,,
EX1,010,004,Shift Lock Actuator,,037,001,,,,,
EX1,010,005,Left Fog Lamp,4.2L,086,002,,,,,
EX1,010,005,Left Fog Lamp,4.6L,086,002,,,,,
EX1,010,005,Left Fog Lamp,5.4L,086,002,,,,,
EX1,010,005,Left Fog Lamp,5.4L NGV,086,002,,,,,
EX1,010,005,Left Front Park/Turn Lamp,4.2L,090,002,,,,,
EX1,010,005,Left Front Park/Turn Lamp,4.6L,090,002,,,,,
EX1,010,005,Left Front Park/Turn Lamp,5.4L,090,002,,,,,
EX1,010,005,Left Front Park/Turn Lamp,5.4L NGV,090,002,,,,,
EX1,010,005,Left Front Park/Turn Lamp,4.2L,092,001,,,,,
EX1,010,005,Left Front Park/Turn Lamp,4.6L,092,001,,,,,
EX1,010,005,Left Front Park/Turn Lamp,5.4L,092,001,,,,,
EX1,010,005,Left Front Park/Turn Lamp,5.4L NGV,092,001,,,,,
EX1,010,005,Rear Air Suspension Compressor Relay,,041,001,,,,,
EX1,010,005,Right Fog Lamp,4.2L,086,002,,,,,
EX1,010,005,Right Fog Lamp,4.6L,086,002,,,,,
EX1,010,005,Right Fog Lamp,5.4L,086,002,,,,,
EX1,010,005,Right Fog Lamp,5.4L NGV,086,002,,,,,
EX1,010,005,Right Front Park/Turn Lamp,4.2L,090,002,,,,,
EX1,010,005,Right Front Park/Turn Lamp,4.6L,090,002,,,,,
EX1,010,005,Right Front Park/Turn Lamp,5.4L,090,002,,,,,
EX1,010,005,Right Front Park/Turn Lamp,5.4L NGV,090,002,,,,,
EX1,010,005,Right Front Park/Turn Lamp,4.2L,092,001,,,,,
EX1,010,005,Right Front Park/Turn Lamp,4.6L,092,001,,,,,
EX1,010,005,Right Front Park/Turn Lamp,5.4L,092,001,,,,,
EX1,010,005,Right Front Park/Turn Lamp,5.4L NGV,092,001,,,,,
EX1,010,005,Right Headlamp,4.2L,085,001,,,,,
EX1,010,005,Right Headlamp,4.6L,085,001,,,,,
EX1,010,005,Right Headlamp,5.4L,085,001,,,,,
EX1,010,005,Right Headlamp,5.4L NGV,085,001,,,,,
EX1,010,005,S102,,010,002,G,,,,
EX1,010,005,S106,,010,006,H,,,,
EX1,010,005,S106,,010,006,D,,,,
EX1,010,005,Trailer Tow Battery Charge Relay,4.2L,095,002,,,,,
EX1,010,005,Trailer Tow Battery Charge Relay,4.6L,095,002,,,,,
EX1,010,005,Trailer Tow Battery Charge Relay,5.4L,095,002,,,,,
EX1,010,005,Trailer Tow Battery Charge Relay,5.4L NGV,095,002,,,,,
EX1,010,005,Trailer Tow Reversing Lamp Relay,4.2L,095,003,,,,,
EX1,010,005,Trailer Tow Reversing Lamp Relay,4.6L,095,003,,,,,
EX1,010,005,Trailer Tow Reversing Lamp Relay,5.4L,095,003,,,,,
EX1,010,005,Trailer Tow Reversing Lamp Relay,5.4L NGV,095,003,,,,,
EX1,010,005,Trailer Tow Running Lamp Relay,4.2L,095,003,,,,,
EX1,010,005,Trailer Tow Running Lamp Relay,4.6L,095,003,,,,,
EX1,010,005,Trailer Tow Running Lamp Relay,5.4L,095,003,,,,,
EX1,010,005,Trailer Tow Running Lamp Relay,5.4L NGV,095,003,,,,,
EX1,010,005,Washer Pump Assembly,4.2L,081,002,,,,,
EX1,010,005,Washer Pump Assembly,4.6L,081,002,,,,,
EX1,010,005,Washer Pump Assembly,5.4L,081,002,,,,,
EX1,010,005,Washer Pump Assembly,5.4L NGV,081,002,,,,,
EX1,010,006,4 Wheel Anti-Lock Brake System (4WABS) Module,4.2L,042,004,,,,,
EX1,010,006,4 Wheel Anti-Lock Brake System (4WABS) Module,4.6L,042,004,,,,,
EX1,010,006,4 Wheel Anti-Lock Brake System (4WABS) Module,5.4L,042,004,,,,,
EX1,010,006,4 Wheel Anti-Lock Brake System (4WABS) Module,5.4L NGV,042,004,,,,,
EX1,010,006,Brake Fluid Level Indicator Switch,4.2L,042,001,,,,,
EX1,010,006,Brake Fluid Level Indicator Switch,4.6L,042,001,,,,,
EX1,010,006,Brake Fluid Level Indicator Switch,5.4L,042,001,,,,,
EX1,010,006,Brake Fluid Level Indicator Switch,5.4L NGV,042,001,,,,,
EX1,010,006,Brake Fluid Level Indicator Switch,4.2L,042,004,,,,,
EX1,010,006,Brake Fluid Level Indicator Switch,4.6L,042,004,,,,,
EX1,010,006,Brake Fluid Level Indicator Switch,5.4L,042,004,,,,,
EX1,010,006,Brake Fluid Level Indicator Switch,5.4L NGV,042,004,,,,,
EX1,010,006,C112,,010,010,J,,,,
EX1,010,006,C316,,010,010,F,,,,
EX1,010,006,Charge Air Cooler Pump Motor,,027,009,,,,,
EX1,010,006,Fuel Pump Assembly,Except 5.4L Lightning,023,007,,,,,
EX1,010,006,Fuel Pump Assembly,Except 5.4L Lightning,024,007,,,,,
EX1,010,006,Fuel Pump Assembly,Except 5.4L Lightning,025,007,,,,,
EX1,010,006,Fuel Pump Assembly,5.4L Lightning,027,007,,,,,
EX1,010,006,Fuel Pump Assembly,Except 5.4L Lightning,022,011,,,,,
EX1,010,006,Fuel Pump Assembly,CNG,022,011,,,,,
EX1,010,006,Fuel Pump Assembly,LPG,022,011,,,,,
EX1,010,006,Fuel Pump High/Low Relay,,010,010,I,,,,
EX1,010,006,Left Headlamp,4.2L,085,001,,,,,
EX1,010,006,Left Headlamp,4.6L,085,001,,,,,
EX1,010,006,Left Headlamp,5.4L,085,001,,,,,
EX1,010,006,Left Headlamp,5.4L NGV,085,001,,,,,
EX1,010,006,Left License Lamp,,092,002,,,,,
EX1,010,006,Left Reversing Lamp,,093,001,,,,,
EX1,010,006,Left Stop/Park/Turn Lamp,,090,002,,,,,
EX1,010,006,Left Stop/Park/Turn Lamp,,092,002,,,,,
EX1,010,006,Left Tail/Side Lamp,,092,002,,,,,
EX1,010,006,License Lamp,,092,002,,,,,
EX1,010,006,PCM Power Relay,4.2L,023,001,,,,,
EX1,010,006,PCM Power Relay,4.6L,024,001,,,,,
EX1,010,006,PCM Power Relay,5.4L,025,001,,,,,
EX1,010,006,PCM Power Relay,5.4L NGV,026,001,,,,,
EX1,010,006,PCM Power Relay,5.4L,027,001,,,,,
EX1,010,006,PCM Power Relay,5.4L,022,001,,,,,
EX1,010,006,Rear Anti-Lock Brake System (RABS) Proportioning Valve Switch Assembly,4.2L,042,002,,,,,
EX1,010,006,Rear Anti-Lock Brake System (RABS) Proportioning Valve Switch Assembly,4.6L,042,002,,,,,
EX1,010,006,Rear Anti-Lock Brake System (RABS) Proportioning Valve Switch Assembly,5.4L,042,002,,,,,
EX1,010,006,Rear Anti-Lock Brake System (RABS) Proportioning Valve Switch Assembly,5.4L NGV,042,002,,,,,
EX1,010,006,Right License Lamp,,092,002,,,,,
EX1,010,006,Right Reversing Lamp,,093,001,,,,,
EX1,010,006,Right Stop/Park/Turn Lamp,,090,002,,,,,
EX1,010,006,Right Stop/Park/Turn Lamp,,092,002,,,,,
EX1,010,006,Right Tail/Side Lamp,,092,002,,,,,
EX1,010,006,S105,,010,005,H,,,,
EX1,010,006,S105,,010,005,D,,,,
EX1,010,006,S105,,010,005,,,,,
EX1,010,007,Auxiliary Power Socket,,044,002,,,,,
EX1,010,007,Cigar Lighter,,044,002,,,,,
EX1,010,007,Exterior Rear View Mirror Switch,,124,001,,,,,
EX1,010,007,High Mounted Stoplamp,,089,002,,,,,
EX1,010,007,High Mounted Stoplamp,,090,003,,,,,
EX1,010,007,Interior/Map Lamp,,089,002,,,,,
EX1,010,007,Left Cargo Lamp,,089,002,,,,,
EX1,010,007,Left Power Door Lock Switch,W/O RAP,110,001,,,,,
EX1,010,007,Left Power Door Lock Switch,W/ RAP,110,003,,,,,
EX1,010,007,Left Power Door Lock Switch,W/O RAP,110,003,,,,,
EX1,010,007,Left Power Window Switch,,100,002,,,,,
EX1,010,007,One Touch Down Relay,,100,001,,,,,
EX1,010,007,Power Seat Control Switch,,120,001,,,,,
EX1,010,007,Right Cargo Lamp,,089,002,,,,,
EX1,010,007,S501,,010,008,E,,,,
EX1,010,007,Safety Belt Switch,,059,002,,,,,
EX1,010,008,All Lock Relay,,110,002,,,,,
EX1,010,008,All Unlock Relay,,110,002,,,,,
EX1,010,008,Left Door Ajar Switch,,059,002,,,,,
EX1,010,008,Left Door Courtesy Lamp,,089,001,,,,,
EX1,010,008,Left Exterior Rear View Mirror,,124,001,,,,,
EX1,010,008,Right Door Ajar Switch,,059,002,,,,,
EX1,010,008,Right Door Courtesy Lamp,,089,001,,,,,
EX1,010,008,Right Exterior Rear View Mirror,,124,001,,,,,
EX1,010,008,Right Power Door Lock Switch,W/O RAP,110,001,,,,,
EX1,010,008,Right Power Door Lock Switch,W/O RAP,110,003,,,,,
EX1,010,008,Right Power Door Lock Switch,W/ RAP,110,003,,,,,
EX1,010,008,Right Power Window Switch,,100,002,,,,,
EX1,010,008,S500,,010,007,E,,,,
EX1,010,009,Brake Pedal Position (BPP) Switch,,090,004,,,,,
EX1,010,009,C4302,CNG,010,011,ZZ,,,,
EX1,010,009,C4302,LPG,010,011,ZZ,,,,
EX1,010,009,Central Timer Module (CTM),,059,001,,,,,
EX1,010,009,Generic Electronic Module (GEM),,059,001,,,,,
EX1,010,009,Instrument Cluster,,062,002,,,,,
EX1,010,009,NGV Timer Jumper,,026,009,,,,,
EX1,010,009,Passenger Air Bag Deactivation (PAD) Switch,,046,002,,,,,
EX1,010,009,Passive Anti-Theft System (PATS) Transceiver Module,,112,001,,,,,
EX1,010,009,Rear Air Suspension (RAS) Module,,041,002,,,,,
EX1,010,009,Rear Anti-Lock Brake System (RABS) Module,,042,001,,,,,
EX1,010,009,Remote Anti-Theft Personality (RAP) Module,,117,001,,,,,
EX1,010,009,Restraints Control Module (RCM),,046,001,,,,,
EX1,010,009,Restraints Control Module (RCM),,046,002,,,,,
EX1,010,010,CD Changer,,130,004,,,,,
EX1,010,010,Forward In-Bed Fuel Tank Valve,,026,007,,,,,
EX1,010,010,Fuel Pump Dropping Resistor,,027,007,,,,,
EX1,010,010,Fuel Pump High/Low Relay,,027,010,,,,,
EX1,010,010,Midship Fuel Tank Valve,,026,007,,,,,
EX1,010,010,Radio,,130,001,,,,,
EX1,010,010,Radio,,130,002,,,,,
EX1,010,010,Rear Air Suspension Compressor Motor and Vent Solenoid,4.2L,041,001,,,,,
EX1,010,010,Rear Air Suspension Compressor Motor and Vent Solenoid,4.6L,041,001,,,,,
EX1,010,010,Rear Air Suspension Compressor Motor and Vent Solenoid,5.4L,041,001,,,,,
EX1,010,010,Rear Air Suspension Compressor Motor and Vent Solenoid,5.4L NGV,041,001,,,,,
EX1,010,010,Rear In-Bed Fuel Tank Valve,,026,007,,,,,
EX1,010,010,S106,,010,006,I,,,,
EX1,010,010,S106,,010,006,J,,,,
EX1,010,010,S400,,010,006,F,,,,
EX1,010,010,Trailer Tow,Heavy Duty,095,002,,,,,
EX1,010,010,Trailer Tow,Light Duty,095,002,,,,,
EX1,010,011,C148,4.2L,010,009,ZZ,,,,
EX1,010,011,C148,4.6L,010,009,ZZ,,,,
EX1,010,011,C148,5.4L,010,009,ZZ,,,,
EX1,010,011,Fuel Pump Assembly,Except 5.4L Lightning,023,007,,,,,
EX1,010,011,Fuel Pump Assembly,Except 5.4L Lightning,024,007,,,,,
EX1,010,011,Fuel Pump Assembly,Except 5.4L Lightning,025,007,,,,,
EX1,010,011,Fuel Pump Assembly,5.4L Lightning,027,007,,,,,
EX1,010,011,Fuel Pump Assembly,Except 5.4L Lightning,022,011,,,,,
EX1,010,011,Fuel Pump Assembly,CNG,022,011,,,,,
EX1,010,011,Fuel Pump Assembly,LPG,022,011,,,,,
EX1,012,001,Battery Junction Box,4.2L,013,001,,,,,
EX1,012,001,Battery Junction Box,4.6L,013,001,,,,,
EX1,012,001,Battery Junction Box,5.4L,013,001,,,,,
EX1,012,001,Battery Junction Box,5.4L NGV,013,001,,,,,
EX1,012,001,Central Junction Box,,013,012,,,,,
EX1,012,001,Fuse Link A,,013,001,,,,,
EX1,012,001,Fuse Link B,,013,001,,,,,
EX1,012,001,Ignition Switch,,013,007,,,,,
EX1,012,001,Ignition Switch,,149,003,,,,,
EX1,012,001,Instrument Cluster,,062,001,,,,,
EX1,012,001,Power Distribution,,013,012,,,,,
EX1,012,001,Starter Motor Relay,4.2L,020,001,,,,,
EX1,012,001,Starter Motor Relay,4.6L,020,001,,,,,
EX1,012,001,Starter Motor Relay,5.4L,020,001,,,,,
EX1,012,001,Starter Motor Relay,5.4L NGV,020,001,,,,,
EX1,012,001,Starting System,,020,001,,,,,
EX1,013,001,Battery Junction Box,4.2L,013,002,,,,,
EX1,013,001,Battery Junction Box,4.6L,013,002,,,,,
EX1,013,001,Battery Junction Box,5.4L,013,002,,,,,
EX1,013,001,Battery Junction Box,5.4L NGV,013,002,,,,,
EX1,013,001,C4002,,013,016,XX,,,,
EX1,013,001,C4026,,013,016,YY,,,,
EX1,013,001,Fuse Link C,,013,016,W,,,,
EX1,013,001,Generator,4.2L,012,001,,,,,
EX1,013,001,Generator,4.6L,012,001,,,,,
EX1,013,001,Generator,5.4L,012,001,,,,,
EX1,013,001,Generator,5.4L NGV,012,001,,,,,
EX1,013,001,Starter Motor,4.2L,020,001,,,,,
EX1,013,001,Starter Motor,4.6L,020,001,,,,,
EX1,013,001,Starter Motor,5.4L,020,001,,,,,
EX1,013,001,Starter Motor,5.4L NGV,020,001,,,,,
EX1,013,001,Starter Motor Relay,4.2L,020,001,,,,,
EX1,013,001,Starter Motor Relay,4.6L,020,001,,,,,
EX1,013,001,Starter Motor Relay,5.4L,020,001,,,,,
EX1,013,001,Starter Motor Relay,5.4L NGV,020,001,,,,,
EX1,013,001,Trailer Tow Running Lamp Relay,4.2L,095,003,,,,,
EX1,013,001,Trailer Tow Running Lamp Relay,4.6L,095,003,,,,,
EX1,013,001,Trailer Tow Running Lamp Relay,5.4L,095,003,,,,,
EX1,013,001,Trailer Tow Running Lamp Relay,5.4L NGV,095,003,,,,,
EX1,013,002,Battery Junction Box,4.2L,013,001,,,,,
EX1,013,002,Battery Junction Box,4.6L,013,001,,,,,
EX1,013,002,Battery Junction Box,5.4L,013,001,,,,,
EX1,013,002,Battery Junction Box,5.4L NGV,013,001,,,,,
EX1,013,002,Battery Junction Box,4.2L,013,003,,,,,
EX1,013,002,Battery Junction Box,4.6L,013,003,,,,,
EX1,013,002,Battery Junction Box,5.4L,013,003,,,,,
EX1,013,002,Battery Junction Box,5.4L NGV,013,003,,,,,
EX1,013,002,Headlamp Relay,,087,001,,,,,
EX1,013,002,Horn Relay,,044,001,,,,,
EX1,013,002,Main Light Switch,,085,001,,,,,
EX1,013,002,Main Light Switch,,087,002,,,,,
EX1,013,002,Multifunction Switch,,085,001,,,,,
EX1,013,002,Park Lamp Relay,,087,001,,,,,
EX1,013,003,4 Wheel Anti-Lock Brake System (4WABS) Module,4.2L,042,004,,,,,
EX1,013,003,4 Wheel Anti-Lock Brake System (4WABS) Module,4.6L,042,004,,,,,
EX1,013,003,4 Wheel Anti-Lock Brake System (4WABS) Module,5.4L,042,004,,,,,
EX1,013,003,4 Wheel Anti-Lock Brake System (4WABS) Module,5.4L NGV,042,004,,,,,
EX1,013,003,Auxiliary Power Socket,,044,002,,,,,
EX1,013,003,Battery Junction Box,4.2L,013,002,,,,,
EX1,013,003,Battery Junction Box,4.6L,013,002,,,,,
EX1,013,003,Battery Junction Box,5.4L,013,002,,,,,
EX1,013,003,Battery Junction Box,5.4L NGV,013,002,,,,,
EX1,013,003,Battery Junction Box,4.2L,013,004,,,,,
EX1,013,003,Battery Junction Box,4.6L,013,004,,,,,
EX1,013,003,Battery Junction Box,5.4L,013,004,,,,,
EX1,013,003,Battery Junction Box,5.4L NGV,013,004,,,,,
EX1,013,003,Daytime Running Lamps (DRL) Resistor,4.2L,097,002,,,,,
EX1,013,003,Daytime Running Lamps (DRL) Resistor,4.6L,097,002,,,,,
EX1,013,003,Daytime Running Lamps (DRL) Resistor,5.4L,097,002,,,,,
EX1,013,003,Daytime Running Lamps (DRL) Resistor,5.4L NGV,097,002,,,,,
EX1,013,003,Fog Lamp Relay,4.2L,086,002,,,,,
EX1,013,003,Fog Lamp Relay,4.6L,086,002,,,,,
EX1,013,003,Fog Lamp Relay,5.4L,086,002,,,,,
EX1,013,003,Fog Lamp Relay,5.4L NGV,086,002,,,,,
EX1,013,003,Ignition Switch,,013,007,,,,,
EX1,013,003,S213,,013,004,J,,,,
EX1,013,003,Shift On The Fly Relay,,034,004,,,,,
EX1,013,003,Trailer Tow Battery Charge Relay,4.2L,095,002,,,,,
EX1,013,003,Trailer Tow Battery Charge Relay,4.6L,095,002,,,,,
EX1,013,003,Trailer Tow Battery Charge Relay,5.4L,095,002,,,,,
EX1,013,003,Trailer Tow Battery Charge Relay,5.4L NGV,095,002,,,,,
EX1,013,004,Battery Junction Box,4.2L,013,003,,,,,
EX1,013,004,Battery Junction Box,4.6L,013,003,,,,,
EX1,013,004,Battery Junction Box,5.4L,013,003,,,,,
EX1,013,004,Battery Junction Box,5.4L NGV,013,003,,,,,
EX1,013,004,Battery Junction Box,4.2L,013,005,,,,,
EX1,013,004,Battery Junction Box,4.6L,013,005,,,,,
EX1,013,004,Battery Junction Box,5.4L,013,005,,,,,
EX1,013,004,Battery Junction Box,5.4L NGV,013,005,,,,,
EX1,013,004,Blower Relay,,053,001,,,,,
EX1,013,004,Blower Relay,,054,001,,,,,
EX1,013,004,C159,,013,003,J,,,,
EX1,013,004,C243,,013,008,A,,,,
EX1,013,004,Fuel Pump Relay,4.2L,023,007,,,,,
EX1,013,004,Fuel Pump Relay,4.6L,024,007,,,,,
EX1,013,004,Fuel Pump Relay,5.4L,027,007,,,,,
EX1,013,004,Fuel Pump Relay,5.4L,025,007,,,,,
EX1,013,004,Fuel Pump Relay,5.4L NGV,026,007,,,,,
EX1,013,004,Fuel Pump Relay,5.4L,022,007,,,,,
EX1,013,004,Ignition Switch,,013,007,,,,,
EX1,013,004,Power Seat Control Switch,,120,001,,,,,
EX1,013,004,Transfer Case Electric Clutch Relay,,034,002,,,,,
EX1,013,004,Transfer Case Shift Relay Module,,034,002,,,,,
EX1,013,005,Battery Junction Box,4.2L,013,004,,,,,
EX1,013,005,Battery Junction Box,4.6L,013,004,,,,,
EX1,013,005,Battery Junction Box,5.4L,013,004,,,,,
EX1,013,005,Battery Junction Box,5.4L NGV,013,004,,,,,
EX1,013,005,Battery Junction Box,4.2L,013,006,,,,,
EX1,013,005,Battery Junction Box,4.6L,013,006,,,,,
EX1,013,005,Battery Junction Box,5.4L,013,006,,,,,
EX1,013,005,Battery Junction Box,5.4L NGV,013,006,,,,,
EX1,013,005,Charge Air Cooler Pump Relay,,027,009,,,,,
EX1,013,005,Left Rear Air Spring Solenoid,,041,001,,,,,
EX1,013,005,Rear Air Suspension (RAS) Module,,041,001,,,,,
EX1,013,005,Rear Air Suspension Compressor Motor and Vent Solenoid,4.2L,041,001,,,,,
EX1,013,005,Rear Air Suspension Compressor Motor and Vent Solenoid,4.6L,041,001,,,,,
EX1,013,005,Rear Air Suspension Compressor Motor and Vent Solenoid,5.4L,041,001,,,,,
EX1,013,005,Rear Air Suspension Compressor Motor and Vent Solenoid,5.4L NGV,041,001,,,,,
EX1,013,005,Rear Air Suspension Compressor Relay,,041,001,,,,,
EX1,013,005,Right Rear Air Spring Solenoid,,041,001,,,,,
EX1,013,006,All Lock Relay,,110,002,,,,,
EX1,013,006,All Unlock Relay,,110,002,,,,,
EX1,013,006,Battery Junction Box,4.2L,013,005,,,,,
EX1,013,006,Battery Junction Box,4.6L,013,005,,,,,
EX1,013,006,Battery Junction Box,5.4L,013,005,,,,,
EX1,013,006,Battery Junction Box,5.4L NGV,013,005,,,,,
EX1,013,006,C242,,013,016,B,,,,
EX1,013,006,Driver Unlock Relay,,110,002,,,,,
EX1,013,006,Left Power Door Lock Switch,W/O RAP,110,001,,,,,
EX1,013,006,PCM Power Relay,5.4L,022,001,,,,,
EX1,013,006,PCM Power Relay,4.2L,023,001,,,,,
EX1,013,006,PCM Power Relay,4.6L,024,001,,,,,
EX1,013,006,PCM Power Relay,5.4L,025,001,,,,,
EX1,013,006,PCM Power Relay,5.4L,027,001,,,,,
EX1,013,006,PCM Power Relay,5.4L NGV,026,001,,,,,
EX1,013,006,Right Power Door Lock Switch,W/O RAP,110,001,,,,,
EX1,013,006,Trailer Tow,Heavy Duty,095,003,,,,,
EX1,013,007,Battery Junction Box,4.2L,013,003,,,,,
EX1,013,007,Battery Junction Box,4.6L,013,003,,,,,
EX1,013,007,Battery Junction Box,5.4L,013,003,,,,,
EX1,013,007,Battery Junction Box,5.4L NGV,013,003,,,,,
EX1,013,007,Battery Junction Box,4.2L,013,004,,,,,
EX1,013,007,Battery Junction Box,4.6L,013,004,,,,,
EX1,013,007,Battery Junction Box,5.4L,013,004,,,,,
EX1,013,007,Battery Junction Box,5.4L NGV,013,004,,,,,
EX1,013,007,C242,,013,009,C,,,,
EX1,013,007,C242,,013,010,D,,,,
EX1,013,007,C243,,013,012,E,,,,
EX1,013,007,C243,,013,014,F,,,,
EX1,013,007,C243,,013,014,G,,,,
EX1,013,007,Ignition Switch,,149,003,,,,,
EX1,013,007,Rear Anti-Lock Brake System (RABS) Module,,042,001,,,,,
EX1,013,008,Autolamp Module,,087,001,,,,,
EX1,013,008,C159,,013,004,A,,,,
EX1,013,008,CD Changer,,130,004,,,,,
EX1,013,008,Central Junction Box,,013,009,,,,,
EX1,013,008,Cigar Lighter,,044,002,,,,,
EX1,013,008,Data Link Connector (DLC),,014,001,,,,,
EX1,013,008,Exterior Rear View Mirror Switch,,124,001,,,,,
EX1,013,008,Instrument Cluster,,062,002,,,,,
EX1,013,008,NGV Module,,026,009,,,,,
EX1,013,008,Powertrain Control Module (PCM),4.2L,023,001,,,,,
EX1,013,008,Powertrain Control Module (PCM),4.6L,024,001,,,,,
EX1,013,008,Powertrain Control Module (PCM),5.4L,025,001,,,,,
EX1,013,008,Powertrain Control Module (PCM),5.4L Lightning,027,001,,,,,
EX1,013,008,Powertrain Control Module (PCM),5.4L NGV,026,001,,,,,
EX1,013,008,Powertrain Control Module (PCM),5.4L Bi-Fuel,022,001,,,,,
EX1,013,008,Radio,,130,001,,,,,
EX1,013,008,Radio,,130,002,,,,,
EX1,013,008,Remote Anti-Theft Personality (RAP) Module,,117,001,,,,,
EX1,013,009,Battery Saver Relay,,089,001,,,,,
EX1,013,009,Blend Door Actuator,W/ AC,053,001,,,,,
EX1,013,009,Blend Door Actuator,W/O AC,053,001,,,,,
EX1,013,009,Blend Door Actuator,W/ AC,054,002,,,,,
EX1,013,009,Blend Door Actuator,W/O AC,054,002,,,,,
EX1,013,009,Brake Pedal Position (BPP) Switch,,090,003,,,,,
EX1,013,009,C214,,013,016,K,,,,
EX1,013,009,C250,,013,007,C,,,,
EX1,013,009,Central Junction Box,,013,008,,,,,
EX1,013,009,Central Junction Box,,013,010,,,,,
EX1,013,009,Central Junction Box,,013,016,,,,,
EX1,013,009,Deactivation Switch,4.2L,031,002,,,,,
EX1,013,009,Deactivation Switch,4.6L,031,002,,,,,
EX1,013,009,Deactivation Switch,5.4L,031,002,,,,,
EX1,013,009,Deactivation Switch,5.4L NGV,031,002,,,,,
EX1,013,009,Digital Transmission Range (DTR) Sensor,4R100 (4x2),093,001,,,,,
EX1,013,009,Digital Transmission Range (DTR) Sensor,4R100 (4x4),093,001,,,,,
EX1,013,009,Digital Transmission Range (DTR) Sensor,4R70W (4x2),093,001,,,,,
EX1,013,009,Digital Transmission Range (DTR) Sensor,4R70W (4x4),093,001,,,,,
EX1,013,009,Flasher Relay,,090,001,,,,,
EX1,013,009,Function Selector Switch Assembly,W/ AC,054,002,,,,,
EX1,013,009,Function Selector Switch Assembly,W/O AC,054,002,,,,,
EX1,013,009,Generic Electronic Module (GEM),,059,001,,,,,
EX1,013,009,Interior Lamp Relay,,089,001,,,,,
EX1,013,009,Reversing Lamp Switch,M5R2 (4x2),093,001,,,,,
EX1,013,009,Reversing Lamp Switch,M5R2 (4x4),093,001,,,,,
EX1,013,009,Speed Control Servo,4.2L,031,002,,,,,
EX1,013,009,Speed Control Servo,4.6L,031,002,,,,,
EX1,013,009,Speed Control Servo,5.4L,031,002,,,,,
EX1,013,009,Speed Control Servo,5.4L NGV,031,002,,,,,
EX1,013,009,WOT Relay,4.2L,054,003,,,,,
EX1,013,009,WOT Relay,4.6L,054,003,,,,,
EX1,013,009,WOT Relay,5.4L,054,003,,,,,
EX1,013,009,WOT Relay,5.4L NGV,054,003,,,,,
EX1,013,010,C250,,013,007,D,,,,
EX1,013,010,Central Junction Box,,013,009,,,,,
EX1,013,010,Generic Electronic Module (GEM),,059,001,,,,,
EX1,013,010,Instrument Cluster,,062,002,,,,,
EX1,013,010,Radio,,130,001,,,,,
EX1,013,010,Radio,,130,002,,,,,
EX1,013,010,Rear Air Suspension (RAS) Module,,041,001,,,,,
EX1,013,010,Remote Anti-Theft Personality (RAP) Module,,117,001,,,,,
EX1,013,010,Shift Lock Actuator,,037,001,,,,,
EX1,013,010,Washer Pump Relay,4.2L,081,002,,,,,
EX1,013,010,Washer Pump Relay,4.6L,081,002,,,,,
EX1,013,010,Washer Pump Relay,5.4L,081,002,,,,,
EX1,013,010,Washer Pump Relay,5.4L NGV,081,002,,,,,
EX1,013,010,Windshield Wiper Motor,4.2L,081,002,,,,,
EX1,013,010,Windshield Wiper Motor,4.6L,081,002,,,,,
EX1,013,010,Windshield Wiper Motor,5.4L,081,002,,,,,
EX1,013,010,Windshield Wiper Motor,5.4L NGV,081,002,,,,,
EX1,013,010,Wiper High/Low Relay,4.2L,081,002,,,,,
EX1,013,010,Wiper High/Low Relay,4.6L,081,002,,,,,
EX1,013,010,Wiper High/Low Relay,5.4L,081,002,,,,,
EX1,013,010,Wiper High/Low Relay,5.4L NGV,081,002,,,,,
EX1,013,010,Wiper Run/Park Relay,4.2L,081,002,,,,,
EX1,013,010,Wiper Run/Park Relay,4.6L,081,002,,,,,
EX1,013,010,Wiper Run/Park Relay,5.4L,081,002,,,,,
EX1,013,010,Wiper Run/Park Relay,5.4L NGV,081,002,,,,,
EX1,013,011,C245,,013,017,M,,,,
EX1,013,011,C245,,013,017,L,,,,
EX1,013,011,Left Front Park/Turn Lamp,4.2L,092,001,,,,,
EX1,013,011,Left Front Park/Turn Lamp,4.6L,092,001,,,,,
EX1,013,011,Left Front Park/Turn Lamp,5.4L,092,001,,,,,
EX1,013,011,Left Front Park/Turn Lamp,5.4L NGV,092,001,,,,,
EX1,013,011,Left License Lamp,,092,002,,,,,
EX1,013,011,Left Stop/Park/Turn Lamp,,092,002,,,,,
EX1,013,011,Left Tail/Side Lamp,,092,002,,,,,
EX1,013,011,License Lamp,,092,002,,,,,
EX1,013,011,Park Lamp Relay,,087,001,,,,,
EX1,013,011,Right Front Park/Turn Lamp,4.2L,092,001,,,,,
EX1,013,011,Right Front Park/Turn Lamp,4.6L,092,001,,,,,
EX1,013,011,Right Front Park/Turn Lamp,5.4L,092,001,,,,,
EX1,013,011,Right Front Park/Turn Lamp,5.4L NGV,092,001,,,,,
EX1,013,011,Right License Lamp,,092,002,,,,,
EX1,013,011,Right Stop/Park/Turn Lamp,,092,002,,,,,
EX1,013,011,Right Tail/Side Lamp,,092,002,,,,,
EX1,013,011,Trailer Tow,Heavy Duty,095,003,,,,,
EX1,013,011,Trailer Tow Running Lamp Relay,4.2L,095,003,,,,,
EX1,013,011,Trailer Tow Running Lamp Relay,4.6L,095,003,,,,,
EX1,013,011,Trailer Tow Running Lamp Relay,5.4L,095,003,,,,,
EX1,013,011,Trailer Tow Running Lamp Relay,5.4L NGV,095,003,,,,,
EX1,013,012,Autolamp Module,,087,001,,,,,
EX1,013,012,C250,,013,007,E,,,,
EX1,013,012,Ignition Coil,,021,002,,,,,
EX1,013,012,Ignition Coils 1 and 2,4.6L,021,003,,,,,
EX1,013,012,Ignition Coils 3 and 4,4.6L,021,003,,,,,
EX1,013,012,Instrument Cluster,,062,001,,,,,
EX1,013,012,NGV Timer Jumper,,021,004,,,,,
EX1,013,012,NGV Timer Jumper,,026,009,,,,,
EX1,013,012,Passive Anti-Theft System (PATS) Transceiver Module,,112,001,,,,,
EX1,013,012,PCM Power Diode,4.2L,023,001,,,,,
EX1,013,012,PCM Power Diode,4.6L,024,001,,,,,
EX1,013,012,PCM Power Diode,5.4L,025,001,,,,,
EX1,013,012,PCM Power Diode,5.4L,027,001,,,,,
EX1,013,012,PCM Power Diode,5.4L NGV,026,001,,,,,
EX1,013,012,PCM Power Diode,5.4L,022,001,,,,,
EX1,013,012,PCM Power Relay,4.2L,023,001,,,,,
EX1,013,012,PCM Power Relay,4.6L,024,001,,,,,
EX1,013,012,PCM Power Relay,5.4L,025,001,,,,,
EX1,013,012,PCM Power Relay,5.4L,027,001,,,,,
EX1,013,012,PCM Power Relay,5.4L NGV,026,001,,,,,
EX1,013,012,PCM Power Relay,5.4L,022,001,,,,,
EX1,013,012,Radio Noise Capacitor #1,4.2L,021,002,,,,,
EX1,013,012,Radio Noise Capacitor #1,4.6L,021,003,,,,,
EX1,013,012,Radio Noise Capacitor #2,4.6L,021,003,,,,,
EX1,013,012,S117,5.4L,013,013,H,,,,
EX1,013,012,Transmission Control Switch (TCS),,029,002,,,,,
EX1,013,012,Transmission Control Switch (TCS),,030,002,,,,,
EX1,013,013,C120,5.4L,013,012,H,,,,
EX1,013,013,C120,5.4L NGV,013,012,H,,,,
EX1,013,013,Coil On Plug #1,5.4L,021,004,,,,,
EX1,013,013,Coil On Plug #1,5.4L NGV,021,004,,,,,
EX1,013,013,Coil On Plug #2,5.4L,021,004,,,,,
EX1,013,013,Coil On Plug #2,5.4L NGV,021,004,,,,,
EX1,013,013,Coil On Plug #3,5.4L,021,004,,,,,
EX1,013,013,Coil On Plug #3,5.4L NGV,021,004,,,,,
EX1,013,013,Coil On Plug #4,5.4L,021,004,,,,,
EX1,013,013,Coil On Plug #4,5.4L NGV,021,004,,,,,
EX1,013,013,Coil On Plug #5,5.4L,021,004,,,,,
EX1,013,013,Coil On Plug #5,5.4L NGV,021,004,,,,,
EX1,013,013,Coil On Plug #6,5.4L,021,004,,,,,
EX1,013,013,Coil On Plug #6,5.4L NGV,021,004,,,,,
EX1,013,013,Coil On Plug #7,5.4L,021,004,,,,,
EX1,013,013,Coil On Plug #7,5.4L NGV,021,004,,,,,
EX1,013,013,Coil On Plug #8,5.4L,021,004,,,,,
EX1,013,013,Coil On Plug #8,5.4L NGV,021,004,,,,,
EX1,013,013,Radio Noise Capacitor #1,5.4L,021,004,,,,,
EX1,013,013,Radio Noise Capacitor #1,5.4L NGV,021,004,,,,,
EX1,013,013,Radio Noise Capacitor #2,5.4L,021,004,,,,,
EX1,013,013,Radio Noise Capacitor #2,5.4L NGV,021,004,,,,,
EX1,013,014,C250,,013,007,F,,,,
EX1,013,014,C250,,013,007,G,,,,
EX1,013,014,Central Junction Box,,013,015,,,,,
EX1,013,014,Clutch Pedal Position (CPP) Switch Jumper,Automatic,020,001,,,,,
EX1,013,014,Function Selector Switch Assembly,W/ AC,054,001,,,,,
EX1,013,014,Function Selector Switch Assembly,W/O AC,054,001,,,,,
EX1,013,014,Generic Electronic Module (GEM),,059,001,,,,,
EX1,013,014,Passenger Air Bag Deactivation (PAD) Switch,,046,002,,,,,
EX1,013,014,Powertrain Control Module (PCM),4.2L,023,002,,,,,
EX1,013,014,Powertrain Control Module (PCM),4.6L,024,002,,,,,
EX1,013,014,Powertrain Control Module (PCM),5.4L,025,002,,,,,
EX1,013,014,Powertrain Control Module (PCM),5.4L Lightning,027,002,,,,,
EX1,013,014,Powertrain Control Module (PCM),5.4L Bi-Fuel,022,002,,,,,
EX1,013,014,Radio,,130,001,,,,,
EX1,013,014,Radio,,130,002,,,,,
EX1,013,014,Restraints Control Module (RCM),,046,001,,,,,
EX1,013,015,4 Wheel Anti-Lock Brake System (4WABS) Module,4.2L,042,003,,,,,
EX1,013,015,4 Wheel Anti-Lock Brake System (4WABS) Module,4.6L,042,003,,,,,
EX1,013,015,4 Wheel Anti-Lock Brake System (4WABS) Module,5.4L,042,003,,,,,
EX1,013,015,4 Wheel Anti-Lock Brake System (4WABS) Module,5.4L NGV,042,003,,,,,
EX1,013,015,4x2 Center Axle Disconnect Solenoid,4.2L,034,003,,,,,
EX1,013,015,4x2 Center Axle Disconnect Solenoid,4.6L,034,003,,,,,
EX1,013,015,4x2 Center Axle Disconnect Solenoid,5.4L,034,003,,,,,
EX1,013,015,4x2 Center Axle Disconnect Solenoid,5.4L NGV,034,003,,,,,
EX1,013,015,4x4 Center Axle Disconnect Solenoid,4.2L,034,003,,,,,
EX1,013,015,4x4 Center Axle Disconnect Solenoid,4.6L,034,003,,,,,
EX1,013,015,4x4 Center Axle Disconnect Solenoid,5.4L,034,003,,,,,
EX1,013,015,4x4 Center Axle Disconnect Solenoid,5.4L NGV,034,003,,,,,
EX1,013,015,4x4 Center Axle Disconnect Solenoid,4.2L,034,004,,,,,
EX1,013,015,4x4 Center Axle Disconnect Solenoid,4.6L,034,004,,,,,
EX1,013,015,4x4 Center Axle Disconnect Solenoid,5.4L,034,004,,,,,
EX1,013,015,4x4 Center Axle Disconnect Solenoid,5.4L NGV,034,004,,,,,
EX1,013,015,Central Junction Box,,013,014,,,,,
EX1,013,015,Flasher Relay,,090,001,,,,,
EX1,013,015,Shift On The Fly Relay,,034,004,,,,,
EX1,013,017,Fog Lamps,,086,002,,,,,
EX1,013,017,Generic Electronic Module (GEM),,059,002,,,,,
EX1,013,017,Grounds,,010,004,,,,,
EX1,013,017,Headlamps,,085,001,,,,,
EX1,013,017,Instrument Illumination,,071,001,,,,,
EX1,013,017,Main Light Switch,,149,002,,,,,
EX1,013,017,Power Distribution,,013,002,,,,,
EX1,013,017,S224,,013,011,M,,,,
EX1,014,001,4 Wheel Anti-Lock Brake System (4WABS) Module,4.2L,042,004,,,,,
EX1,014,001,4 Wheel Anti-Lock Brake System (4WABS) Module,4.6L,042,004,,,,,
EX1,014,001,4 Wheel Anti-Lock Brake System (4WABS) Module,5.4L,042,004,,,,,
EX1,014,001,4 Wheel Anti-Lock Brake System (4WABS) Module,5.4L NGV,042,004,,,,,
EX1,014,001,Battery Junction Box,4.2L,013,004,,,,,
EX1,014,001,Battery Junction Box,4.6L,013,004,,,,,
EX1,014,001,Battery Junction Box,5.4L,013,004,,,,,
EX1,014,001,Battery Junction Box,5.4L NGV,013,004,,,,,
EX1,014,001,Central Junction Box,,013,008,,,,,
EX1,014,001,Generic Electronic Module (GEM),,059,001,,,,,
EX1,014,001,Grounds,,010,001,,,,,
EX1,014,001,Grounds,,010,003,,,,,
EX1,014,001,Power Distribution,,013,008,,,,,
EX1,014,001,Powertrain Control Module (PCM),4.2L,023,002,,,,,
EX1,014,001,Powertrain Control Module (PCM),4.6L,024,002,,,,,
EX1,014,001,Powertrain Control Module (PCM),5.4L,025,002,,,,,
EX1,014,001,Powertrain Control Module (PCM),5.4L Lightning,027,002,,,,,
EX1,014,001,Powertrain Control Module (PCM),5.4L NGV,026,002,,,,,
EX1,014,001,Powertrain Control Module (PCM),5.4L Bi-Fuel,022,002,,,,,
EX1,014,001,Remote Anti-Theft Personality (RAP) Module,,117,002,,,,,
EX1,014,001,Restraints Control Module (RCM),,046,001,,,,,
EX1,014,002,Bi-Fuel Control Module,,022,011,,,,,
EX1,014,002,Instrument Cluster,,062,002,,,,,
EX1,014,002,NGV Module,,026,009,,,,,
EX1,014,002,Powertrain Control Module (PCM),4.2L,023,002,,,,,
EX1,021,001,Engine Controls,,027,001,,,,,
EX1,021,001,Engine Controls,,026,001,,,,,
EX1,021,001,Grounds,,010,001,,,,,
EX1,021,001,Grounds,,010,006,,,,,
EX1,021,001,Power Distribution,,013,012,,,,,
EX1,021,001,Powertrain Control Module (PCM),4.2L,023,002,,,,,
EX1,021,001,Powertrain Control Module (PCM),4.2L,023,003,,,,,
EX1,021,001,Powertrain Control Module (PCM),4.6L,024,003,,,,,
EX1,021,001,Powertrain Control Module (PCM),4.6L,024,002,,,,,
EX1,021,001,Powertrain Control Module (PCM),5.4L,025,003,,,,,
EX1,021,001,Powertrain Control Module (PCM),5.4L,025,002,,,,,
EX1,021,001,Powertrain Control Module (PCM),5.4L Lightning,027,003,,,,,
EX1,021,001,Powertrain Control Module (PCM),5.4L NGV,026,003,,,,,
EX1,021,001,Powertrain Control Module (PCM),5.4L NGV,026,002,,,,,
EX1,021,001,Powertrain Control Module (PCM),5.4L Bi-Fuel,022,003,,,,,
EX1,021,001,Powertrain Control Module (PCM),5.4L Bi-Fuel,022,002,,,,,
EX1,021,002,Powertrain Control Module (PCM),4.2L,023,003,,,,,
EX1,021,002,S116,,021,001,B,,,,
EX1,021,003,Powertrain Control Module (PCM),4.6L,024,003,,,,,
EX1,021,003,S116,,021,001,B,,,,
EX1,021,004,NGV Timer Jumper,,026,009,,,,,
EX1,021,004,Powertrain Control Module (PCM),5.4L,025,003,,,,,
EX1,021,004,Powertrain Control Module (PCM),5.4L Lightning,027,003,,,,,
EX1,021,004,Powertrain Control Module (PCM),5.4L NGV,026,003,,,,,
EX1,021,004,Powertrain Control Module (PCM),5.4L Bi-Fuel,022,003,,,,,
EX1,021,004,S116,,021,001,B,,,,
EX1,022,001,Battery Junction Box,5.4L,013,006,,,,,
EX1,022,001,Battery Junction Box,5.4L,013,012,,,,,
EX1,022,001,C172,5.4L,022,008,D,,,,
EX1,022,001,Central Junction Box,,013,008,,,,,
EX1,022,001,Central Junction Box,,013,012,,,,,
EX1,022,001,Grounds,,010,001,,,,,
EX1,022,001,Grounds,,010,006,,,,,
EX1,022,001,Power Distribution,,013,008,,,,,
EX1,022,006,C107,5.4L,022,001,E,,,,
EX1,022,006,C108,5.4L,022,004,N,,,,
EX1,022,006,C109,5.4L,022,004,A,,,,
EX1,022,006,C120,5.4L,022,005,G,,,,
EX1,022,006,C124,5.4L,022,001,S,,,,
EX1,022,006,C150,5.4L,022,007,W,,,,
EX1,022,006,C150,5.4L,022,007,M,,,,
EX1,022,006,C172,5.4L,022,002,P,,,,
EX1,022,006,C172,5.4L,022,008,F,,,,
EX1,022,006,C172,5.4L,022,008,O,,,,
EX1,022,006,C4037,,022,014,X,,,,
EX1,022,006,C4037,,022,014,Y,,,,
EX1,022,007,Battery Junction Box,5.4L,013,004,,,,,
EX1,022,007,Instrument Cluster,,062,002,,,,,
EX1,022,007,Instrument Cluster,,062,003,,,,,
EX1,022,007,S127,,022,002,B,,,,
EX1,022,007,S137,,022,006,W,,,,
EX1,022,007,S138,,022,006,M,,,,
EX1,022,007,S4005,,022,012,AA,,,,
EX1,022,007,Transmission Controls,,029,002,,,,,
EX1,022,007,Transmission Controls,,029,003,,,,,
EX1,022,007,Transmission Controls,,029,004,,,,,
EX1,022,007,Transmission Controls,,030,002,,,,,
EX1,022,008,4R100 Transmission,4x2,030,004,,,,,
EX1,022,008,4R100 Transmission,4x4,030,004,,,,,
EX1,022,008,4R70W Transmission,4x2,029,004,,,,,
EX1,022,008,4R70W Transmission,4x4,029,004,,,,,
EX1,022,008,Battery Junction Box,5.4L,022,001,D,,,,
EX1,022,008,Digital Transmission Range (DTR) Sensor,4R100 (4x2),029,003,,,,,
EX1,022,008,Digital Transmission Range (DTR) Sensor,4R100 (4x4),029,003,,,,,
EX1,022,008,Digital Transmission Range (DTR) Sensor,4R70W (4x2),029,003,,,,,
EX1,022,008,Digital Transmission Range (DTR) Sensor,4R70W (4x4),029,003,,,,,
EX1,022,008,Digital Transmission Range (DTR) Sensor,4R100 (4x2),030,003,,,,,
EX1,022,008,Digital Transmission Range (DTR) Sensor,4R100 (4x4),030,003,,,,,
EX1,022,008,Digital Transmission Range (DTR) Sensor,4R70W (4x2),030,003,,,,,
EX1,022,008,Digital Transmission Range (DTR) Sensor,4R70W (4x4),030,003,,,,,
EX1,023,001,Grounds,,010,006,,,,,
EX1,023,001,Power Distribution,,013,008,,,,,
EX1,023,001,Power Distribution,,013,012,,,,,
EX1,023,001,S127,,023,002,J,,,,
EX1,023,001,S135,4.2L,023,006,S,,,,
EX1,023,001,S135,4.2L,023,006,E,,,,
EX1,023,001,S155,,023,004,K,,,,
EX1,023,002,Battery Junction Box,4.2L,023,001,J,,,,
EX1,023,002,C120,4.2L,023,003,C,,,,
EX1,023,002,Central Junction Box,,013,014,,,,,
EX1,023,002,Data Link Connector (DLC),,014,001,,,,,
EX1,023,002,Data Link Connector (DLC),,014,002,,,,,
EX1,023,002,Fuel Pump Relay,4.2L,023,007,B,,,,
EX1,023,002,Grounds,,010,001,,,,,
EX1,023,002,Multiplex Communication Network,,014,002,,,,,
EX1,023,002,Power Distribution,,013,014,,,,,
EX1,023,003,Air Conditioner/Heater,,054,002,,,,,
EX1,023,003,Ignition System,,021,001,,,,,
EX1,023,003,Ignition System,,021,002,,,,,
EX1,023,003,S127,,023,002,C,,,,
EX1,023,003,Turn/Stop/Hazard Lamps,,090,004,,,,,
EX1,023,004,Battery Junction Box,4.2L,023,001,K,,,,
EX1,023,004,C100,4.2L,023,005,G,,,,
EX1,023,004,C198,,023,005,R,,,,
EX1,023,004,S135,4.2L,023,006,N,,,,
EX1,023,004,S135,4.2L,023,006,A,,,,
EX1,023,004,WOT Relay,4.2L,023,005,Q,,,,
EX1,023,005,Air Conditioner/Heater,,054,003,,,,,
EX1,023,005,Central Junction Box,,013,009,,,,,
EX1,023,005,Grounds,,010,001,,,,,
EX1,023,005,Grounds,,010,002,,,,,
EX1,023,005,Power Distribution,,013,009,,,,,
EX1,023,005,S154,,023,004,G,,,,
EX1,023,005,S154,,023,004,R,,,,
EX1,023,005,S155,,023,004,Q,,,,
EX1,023,005,WOT Relay,4.2L,054,003,,,,,
EX1,023,006,C107,4.2L,023,001,E,,,,
EX1,023,006,C108,4.2L,023,004,N,,,,
EX1,023,006,C109,4.2L,023,004,A,,,,
EX1,023,006,C150,4.2L,023,007,L,,,,
EX1,023,006,C150,4.2L,023,007,M,,,,
EX1,023,006,C172,4.2L,023,008,O,,,,
EX1,023,006,C172,4.2L,023,008,F,,,,
EX1,024,001,S135,4.6L,024,006,E,,,,
EX1,024,001,S155,,024,004,K,,,,
EX1,024,002,Battery Junction Box,4.6L,024,001,J,,,,
EX1,024,002,C120,4.6L,024,003,C,,,,
EX1,024,002,C243,,013,014,C,,,,
EX1,024,002,Data Link Connector (DLC),,014,001,,,,,
EX1,024,002,Data Link Connector (DLC),,014,002,,,,,
EX1,024,002,Fuel Pump Relay,4.6L,024,007,B,,,,
EX1,024,002,Grounds,,010,001,,,,,
EX1,024,002,Multiplex Communication Network,,014,002,,,,,
EX1,024,002,Power Distribution,,013,014,,,,,
EX1,024,002,S131,4.6L,024,003,L,,,,
EX1,024,002,S131,4.6L,024,003,Z,,,,
EX1,024,003,Air Conditioner/Heater,,054,002,,,,,
EX1,024,003,C131,4.6L,024,002,Z,,,,
EX1,024,003,C132,4.6L,024,002,L,,,,
EX1,024,003,Ignition System,,021,001,,,,,
EX1,024,003,Ignition System,,021,003,,,,,
EX1,024,003,S127,,024,002,C,,,,
EX1,024,003,Turn/Stop/Hazard Lamps,,090,004,,,,,
EX1,024,004,Battery Junction Box,4.6L,024,001,K,,,,
EX1,024,004,C118,,024,005,R,,,,
EX1,024,004,S135,4.6L,024,006,A,,,,
EX1,024,004,S135,4.6L,024,006,N,,,,
EX1,024,004,WOT Relay,4.6L,024,005,Q,,,,
EX1,024,005,Air Conditioner/Heater,,054,003,,,,,
EX1,024,005,Central Junction Box,,013,009,,,,,
EX1,024,005,Grounds,,010,001,,,,,
EX1,024,005,Power Distribution,,013,009,,,,,
EX1,024,005,S138,,024,006,G,,,,
EX1,024,005,S154,,024,004,R,,,,
EX1,024,005,S155,,024,004,Q,,,,
EX1,024,005,WOT Relay,4.6L,054,003,,,,,
EX1,024,006,C107,4.6L,024,001,E,,,,
EX1,024,006,C108,4.6L,024,004,N,,,,
EX1,024,006,C109,4.6L,024,004,A,,,,
EX1,024,006,C120,4.6L,024,005,G,,,,
EX1,024,006,C124,4.6L,024,001,S,,,,
EX1,024,006,C150,4.6L,024,007,W,,,,
EX1,024,006,C150,4.6L,024,007,M,,,,
EX1,024,006,C172,4.6L,024,008,O,,,,
EX1,024,006,C172,4.6L,024,008,F,,,,
EX1,024,007,Battery Junction Box,4.6L,013,004,,,,,
EX1,025,002,Data Link Connector (DLC),,014,002,,,,,
EX1,025,002,Fuel Pump Relay,5.4L,025,007,B,,,,
EX1,025,002,Grounds,,010,001,,,,,
EX1,025,002,Multiplex Communication Network,,014,002,,,,,
EX1,025,002,Power Distribution,,013,014,,,,,
EX1,025,002,S131,5.4L,025,003,L,,,,
EX1,025,002,S131,5.4L,025,003,Z,,,,
EX1,025,002,S138,,025,006,P,,,,
EX1,025,003,Air Conditioner/Heater,,054,002,,,,,
EX1,025,003,Air Conditioner/Heater,,054,002,,,,,
EX1,025,003,C131,5.4L,025,002,Z,,,,
EX1,025,003,C132,5.4L,025,002,L,,,,
EX1,025,003,Ignition System,,021,001,,,,,
EX1,025,003,Ignition System,,021,004,,,,,
EX1,025,003,S127,,025,002,C,,,,
EX1,025,003,Turn/Stop/Hazard Lamps,,090,004,,,,,
EX1,025,004,Battery Junction Box,5.4L,025,001,K,,,,
EX1,025,004,C118,,025,005,R,,,,
EX1,025,004,S135,5.4L,025,006,N,,,,
EX1,025,004,S135,5.4L,025,006,A,,,,
EX1,025,004,WOT Relay,5.4L,025,005,Q,,,,
EX1,025,005,Air Conditioner/Heater,,054,003,,,,,
EX1,025,005,Central Junction Box,,013,009,,,,,
EX1,025,005,Grounds,,010,001,,,,,
EX1,025,005,Power Distribution,,013,009,,,,,
EX1,025,005,S138,,025,006,G,,,,
EX1,025,005,S154,,025,004,R,,,,
EX1,025,005,S155,,025,004,Q,,,,
EX1,025,005,WOT Relay,5.4L,054,003,,,,,
EX1,025,006,C107,5.4L,025,001,E,,,,
EX1,025,006,C108,5.4L,025,004,N,,,,
EX1,025,006,C109,5.4L,025,004,A,,,,
EX1,025,006,C120,5.4L,025,005,G,,,,
EX1,025,006,C124,5.4L,025,001,S,,,,
EX1,025,006,C150,5.4L,025,007,W,,,,
EX1,025,006,C150,5.4L,025,007,M,,,,
EX1,025,006,C172,5.4L,025,002,P,,,,
EX1,025,006,C172,5.4L,025,008,F,,,,
EX1,025,006,C172,5.4L,025,008,O,,,,
EX1,025,007,Battery Junction Box,5.4L,013,004,,,,,
EX1,025,007,Grounds,,010,006,,,,,
EX1,025,007,Grounds,,010,009,,,,,
EX1,025,007,Instrument Cluster,,062,002,,,,,
EX1,026,001,Grounds,,010,001,,,,,
EX1,026,001,Grounds,,010,006,,,,,
EX1,026,001,Power Distribution,,013,008,,,,,
EX1,026,001,Power Distribution,,013,012,,,,,
EX1,026,001,S127,,026,002,J,,,,
EX1,026,001,S135,5.4L NGV,026,006,S,,,,
EX1,026,001,S135,5.4L NGV,026,006,E,,,,
EX1,026,001,S155,,026,004,K,,,,
EX1,026,002,Battery Junction Box,5.4L NGV,026,001,J,,,,
EX1,026,002,C120,5.4L NGV,026,003,C,,,,
EX1,026,002,C197,,026,009,H,,,,
EX1,026,002,C197,,026,009,I,,,,
EX1,026,002,Data Link Connector (DLC),,014,001,,,,,
EX1,026,002,Data Link Connector (DLC),,014,002,,,,,
EX1,026,002,Fuel Pump Relay,5.4L NGV,026,007,B,,,,
EX1,026,002,Grounds,,010,001,,,,,
EX1,026,002,Multiplex Communication Network,,014,002,,,,,
EX1,026,002,S131,5.4L NGV,026,003,Z,,,,
EX1,026,002,S131,5.4L NGV,026,003,L,,,,
EX1,026,003,Air Conditioner/Heater,,054,002,,,,,
EX1,026,003,C131,5.4L NGV,026,002,Z,,,,
EX1,026,003,C132,5.4L NGV,026,002,L,,,,
EX1,026,003,Ignition System,,021,001,,,,,
EX1,026,003,Ignition System,,021,004,,,,,
EX1,026,003,S127,,026,002,C,,,,
EX1,026,003,Turn/Stop/Hazard Lamps,,090,004,,,,,
EX1,026,004,Battery Junction Box,5.4L NGV,026,001,K,,,,
EX1,026,004,C120,5.4L NGV,026,005,R,,,,
EX1,026,004,S141,,026,008,N,,,,
EX1,026,004,S141,,026,008,A,,,,
EX1,026,004,WOT Relay,5.4L NGV,026,005,Q,,,,
EX1,026,005,Air Conditioner/Heater,,054,003,,,,,
EX1,026,005,Central Junction Box,,013,009,,,,,
EX1,026,005,Grounds,,010,001,,,,,
EX1,026,005,Power Distribution,,013,009,,,,,
EX1,026,005,S138,,026,006,G,,,,
EX1,026,005,S155,,026,004,R,,,,
EX1,026,005,S155,,026,004,Q,,,,
EX1,026,005,WOT Relay,5.4L NGV,054,003,,,,,
EX1,026,006,C107,5.4L NGV,026,001,E,,,,
EX1,026,006,C120,5.4L NGV,026,005,G,,,,
EX1,026,006,C124,5.4L NGV,026,001,S,,,,
EX1,013,015,Trailer Tow Battery Charge Relay,4.2L,095,002,,,,,
EX1,013,015,Trailer Tow Battery Charge Relay,4.6L,095,002,,,,,
EX1,013,015,Trailer Tow Battery Charge Relay,5.4L,095,002,,,,,
EX1,013,015,Trailer Tow Battery Charge Relay,5.4L NGV,095,002,,,,,
EX1,013,015,Transfer Case Electric Clutch Relay,,034,002,,,,,
EX1,013,016,ACC Delay Relay,,100,001,,,,,
EX1,013,016,Bi-Fuel Control Module,,022,010,,,,,
EX1,013,016,Bi-Fuel Power Relay,,022,009,,,,,
EX1,013,016,Bi-Fuel Relay Module,,022,009,,,,,
EX1,013,016,Brake Pedal Position (BPP) Switch,,090,004,,,,,
EX1,013,016,C159,,013,006,B,,,,
EX1,013,016,C166,4.2L,013,001,YY,,,,
EX1,013,016,C166,4.6L,013,001,YY,,,,
EX1,013,016,C166,5.4L,013,001,YY,,,,
EX1,013,016,C166,4.2L,013,001,XX,,,,
EX1,013,016,C166,4.6L,013,001,XX,,,,
EX1,013,016,C166,5.4L,013,001,XX,,,,
EX1,013,016,C166,4.2L,013,001,W,,,,
EX1,013,016,C166,4.6L,013,001,W,,,,
EX1,013,016,C166,5.4L,013,001,W,,,,
EX1,013,016,Central Junction Box,,013,009,,,,,
EX1,013,016,Cold Start Heater Relay,,022,012,,,,,
EX1,013,016,Compuvalve Module,,022,009,,,,,
EX1,013,016,Daytime Running Lamps (DRL) Relay #2,,097,002,,,,,
EX1,013,016,Fuse Link C,,022,012,,,,,
EX1,013,016,In-Line Fuse,,022,010,,,,,
EX1,013,016,Rear Anti-Lock Brake System (RABS) Module,,042,001,,,,,
EX1,013,016,S222,,013,009,K,,,,
EX1,013,017,Autolamps,,087,002,,,,,
EX1,013,017,Battery Junction Box,4.2L,013,002,,,,,
EX1,013,017,Battery Junction Box,4.6L,013,002,,,,,
EX1,013,017,Battery Junction Box,5.4L,013,002,,,,,
EX1,013,017,Battery Junction Box,5.4L NGV,013,002,,,,,
EX1,013,017,C242,,013,011,L,,,,
EX1,013,017,Central Timer Module (CTM),,059,002,,,,,
EX1,013,017,Courtesy Lamps,,089,001,,,,,
EX1,013,017,Daytime Running Lamps,,097,001,,,,,
EX1,013,017,Fog Lamps,,086,001,,,,,
EX1,014,002,Powertrain Control Module (PCM),4.6L,024,002,,,,,
EX1,014,002,Powertrain Control Module (PCM),5.4L,025,002,,,,,
EX1,014,002,Powertrain Control Module (PCM),5.4L Lightning,027,002,,,,,
EX1,014,002,Powertrain Control Module (PCM),5.4L NGV,026,002,,,,,
EX1,014,002,Powertrain Control Module (PCM),5.4L Bi-Fuel,022,002,,,,,
EX1,020,001,Central Junction Box,,013,014,,,,,
EX1,020,001,Grounds,,010,001,,,,,
EX1,020,001,NGV Timer Jumper,,026,009,,,,,
EX1,020,001,Power Distribution,,013,014,,,,,
EX1,020,001,Speed Control,,031,002,,,,,
EX1,020,001,Turn/Stop/Hazard Lamps,,090,004,,,,,
EX1,021,001,Battery Junction Box,4.2L,013,006,,,,,
EX1,021,001,Battery Junction Box,4.6L,013,006,,,,,
EX1,021,001,Battery Junction Box,5.4L,013,006,,,,,
EX1,021,001,Battery Junction Box,5.4L NGV,013,006,,,,,
EX1,021,001,Battery Junction Box,4.2L,013,012,,,,,
EX1,021,001,Battery Junction Box,4.6L,013,012,,,,,
EX1,021,001,Battery Junction Box,5.4L,013,012,,,,,
EX1,021,001,Battery Junction Box,5.4L NGV,013,012,,,,,
EX1,021,001,C120,4.2L,021,002,B,,,,
EX1,021,001,C120,4.6L,021,002,B,,,,
EX1,021,001,C120,5.4L,021,002,B,,,,
EX1,021,001,C120,5.4L NGV,021,002,B,,,,
EX1,021,001,C120,4.2L,021,003,B,,,,
EX1,021,001,C120,4.6L,021,003,B,,,,
EX1,021,001,C120,5.4L,021,003,B,,,,
EX1,021,001,C120,5.4L NGV,021,003,B,,,,
EX1,021,001,C120,4.2L,021,004,B,,,,
EX1,021,001,C120,4.6L,021,004,B,,,,
EX1,021,001,C120,5.4L,021,004,B,,,,
EX1,021,001,C120,5.4L NGV,021,004,B,,,,
EX1,021,001,C196,,021,004,B,,,,
EX1,021,001,C4044,,022,022,,,,,
EX1,021,001,Central Junction Box,,013,012,,,,,
EX1,021,001,Engine Controls,,022,001,,,,,
EX1,021,001,Engine Controls,,023,001,,,,,
EX1,021,001,Engine Controls,,024,001,,,,,
EX1,021,001,Engine Controls,,025,001,,,,,
EX1,022,001,Power Distribution,,013,012,,,,,
EX1,022,001,S127,,022,002,J,,,,
EX1,022,001,S135,5.4L,022,006,E,,,,
EX1,022,001,S135,5.4L,022,006,S,,,,
EX1,022,001,S155,,022,004,K,,,,
EX1,022,002,Battery Junction Box,5.4L,022,001,J,,,,
EX1,022,002,C4001,,022,011,H,,,,
EX1,022,002,C4001,,022,011,I,,,,
EX1,022,002,C4203,,022,003,C,,,,
EX1,022,002,Central Junction Box,,013,014,,,,,
EX1,022,002,Data Link Connector (DLC),,014,001,,,,,
EX1,022,002,Data Link Connector (DLC),,014,002,,,,,
EX1,022,002,Fuel Pump Relay,5.4L,022,007,B,,,,
EX1,022,002,Grounds,,010,001,,,,,
EX1,022,002,Multiplex Communication Network,,014,002,,,,,
EX1,022,002,Power Distribution,,013,014,,,,,
EX1,022,002,S131,5.4L,022,003,L,,,,
EX1,022,002,S131,5.4L,022,003,Z,,,,
EX1,022,002,S138,,022,006,P,,,,
EX1,022,003,Air Conditioner/Heater,,054,002,,,,,
EX1,022,003,Air Conditioner/Heater,,054,002,,,,,
EX1,022,003,C131,5.4L,022,002,Z,,,,
EX1,022,003,C132,5.4L,022,002,L,,,,
EX1,022,003,Ignition System,,021,001,,,,,
EX1,022,003,Ignition System,,021,004,,,,,
EX1,022,003,S127,,022,002,C,,,,
EX1,022,003,S4000,,022,009,T,,,,
EX1,022,003,Turn/Stop/Hazard Lamps,,090,004,,,,,
EX1,022,004,Battery Junction Box,5.4L,022,001,K,,,,
EX1,022,004,C118,,022,005,R,,,,
EX1,022,004,C4037,,022,014,U,,,,
EX1,022,004,C4037,,022,014,V,,,,
EX1,022,004,S135,5.4L,022,006,N,,,,
EX1,022,004,S135,5.4L,022,006,A,,,,
EX1,022,004,WOT Relay,5.4L,022,005,Q,,,,
EX1,022,005,Air Conditioner/Heater,,054,003,,,,,
EX1,022,005,Central Junction Box,,013,009,,,,,
EX1,022,005,Grounds,,010,001,,,,,
EX1,022,005,Power Distribution,,013,009,,,,,
EX1,022,005,S138,,022,006,G,,,,
EX1,022,005,S154,,022,004,R,,,,
EX1,022,005,S155,,022,004,Q,,,,
EX1,022,005,WOT Relay,5.4L,054,003,,,,,
EX1,022,008,Electric Shift Control,,034,001,,,,,
EX1,022,008,Electric Shift Control,,034,004,,,,,
EX1,022,008,Generic Electronic Module (GEM),,059,003,,,,,
EX1,022,008,Radio,,130,003,,,,,
EX1,022,008,Rear Air Suspension (RAS) Module,,041,002,,,,,
EX1,022,008,S138,,022,006,O,,,,
EX1,022,008,S138,,022,006,F,,,,
EX1,022,008,Speed Control Servo,5.4L,031,002,,,,,
EX1,022,009,Bi-Fuel Power Relay,,013,016,,,,,
EX1,022,009,Bi-Fuel Relay Module,,022,010,ZZ,,,,
EX1,022,009,Bi-Fuel Relay Module,,022,011,XX,,,,
EX1,022,009,Bi-Fuel Relay Module,,013,016,,,,,
EX1,022,009,C4001,,022,010,BB,,,,
EX1,022,009,C4035,,022,010,RR,,,,
EX1,022,009,S4001,,022,003,T,,,,
EX1,022,009,S4006,,022,012,CC,,,,
EX1,022,010,Bi-Fuel Control Module,,013,016,,,,,
EX1,022,010,Bi-Fuel Power Relay,,022,009,ZZ,,,,
EX1,022,010,In-Line Fuse,,013,016,,,,,
EX1,022,010,Resistor,,022,009,RR,,,,
EX1,022,010,S4000,,022,009,BB,,,,
EX1,022,011,C4044,,022,022,R,,,,
EX1,022,011,Fuel Pump Cutoff Relay,,022,009,XX,,,,
EX1,022,011,Grounds,,010,006,,,,,
EX1,022,011,Grounds,,010,009,,,,,
EX1,022,011,S4003,,022,002,H,,,,
EX1,022,011,S4004,,022,002,I,,,,
EX1,022,012,C4019,,022,009,CC,,,,
EX1,022,012,C4302,LPG,022,007,AA,,,,
EX1,022,012,Cold Start Heater Relay,,013,016,,,,,
EX1,022,012,Fuse Link C,,013,016,,,,,
EX1,022,014,S4018,,022,004,U,,,,
EX1,022,014,S4019,,022,004,V,,,,
EX1,022,014,S4020,,022,006,X,,,,
EX1,022,014,S4021,,022,006,Y,,,,
EX1,022,022,G4002,,022,011,R,,,,
EX1,022,022,Grounds,,010,001,,,,,
EX1,023,001,Battery Junction Box,4.2L,013,006,,,,,
EX1,023,001,Battery Junction Box,4.2L,013,012,,,,,
EX1,023,001,C172,4.2L,023,008,D,,,,
EX1,023,001,Central Junction Box,,013,008,,,,,
EX1,023,001,Central Junction Box,,013,012,,,,,
EX1,023,001,Grounds,,010,001,,,,,
EX1,023,006,C179,4.2L,023,001,S,,,,
EX1,023,007,Battery Junction Box,4.2L,013,004,,,,,
EX1,023,007,Battery Junction Box,4.6L,013,004,,,,,
EX1,023,007,Battery Junction Box,5.4L,013,004,,,,,
EX1,023,007,Battery Junction Box,5.4L NGV,013,004,,,,,
EX1,023,007,Grounds,,010,006,,,,,
EX1,023,007,Grounds,,010,009,,,,,
EX1,023,007,Instrument Cluster,,062,002,,,,,
EX1,023,007,Instrument Cluster,,062,003,,,,,
EX1,023,007,S127,,023,002,B,,,,
EX1,023,007,S137,,023,006,L,,,,
EX1,023,007,S138,,023,006,M,,,,
EX1,023,007,Transmission Controls,,029,002,,,,,
EX1,023,007,Transmission Controls,,029,003,,,,,
EX1,023,007,Transmission Controls,,029,004,,,,,
EX1,023,008,4R70W Transmission,4x2,029,004,,,,,
EX1,023,008,4R70W Transmission,4x4,029,004,,,,,
EX1,023,008,Battery Junction Box,4.2L,023,001,D,,,,
EX1,023,008,Digital Transmission Range (DTR) Sensor,4R70W (4x2),029,003,,,,,
EX1,023,008,Digital Transmission Range (DTR) Sensor,4R70W (4x4),029,003,,,,,
EX1,023,008,Electric Shift Control,,034,001,,,,,
EX1,023,008,Electric Shift Control,,034,004,,,,,
EX1,023,008,Generic Electronic Module (GEM),,059,003,,,,,
EX1,023,008,Radio,,130,003,,,,,
EX1,023,008,Rear Air Suspension (RAS) Module,,041,002,,,,,
EX1,023,008,S138,,023,006,O,,,,
EX1,023,008,S138,,023,006,F,,,,
EX1,023,008,Speed Control Servo,4.2L,031,002,,,,,
EX1,024,001,Battery Junction Box,4.6L,013,006,,,,,
EX1,024,001,Battery Junction Box,4.6L,013,012,,,,,
EX1,024,001,C172,4.6L,024,008,D,,,,
EX1,024,001,Central Junction Box,,013,008,,,,,
EX1,024,001,Central Junction Box,,013,012,,,,,
EX1,024,001,Grounds,,010,001,,,,,
EX1,024,001,Grounds,,010,006,,,,,
EX1,024,001,Power Distribution,,013,008,,,,,
EX1,024,001,Power Distribution,,013,012,,,,,
EX1,024,001,S127,,024,002,J,,,,
EX1,024,001,S135,4.6L,024,006,S,,,,
EX1,024,007,Grounds,,010,006,,,,,
EX1,024,007,Grounds,,010,009,,,,,
EX1,024,007,Instrument Cluster,,062,002,,,,,
EX1,024,007,Instrument Cluster,,062,003,,,,,
EX1,024,007,S127,,024,002,B,,,,
EX1,024,007,S137,,024,006,W,,,,
EX1,024,007,S138,,024,006,M,,,,
EX1,024,007,Transmission Controls,,029,002,,,,,
EX1,024,007,Transmission Controls,,029,003,,,,,
EX1,024,007,Transmission Controls,,029,004,,,,,
EX1,024,008,4R70W Transmission,4x2,029,004,,,,,
EX1,024,008,4R70W Transmission,4x4,029,004,,,,,
EX1,024,008,Battery Junction Box,4.6L,024,001,D,,,,
EX1,024,008,Digital Transmission Range (DTR) Sensor,4R70W (4x2),029,003,,,,,
EX1,024,008,Digital Transmission Range (DTR) Sensor,4R70W (4x4),029,003,,,,,
EX1,024,008,Electric Shift Control,,034,001,,,,,
EX1,024,008,Electric Shift Control,,034,004,,,,,
EX1,024,008,Generic Electronic Module (GEM),,059,003,,,,,
EX1,024,008,Radio,,130,003,,,,,
EX1,024,008,Rear Air Suspension (RAS) Module,,041,002,,,,,
EX1,024,008,S138,,024,006,O,,,,
EX1,024,008,S138,,024,006,F,,,,
EX1,024,008,Speed Control Servo,4.6L,031,002,,,,,
EX1,025,001,Battery Junction Box,5.4L,013,006,,,,,
EX1,025,001,Battery Junction Box,5.4L,013,012,,,,,
EX1,025,001,C172,5.4L,025,008,D,,,,
EX1,025,001,Central Junction Box,,013,008,,,,,
EX1,025,001,Central Junction Box,,013,012,,,,,
EX1,025,001,Grounds,,010,001,,,,,
EX1,025,001,Grounds,,010,006,,,,,
EX1,025,001,Power Distribution,,013,008,,,,,
EX1,025,001,Power Distribution,,013,012,,,,,
EX1,025,001,S127,,025,002,J,,,,
EX1,025,001,S135,5.4L,025,006,E,,,,
EX1,025,001,S135,5.4L,025,006,S,,,,
EX1,025,001,S155,,025,004,K,,,,
EX1,025,002,Battery Junction Box,5.4L,025,001,J,,,,
EX1,025,002,Central Junction Box,,013,014,,,,,
EX1,025,002,Data Link Connector (DLC),,014,001,,,,,
EX1,025,007,Instrument Cluster,,062,003,,,,,
EX1,025,007,S127,,025,002,B,,,,
EX1,025,007,S137,,025,006,W,,,,
EX1,025,007,S138,,025,006,M,,,,
EX1,025,007,Transmission Controls,,029,002,,,,,
EX1,025,007,Transmission Controls,,029,003,,,,,
EX1,025,007,Transmission Controls,,029,004,,,,,
EX1,025,007,Transmission Controls,,030,002,,,,,
EX1,025,008,4R100 Transmission,4x2,030,004,,,,,
EX1,025,008,4R100 Transmission,4x4,030,004,,,,,
EX1,025,008,4R70W Transmission,4x2,029,004,,,,,
EX1,025,008,4R70W Transmission,4x4,029,004,,,,,
EX1,025,008,Battery Junction Box,5.4L,025,001,D,,,,
EX1,025,008,Digital Transmission Range (DTR) Sensor,4R100 (4x2),029,003,,,,,
EX1,025,008,Digital Transmission Range (DTR) Sensor,4R100 (4x4),029,003,,,,,
EX1,025,008,Digital Transmission Range (DTR) Sensor,4R70W (4x2),029,003,,,,,
EX1,025,008,Digital Transmission Range (DTR) Sensor,4R70W (4x4),029,003,,,,,
EX1,025,008,Digital Transmission Range (DTR) Sensor,4R100 (4x2),030,003,,,,,
EX1,025,008,Digital Transmission Range (DTR) Sensor,4R100 (4x4),030,003,,,,,
EX1,025,008,Digital Transmission Range (DTR) Sensor,4R70W (4x2),030,003,,,,,
EX1,025,008,Digital Transmission Range (DTR) Sensor,4R70W (4x4),030,003,,,,,
EX1,025,008,Electric Shift Control,,034,001,,,,,
EX1,025,008,Electric Shift Control,,034,004,,,,,
EX1,025,008,Generic Electronic Module (GEM),,059,003,,,,,
EX1,025,008,Radio,,130,003,,,,,
EX1,025,008,Rear Air Suspension (RAS) Module,,041,002,,,,,
EX1,025,008,S138,,025,006,O,,,,
EX1,025,008,S138,,025,006,F,,,,
EX1,025,008,Speed Control Servo,5.4L,031,002,,,,,
EX1,026,001,Battery Junction Box,5.4L NGV,013,006,,,,,
EX1,026,001,Battery Junction Box,5.4L NGV,013,012,,,,,
EX1,026,001,C172,5.4L NGV,026,008,D,,,,
EX1,026,001,Central Junction Box,,013,008,,,,,
EX1,026,001,Central Junction Box,,013,012,,,,,
EX1,026,006,C155,,026,007,M,,,,
EX1,026,006,C172,5.4L NGV,026,008,O,,,,
EX1,026,006,C172,5.4L NGV,026,008,F,,,,
EX1,026,007,Battery Junction Box,5.4L NGV,013,004,,,,,
EX1,026,007,Grounds,,010,002,,,,,
EX1,026,007,Grounds,,010,010,,,,,
EX1,026,007,Instrument Cluster,,062,003,,,,,
EX1,026,007,S127,,026,002,B,,,,
EX1,026,007,S135,5.4L,026,006,M,,,,
EX1,026,007,Transmission Controls,,030,002,,,,,
EX1,026,007,Transmission Controls,,030,003,,,,,
EX1,026,007,Transmission Controls,,030,004,,,,,
EX1,026,008,4R100 Transmission,4x2,030,004,,,,,
EX1,026,008,4R100 Transmission,4x4,030,004,,,,,
EX1,026,008,Battery Junction Box,5.4L NGV,026,001,D,,,,
EX1,026,008,C108,5.4L NGV,026,004,N,,,,
EX1,026,008,C109,5.4L NGV,026,004,A,,,,
EX1,026,008,Digital Transmission Range (DTR) Sensor,4R100 (4x2),030,003,,,,,
EX1,026,008,Digital Transmission Range (DTR) Sensor,4R100 (4x4),030,003,,,,,
EX1,026,008,Generic Electronic Module (GEM),,059,003,,,,,
EX1,026,008,Radio,,130,003,,,,,
EX1,026,008,Rear Air Suspension (RAS) Module,,041,002,,,,,
EX1,026,008,S138,,026,006,O,,,,
EX1,026,008,S138,,026,006,F,,,,
EX1,026,008,Speed Control Servo,5.4L NGV,031,002,,,,,
EX1,026,009,Central Junction Box,,013,008,,,,,
EX1,026,009,Grounds,,010,001,,,,,
EX1,026,009,Grounds,,010,009,,,,,
EX1,026,009,Ignition System,,021,004,,,,,
EX1,026,009,Instrument Cluster,,062,002,,,,,
EX1,026,009,Power Distribution,,013,012,,,,,
EX1,026,009,Power Distribution,,013,008,,,,,
EX1,026,009,S156,,026,002,I,,,,
EX1,026,009,S157,,026,002,H,,,,
EX1,026,009,Starting System,,020,001,,,,,
EX1,027,001,Battery Junction Box,5.4L,013,006,,,,,
EX1,027,001,Battery Junction Box,5.4L,013,012,,,,,
EX1,027,001,C172,5.4L,027,008,D,,,,
EX1,027,001,Central Junction Box,,013,008,,,,,
EX1,027,001,Central Junction Box,,013,012,,,,,
EX1,027,001,Grounds,,010,001,,,,,
EX1,027,001,Grounds,,010,006,,,,,
EX1,027,001,Power Distribution,,013,008,,,,,
EX1,027,001,Power Distribution,,013,012,,,,,
EX1,027,001,S127,,027,002,J,,,,
EX1,027,001,S132,,027,006,E,,,,
EX1,027,001,S132,,027,006,S,,,,
EX1,027,001,S155,,027,004,K,,,,
EX1,027,002,Battery Junction Box,5.4L,027,001,J,,,,
EX1,027,002,C120,5.4L,027,003,C,,,,
EX1,027,002,Data Link Connector (DLC),,014,001,,,,,
EX1,027,002,Fuel Pump High/Low Relay,,027,010,CC,,,,
EX1,027,002,Fuel Pump Relay,5.4L,027,007,B,,,,
EX1,027,002,Grounds,,010,001,,,,,
EX1,027,002,Inertia Switch Relay,,027,007,R,,,,
EX1,027,002,Multiplex Communication Network,,014,001,,,,,
EX1,027,002,S131,5.4L,027,003,L,,,,
EX1,027,002,S131,5.4L,027,003,Z,,,,
EX1,027,002,S138,,027,006,P,,,,
EX1,027,003,C131,5.4L,027,002,Z,,,,
EX1,027,003,C132,5.4L,027,002,L,,,,
EX1,027,003,Ignition System,,021,001,,,,,
EX1,027,003,Ignition System,,021,004,,,,,
EX1,027,003,S127,,027,002,C,,,,
EX1,027,003,Turn/Stop/Hazard Lamps,,090,004,,,,,
EX1,027,004,Battery Junction Box,5.4L,027,001,K,,,,
EX1,027,004,C186,,027,009,I,,,,
EX1,027,004,Charge Air Cooler Pump Relay,,027,009,H,,,,
EX1,027,004,S135,5.4L,027,006,N,,,,
EX1,027,004,S135,5.4L,027,006,A,,,,
EX1,027,004,WOT Relay,5.4L,027,005,Q,,,,
EX1,027,005,Air Conditioner/Heater,,054,003,,,,,
EX1,027,005,Central Junction Box,,013,009,,,,,
EX1,027,005,Grounds,,010,001,,,,,
EX1,027,005,Power Distribution,,013,009,,,,,
EX1,027,005,S138,,027,006,G,,,,
EX1,027,005,S155,,027,004,Q,,,,
EX1,027,005,WOT Relay,5.4L,054,003,,,,,
EX1,027,006,C104,,027,009,T,,,,
EX1,027,006,C107,5.4L,027,001,E,,,,
EX1,027,006,C108,5.4L,027,004,N,,,,
EX1,027,006,C109,5.4L,027,004,A,,,,
Ex1,027,010,Grounds,,010,006,,,,,
Ex1,027,010,Inertia Switch Relay,,027,007,,,,,
Ex1,027,010,Instrument Cluster,,062,003,,,,,
Ex1,027,010,S127,,027,002,,,,,
Ex1,027,010,S137,,027,006,,,,,
Ex1,027,010,S138,,027,006,,,,,
Ex1,027,010,S151,,027,007,,,,,
EX1,029,001,4x4 Low and High Indicator Switch,4R70W,034,004,,,,,
EX1,029,001,C172,4.2L,029,004,A,,,,
EX1,029,001,C172,4.6L,029,004,A,,,,
EX1,029,001,C172,5.4L,029,004,A,,,,
EX1,029,001,Central Junction Box,,013,012,,,,,
EX1,029,001,Electric Shift Control,,034,004,,,,,
EX1,029,001,Engine Controls,,023,001,,,,,
EX1,029,001,Engine Controls,,023,006,,,,,
EX1,029,001,Engine Controls,,024,001,,,,,
EX1,029,001,Engine Controls,,024,006,,,,,
EX1,029,001,Engine Controls,,025,002,,,,,
EX1,029,001,Engine Controls,,025,006,,,,,
EX1,029,001,Grounds,,010,001,,,,,
EX1,029,001,Grounds,,010,006,,,,,
EX1,029,001,Power Distribution,,013,012,,,,,
EX1,029,001,Powertrain Control Module (PCM),4.2L,023,001,,,,,
EX1,029,001,Powertrain Control Module (PCM),4.2L,023,006,,,,,
EX1,029,001,Powertrain Control Module (PCM),4.2L,023,008,,,,,
EX1,029,001,Powertrain Control Module (PCM),4.6L,024,001,,,,,
EX1,029,001,Powertrain Control Module (PCM),4.6L,024,006,,,,,
EX1,029,001,Powertrain Control Module (PCM),4.6L,024,008,,,,,
EX1,029,001,Powertrain Control Module (PCM),5.4L,025,001,,,,,
EX1,029,001,Powertrain Control Module (PCM),5.4L,025,006,,,,,
EX1,029,001,Powertrain Control Module (PCM),5.4L,025,008,,,,,
EX1,029,002,A/C Clutch Cycling Pressure Switch,4.2L,054,002,,,,,
EX1,029,002,A/C Clutch Cycling Pressure Switch,4.6L,054,002,,,,,
EX1,029,002,A/C Clutch Cycling Pressure Switch,5.4L,054,002,,,,,
EX1,029,002,A/C Clutch Cycling Pressure Switch,5.4L NGV,054,002,,,,,
EX1,029,002,Central Junction Box,,013,009,,,,,
EX1,029,002,Powertrain Control Module (PCM),5.4L Bi-Fuel,022,006,,,,,
EX1,029,002,Powertrain Control Module (PCM),5.4L Bi-Fuel,022,007,,,,,
EX1,029,002,Throttle Position (TP) Sensor,4.2L,023,006,,,,,
EX1,029,002,Throttle Position (TP) Sensor,4.6L,024,006,,,,,
EX1,029,002,Throttle Position (TP) Sensor,5.4L,025,006,,,,,
EX1,029,002,Throttle Position (TP) Sensor,5.4L,022,006,,,,,
EX1,029,002,Turn/Stop/Hazard Lamps,,090,004,,,,,
EX1,029,003,Electric Shift Control,,034,001,,,,,
EX1,029,003,Engine Controls,,023,006,,,,,
EX1,029,003,Engine Controls,,023,008,,,,,
EX1,029,003,Engine Controls,,024,006,,,,,
EX1,029,003,Engine Controls,,024,008,,,,,
EX1,029,003,Engine Controls,,025,006,,,,,
EX1,029,003,Engine Controls,,025,008,,,,,
EX1,029,003,Powertrain Control Module (PCM),4.2L,023,006,,,,,
EX1,029,003,Powertrain Control Module (PCM),4.2L,023,007,,,,,
EX1,029,003,Powertrain Control Module (PCM),4.2L,023,008,,,,,
EX1,029,003,Powertrain Control Module (PCM),4.6L,024,006,,,,,
EX1,029,003,Powertrain Control Module (PCM),4.6L,024,007,,,,,
EX1,029,003,Powertrain Control Module (PCM),4.6L,024,008,,,,,
EX1,029,003,Powertrain Control Module (PCM),5.4L,025,006,,,,,
EX1,029,003,Powertrain Control Module (PCM),5.4L,025,007,,,,,
EX1,029,003,Powertrain Control Module (PCM),5.4L,025,008,,,,,
EX1,029,003,Powertrain Control Module (PCM),5.4L Bi-Fuel,022,007,,,,,
EX1,029,003,Powertrain Control Module (PCM),5.4L Bi-Fuel,022,006,,,,,
EX1,029,003,Powertrain Control Module (PCM),5.4L Bi-Fuel,022,008,,,,,
EX1,029,003,Reversing Lamps,,093,001,,,,,
EX1,029,003,Starting System,,020,001,,,,,
EX1,029,004,Battery Junction Box,4.2L,029,001,A,,,,
EX1,029,004,Battery Junction Box,4.6L,029,001,A,,,,
EX1,029,004,Battery Junction Box,5.4L,029,001,A,,,,
EX1,029,004,Engine Controls,,023,008,,,,,
EX1,030,002,A/C Clutch Cycling Pressure Switch,4.6L,054,002,,,,,
EX1,030,002,A/C Clutch Cycling Pressure Switch,5.4L,054,002,,,,,
EX1,030,002,A/C Clutch Cycling Pressure Switch,5.4L NGV,054,002,,,,,
EX1,030,002,Central Junction Box,,013,009,,,,,
EX1,030,002,Central Junction Box,,013,012,,,,,
EX1,030,002,Grounds,,010,009,,,,,
EX1,030,002,Intake Air Temperature (IAT) Sensor,5.4L,025,001,,,,,
EX1,030,002,Intake Air Temperature (IAT) Sensor,5.4L,027,001,,,,,
EX1,030,002,Intake Air Temperature (IAT) Sensor,5.4L NGV,026,001,,,,,
EX1,030,002,Intake Air Temperature (IAT) Sensor,5.4L,022,001,,,,,
EX1,030,002,Mass Air Flow (MAF) Sensor,5.4L,025,002,,,,,
EX1,030,002,Mass Air Flow (MAF) Sensor,5.4L Lightning,027,002,,,,,
EX1,030,002,Mass Air Flow (MAF) Sensor,5.4L NGV,026,002,,,,,
EX1,030,002,Mass Air Flow (MAF) Sensor,5.4L Bi-Fuel,022,002,,,,,
EX1,030,002,Power Distribution,,013,012,,,,,
EX1,030,002,Power Distribution,,013,016,,,,,
EX1,030,002,Powertrain Control Module (PCM),5.4L,025,001,,,,,
EX1,030,002,Powertrain Control Module (PCM),5.4L Lightning,027,001,,,,,
EX1,030,002,Powertrain Control Module (PCM),5.4L Lightning,027,002,,,,,
EX1,030,002,Powertrain Control Module (PCM),5.4L,025,002,,,,,
EX1,030,002,Powertrain Control Module (PCM),5.4L,025,003,,,,,
EX1,030,002,Powertrain Control Module (PCM),5.4L Lightning,027,003,,,,,
EX1,030,002,Powertrain Control Module (PCM),5.4L,025,006,,,,,
EX1,030,002,Powertrain Control Module (PCM),5.4L Lightning,027,006,,,,,
EX1,030,002,Powertrain Control Module (PCM),5.4L,025,007,,,,,
EX1,030,002,Powertrain Control Module (PCM),5.4L Lightning,027,007,,,,,
EX1,030,002,Powertrain Control Module (PCM),5.4L NGV,026,001,,,,,
EX1,030,002,Powertrain Control Module (PCM),5.4L NGV,026,002,,,,,
EX1,030,002,Powertrain Control Module (PCM),5.4L NGV,026,003,,,,,
EX1,030,003,Powertrain Control Module (PCM),5.4L NGV,026,008,,,,,
EX1,030,003,Powertrain Control Module (PCM),5.4L Bi-Fuel,022,007,,,,,
EX1,030,003,Powertrain Control Module (PCM),5.4L Bi-Fuel,022,002,,,,,
EX1,030,003,Powertrain Control Module (PCM),5.4L Bi-Fuel,022,006,,,,,
EX1,030,003,Powertrain Control Module (PCM),5.4L Bi-Fuel,022,008,,,,,
EX1,030,003,Reversing Lamps,,093,001,,,,,
EX1,030,003,Starting System,,020,001,,,,,
EX1,030,004,Battery Junction Box,5.4L,030,001,A,,,,
EX1,030,004,Battery Junction Box,5.4L NGV,030,001,A,,,,
EX1,030,004,Engine Controls,,025,008,,,,,
EX1,030,004,Engine Controls,,027,008,,,,,
EX1,030,004,Engine Controls,,026,008,,,,,
EX1,030,004,Engine Controls,,026,008,,,,,
EX1,030,004,Engine Controls,,022,008,,,,,
EX1,030,004,Powertrain Control Module (PCM),5.4L,025,007,,,,,
EX1,030,004,Powertrain Control Module (PCM),5.4L Lightning,027,007,,,,,
EX1,030,004,Powertrain Control Module (PCM),5.4L NGV,026,007,,,,,
EX1,030,004,Powertrain Control Module (PCM),5.4L Bi-Fuel,022,007,,,,,
EX1,031,001,Battery Junction Box,4.2L,013,002,,,,,
EX1,031,001,Battery Junction Box,4.6L,013,002,,,,,
EX1,031,001,Battery Junction Box,5.4L,013,002,,,,,
EX1,031,001,Battery Junction Box,5.4L NGV,013,002,,,,,
EX1,031,001,C157,4.2L,031,002,B,,,,
EX1,031,001,C157,4.6L,031,002,B,,,,
EX1,031,001,C157,5.4L,031,002,B,,,,
EX1,031,001,C157,5.4L NGV,031,002,B,,,,
EX1,031,001,C159,,031,002,A,,,,
EX1,031,001,Grounds,,010,003,,,,,
EX1,031,001,Horn Relay,,044,001,,,,,
EX1,031,001,Horn/Cigar Lighter,,044,001,,,,,
EX1,031,001,Instrument Illumination,,071,002,,,,,
EX1,031,001,Remote Control Alarm and Lock System,,117,001,,,,,
EX1,031,002,Brake Pedal Position (BPP) Switch,,090,004,,,,,
EX1,031,002,C159,,031,001,B,,,,
EX1,031,002,C234,,031,001,A,,,,
EX1,031,003,Powertrain Control Module (PCM),5.4L Bi-Fuel,022,006,,,,,
EX1,031,003,Powertrain Control Module (PCM),5.4L Bi-Fuel,022,008,,,,,
EX1,034,001,Anti-Lock Brake System (ABS),,042,001,,,,,
EX1,034,001,Anti-Lock Brake System (ABS),,042,004,,,,,
EX1,034,001,Brake Pedal Position (BPP) Switch,,090,004,,,,,
EX1,034,001,Central Junction Box,,013,009,,,,,
EX1,034,001,Central Timer Module (CTM),,059,004,,,,,
EX1,034,001,Generic Electronic Module (GEM),,059,004,,,,,
EX1,034,001,Grounds,,010,002,,,,,
EX1,034,001,Grounds,,010,003,,,,,
EX1,034,001,Grounds,,010,009,,,,,
EX1,034,001,Instrument Cluster,,062,003,,,,,
EX1,034,001,Instrument Illumination,,071,001,,,,,
EX1,034,001,Multifunction Switch,,081,001,,,,,
EX1,034,001,Power Distribution,,013,016,,,,,
EX1,034,001,Powertrain Control Module (PCM),4.2L,023,008,,,,,
EX1,034,001,Powertrain Control Module (PCM),4.6L,024,008,,,,,
EX1,034,001,Powertrain Control Module (PCM),5.4L,025,008,,,,,
EX1,034,001,Powertrain Control Module (PCM),5.4L Lightning,027,008,,,,,
EX1,034,001,Powertrain Control Module (PCM),5.4L Bi-Fuel,022,008,,,,,
EX1,034,001,Turn/Stop/Hazard Lamps,,090,004,,,,,
EX1,034,002,Battery Junction Box,4.2L,013,003,,,,,
EX1,034,002,Battery Junction Box,4.6L,013,003,,,,,
EX1,034,002,Battery Junction Box,5.4L,013,003,,,,,
EX1,034,002,Battery Junction Box,5.4L NGV,013,003,,,,,
EX1,034,002,Central Junction Box,,013,015,,,,,
EX1,034,002,Generic Electronic Module (GEM),,059,004,,,,,
EX1,034,002,Grounds,,010,003,,,,,
EX1,034,002,Power Distribution,,013,015,,,,,
EX1,034,003,Central Junction Box,,013,015,,,,,
EX1,034,003,Generic Electronic Module (GEM),,059,004,,,,,
EX1,034,003,Power Distribution,,013,015,,,,,
EX1,034,004,Anti-Lock Brake System (ABS),,042,001,,,,,
EX1,034,004,Anti-Lock Brake System (ABS),,042,004,,,,,
EX1,041,002,Grounds,,010,009,,,,,
EX1,041,002,Instrument Cluster,,062,001,,,,,
EX1,041,002,Multifunction Electronic Control Modules,,059,004,,,,,
EX1,042,001,Brake Pedal Position (BPP) Switch,,090,004,,,,,
EX1,042,001,Central Junction Box,,013,009,,,,,
EX1,042,001,Central Junction Box,,013,016,,,,,
EX1,042,001,Grounds,,010,004,,,,,
EX1,042,001,Grounds,,010,006,,,,,
EX1,042,001,Grounds,,010,009,,,,,
EX1,042,001,Ignition Switch,,013,007,,,,,
EX1,042,001,Ignition Switch,,149,003,,,,,
EX1,042,001,Instrument Cluster,,062,002,,,,,
EX1,042,001,Instrument Cluster,,062,003,,,,,
EX1,042,001,Instrument Cluster,,062,003,,,,,
EX1,042,001,Instrument Cluster,,062,004,,,,,
EX1,042,001,Turn/Stop/Hazard Lamps,,090,004,,,,,
EX1,042,003,Brake Pedal Position (BPP) Switch,,090,004,,,,,
EX1,042,003,Central Junction Box,,013,009,,,,,
EX1,042,003,Central Junction Box,,013,015,,,,,
EX1,042,003,Central Junction Box,,013,016,,,,,
EX1,042,003,Grounds,,010,006,,,,,
EX1,042,003,Grounds,,010,009,,,,,
EX1,042,003,Instrument Cluster,,062,002,,,,,
EX1,042,003,Power Distribution,,013,016,,,,,
EX1,042,003,Turn/Stop/Hazard Lamps,,090,004,,,,,
EX1,042,004,Battery Junction Box,4.2L,013,003,,,,,
EX1,042,004,Battery Junction Box,4.6L,013,003,,,,,
EX1,042,004,Battery Junction Box,5.4L,013,003,,,,,
EX1,042,004,Battery Junction Box,5.4L NGV,013,003,,,,,
EX1,042,004,Data Link Connector (DLC),,014,001,,,,,
EX1,042,004,Instrument Cluster,,062,003,,,,,
EX1,042,004,Instrument Cluster,,062,003,,,,,
EX1,042,004,Instrument Cluster,,062,004,,,,,
EX1,042,004,Multiplex Communication Network,,014,001,,,,,
EX1,044,001,Air Bag Sliding Contact,,031,001,,,,,
EX1,044,001,Battery Junction Box,4.2L,013,002,,,,,
EX1,044,001,Battery Junction Box,4.6L,013,002,,,,,
EX1,054,001,Central Junction Box,,013,014,,,,,
EX1,054,001,Grounds,,010,002,,,,,
EX1,054,001,Grounds,,010,003,,,,,
EX1,054,001,Grounds,,010,004,,,,,
EX1,054,001,Instrument Illumination,,071,001,,,,,
EX1,054,002,Central Junction Box,,013,009,,,,,
EX1,054,002,Grounds,,010,003,,,,,
EX1,054,002,Power Distribution,,013,009,,,,,
EX1,054,002,Powertrain Control Module (PCM),4.2L,023,003,,,,,
EX1,054,002,Powertrain Control Module (PCM),4.6L,024,003,,,,,
EX1,054,002,Powertrain Control Module (PCM),5.4L,025,003,,,,,
EX1,054,002,Powertrain Control Module (PCM),5.4L Lightning,027,003,,,,,
EX1,054,002,Powertrain Control Module (PCM),5.4L NGV,026,003,,,,,
EX1,054,002,Powertrain Control Module (PCM),5.4L Bi-Fuel,022,003,,,,,
EX1,054,003,Central Junction Box,,013,009,,,,,
EX1,054,003,Engine Controls,,023,005,,,,,
EX1,054,003,Engine Controls,,024,005,,,,,
EX1,054,003,Engine Controls,,025,005,,,,,
EX1,054,003,Engine Controls,,027,005,,,,,
EX1,054,003,Engine Controls,,026,005,,,,,
EX1,054,003,Engine Controls,,022,005,,,,,
EX1,054,003,Grounds,,010,002,,,,,
EX1,054,003,Power Distribution,,013,009,,,,,
EX1,054,003,Powertrain Control Module (PCM),4.2L,023,005,,,,,
EX1,054,003,Powertrain Control Module (PCM),4.6L,024,005,,,,,
EX1,054,003,Powertrain Control Module (PCM),5.4L,025,005,,,,,
EX1,054,003,Powertrain Control Module (PCM),5.4L Lightning,027,005,,,,,
EX1,054,003,Powertrain Control Module (PCM),5.4L NGV,026,005,,,,,
EX1,054,003,Powertrain Control Module (PCM),5.4L Bi-Fuel,022,005,,,,,
EX1,059,001,Central Junction Box,,013,008,,,,,
EX1,059,001,Central Junction Box,,013,009,,,,,
EX1,059,001,Central Junction Box,,013,010,,,,,
EX1,059,001,Central Junction Box,,013,014,,,,,
EX1,059,001,Data Link Connector (DLC),,014,001,,,,,
EX1,059,001,Grounds,,010,009,,,,,
EX1,027,006,C120,5.4L,027,005,G,,,,
EX1,027,006,C124,5.4L,027,001,S,,,,
EX1,027,006,C150,5.4L Lightning,027,010,W,,,,
EX1,027,006,C150,5.4L Lightning,027,010,M,,,,
EX1,027,006,C172,5.4L,027,002,P,,,,
EX1,027,006,C172,5.4L,027,008,F,,,,
EX1,027,006,C172,5.4L,027,008,O,,,,
EX1,027,006,C173,,027,009,U,,,,
EX1,027,006,C173,,027,009,V,,,,
Ex1,027,007,Battery Junction Box,5.4L,013,004,,,,,
Ex1,027,007,C158,,027,010,,,,,
Ex1,027,007,Fuel Pump High/Low Relay,,027,010,AA,,,,
Ex1,027,007,Grounds,,010,009,,,,,
Ex1,027,007,Grounds,,010,010,,,,,
Ex1,027,007,Instrument Cluster,,062,002,,,,,
Ex1,027,007,S127,,027,002,,,,,
Ex1,027,007,Transmission Controls,,030,002,,,,,
Ex1,027,007,Transmission Controls,,030,003,,,,,
Ex1,027,007,Transmission Controls,,030,004,,,,,
EX1,027,008,4R100 Transmission,4x2,030,004,,,,,
EX1,027,008,4R100 Transmission,4x4,030,004,,,,,
EX1,027,008,Battery Junction Box,5.4L,027,001,D,,,,
EX1,027,008,Digital Transmission Range (DTR) Sensor,4R100 (4x2),030,003,,,,,
EX1,027,008,Digital Transmission Range (DTR) Sensor,4R100 (4x4),030,003,,,,,
EX1,027,008,Digital Transmission Range (DTR) Sensor,4R70W (4x2),030,003,,,,,
EX1,027,008,Digital Transmission Range (DTR) Sensor,4R70W (4x4),030,003,,,,,
EX1,027,008,Generic Electronic Module (GEM),,059,003,,,,,
EX1,027,008,Radio,,130,003,,,,,
EX1,027,008,Rear Air Suspension (RAS) Module,,041,002,,,,,
EX1,027,008,S138,,027,006,O,,,,
EX1,027,008,S138,,027,006,F,,,,
EX1,027,008,Speed Control Servo,5.4L,031,002,,,,,
Ex1,027,009,Battery Junction Box,5.4L,013,005,,,,,
Ex1,027,009,Grounds,,010,006,,,,,
Ex1,027,009,S135,5.4L,027,006,,,,,
Ex1,027,009,S136,5.4L,027,006,,,,,
Ex1,027,009,S154,,027,004,,,,,
Ex1,027,009,S155,,027,004,,,,,
Ex1,027,010,Grounds,,010,002,,,,,
EX1,029,002,Central Junction Box,,013,012,,,,,
EX1,029,002,Grounds,,010,009,,,,,
EX1,029,002,Intake Air Temperature (IAT) Sensor,4.2L,023,001,,,,,
EX1,029,002,Intake Air Temperature (IAT) Sensor,4.6L,024,001,,,,,
EX1,029,002,Intake Air Temperature (IAT) Sensor,5.4L,025,001,,,,,
EX1,029,002,Intake Air Temperature (IAT) Sensor,5.4L,022,001,,,,,
EX1,029,002,Mass Air Flow (MAF) Sensor,4.2L,023,002,,,,,
EX1,029,002,Mass Air Flow (MAF) Sensor,4.6L,024,002,,,,,
EX1,029,002,Mass Air Flow (MAF) Sensor,5.4L,025,002,,,,,
EX1,029,002,Mass Air Flow (MAF) Sensor,5.4L Bi-Fuel,022,002,,,,,
EX1,029,002,Power Distribution,,013,012,,,,,
EX1,029,002,Power Distribution,,013,016,,,,,
EX1,029,002,Powertrain Control Module (PCM),4.2L,023,001,,,,,
EX1,029,002,Powertrain Control Module (PCM),4.2L,023,002,,,,,
EX1,029,002,Powertrain Control Module (PCM),4.2L,023,003,,,,,
EX1,029,002,Powertrain Control Module (PCM),4.2L,023,006,,,,,
EX1,029,002,Powertrain Control Module (PCM),4.2L,023,007,,,,,
EX1,029,002,Powertrain Control Module (PCM),4.6L,024,001,,,,,
EX1,029,002,Powertrain Control Module (PCM),4.6L,024,002,,,,,
EX1,029,002,Powertrain Control Module (PCM),4.6L,024,003,,,,,
EX1,029,002,Powertrain Control Module (PCM),4.6L,024,006,,,,,
EX1,029,002,Powertrain Control Module (PCM),4.6L,024,007,,,,,
EX1,029,002,Powertrain Control Module (PCM),5.4L,025,001,,,,,
EX1,029,002,Powertrain Control Module (PCM),5.4L,025,002,,,,,
EX1,029,002,Powertrain Control Module (PCM),5.4L,025,003,,,,,
EX1,029,002,Powertrain Control Module (PCM),5.4L,025,006,,,,,
EX1,029,002,Powertrain Control Module (PCM),5.4L,025,007,,,,,
EX1,029,002,Powertrain Control Module (PCM),5.4L Bi-Fuel,022,001,,,,,
EX1,029,002,Powertrain Control Module (PCM),5.4L Bi-Fuel,022,002,,,,,
EX1,029,002,Powertrain Control Module (PCM),5.4L Bi-Fuel,022,003,,,,,
EX1,029,004,Engine Controls,,023,008,,,,,
EX1,029,004,Engine Controls,,024,008,,,,,
EX1,029,004,Engine Controls,,024,008,,,,,
EX1,029,004,Engine Controls,,025,008,,,,,
EX1,029,004,Engine Controls,,025,008,,,,,
EX1,029,004,Engine Controls,,022,008,,,,,
EX1,029,004,Powertrain Control Module (PCM),4.2L,023,007,,,,,
EX1,029,004,Powertrain Control Module (PCM),4.6L,024,007,,,,,
EX1,029,004,Powertrain Control Module (PCM),5.4L,025,007,,,,,
EX1,029,004,Powertrain Control Module (PCM),5.4L Bi-Fuel,022,007,,,,,
EX1,030,001,4x4 Low and High Indicator Switch,4R100,034,004,,,,,
EX1,030,001,C172,5.4L,030,004,A,,,,
EX1,030,001,C172,5.4L NGV,030,004,A,,,,
EX1,030,001,Central Junction Box,,013,012,,,,,
EX1,030,001,Electric Shift Control,,034,004,,,,,
EX1,030,001,Engine Controls,,025,001,,,,,
EX1,030,001,Engine Controls,,027,001,,,,,
EX1,030,001,Engine Controls,,025,002,,,,,
EX1,030,001,Engine Controls,,027,002,,,,,
EX1,030,001,Engine Controls,,025,006,,,,,
EX1,030,001,Engine Controls,,027,006,,,,,
EX1,030,001,Engine Controls,,026,001,,,,,
EX1,030,001,Engine Controls,,026,006,,,,,
EX1,030,001,Grounds,,010,001,,,,,
EX1,030,001,Grounds,,010,006,,,,,
EX1,030,001,Power Distribution,,013,012,,,,,
EX1,030,001,Powertrain Control Module (PCM),5.4L,025,001,,,,,
EX1,030,001,Powertrain Control Module (PCM),5.4L Lightning,027,001,,,,,
EX1,030,001,Powertrain Control Module (PCM),5.4L Lightning,027,006,,,,,
EX1,030,001,Powertrain Control Module (PCM),5.4L,025,006,,,,,
EX1,030,001,Powertrain Control Module (PCM),5.4L,025,008,,,,,
EX1,030,001,Powertrain Control Module (PCM),5.4L Lightning,027,008,,,,,
EX1,030,001,Powertrain Control Module (PCM),5.4L NGV,026,001,,,,,
EX1,030,001,Powertrain Control Module (PCM),5.4L NGV,026,006,,,,,
EX1,030,002,A/C Clutch Cycling Pressure Switch,4.2L,054,002,,,,,
EX1,030,002,Powertrain Control Module (PCM),5.4L NGV,026,006,,,,,
EX1,030,002,Powertrain Control Module (PCM),5.4L NGV,026,007,,,,,
EX1,030,002,Powertrain Control Module (PCM),5.4L Bi-Fuel,022,001,,,,,
EX1,030,002,Powertrain Control Module (PCM),5.4L Bi-Fuel,022,002,,,,,
EX1,030,002,Powertrain Control Module (PCM),5.4L Bi-Fuel,022,003,,,,,
EX1,030,002,Powertrain Control Module (PCM),5.4L Bi-Fuel,022,006,,,,,
EX1,030,002,Powertrain Control Module (PCM),5.4L Bi-Fuel,022,007,,,,,
EX1,030,002,Throttle Position (TP) Sensor,5.4L,025,006,,,,,
EX1,030,002,Throttle Position (TP) Sensor,5.4L Lightning,027,006,,,,,
EX1,030,002,Throttle Position (TP) Sensor,5.4L NGV,026,006,,,,,
EX1,030,002,Throttle Position (TP) Sensor,5.4L,022,006,,,,,
EX1,030,002,Turn/Stop/Hazard Lamps,,090,004,,,,,
EX1,030,003,Electric Shift Control,,034,001,,,,,
EX1,030,003,Engine Controls,,025,006,,,,,
EX1,030,003,Engine Controls,,027,006,,,,,
EX1,030,003,Engine Controls,,025,008,,,,,
EX1,030,003,Engine Controls,,027,008,,,,,
EX1,030,003,Engine Controls,,026,006,,,,,
EX1,030,003,Engine Controls,,026,008,,,,,
EX1,030,003,Powertrain Control Module (PCM),5.4L Lightning,027,002,,,,,
EX1,030,003,Powertrain Control Module (PCM),5.4L,025,002,,,,,
EX1,030,003,Powertrain Control Module (PCM),5.4L NGV,025,002,,,,,
EX1,030,003,Powertrain Control Module (PCM),5.4L,025,006,,,,,
EX1,030,003,Powertrain Control Module (PCM),5.4L,025,007,,,,,
EX1,030,003,Powertrain Control Module (PCM),5.4L Lightning,027,006,,,,,
EX1,030,003,Powertrain Control Module (PCM),5.4L Lightning,027,007,,,,,
EX1,030,003,Powertrain Control Module (PCM),5.4L,025,008,,,,,
EX1,030,003,Powertrain Control Module (PCM),5.4L Lightning,027,008,,,,,
EX1,030,003,Powertrain Control Module (PCM),5.4L NGV,026,006,,,,,
EX1,030,003,Powertrain Control Module (PCM),5.4L NGV,026,007,,,,,
EX1,031,002,Central Junction Box,,013,009,,,,,
EX1,031,002,Clutch Pedal Position (CPP) Switch,Manual,020,001,,,,,
EX1,031,002,Clutch Pedal Position (CPP) Switch Jumper,Automatic,020,001,,,,,
EX1,031,002,Grounds,,010,002,,,,,
EX1,031,002,Grounds,,010,009,,,,,
EX1,031,002,Power Distribution,,013,009,,,,,
EX1,031,002,Power Distribution,,013,016,,,,,
EX1,031,002,S143,,031,003,C,,,,
EX1,031,002,Turn/Stop/Hazard Lamps,,090,004,,,,,
EX1,031,003,C157,4.2L,031,002,,,,,
EX1,031,003,C157,4.6L,031,002,,,,,
EX1,031,003,C157,5.4L,031,002,,,,,
EX1,031,003,C157,5.4L NGV,031,002,,,,,
EX1,031,003,Engine Controls,,023,006,,,,,
EX1,031,003,Engine Controls,,023,008,,,,,
EX1,031,003,Engine Controls,,024,006,,,,,
EX1,031,003,Engine Controls,,024,008,,,,,
EX1,031,003,Engine Controls,,025,006,,,,,
EX1,031,003,Engine Controls,,027,006,,,,,
EX1,031,003,Engine Controls,,025,008,,,,,
EX1,031,003,Engine Controls,,027,008,,,,,
EX1,031,003,Engine Controls,,026,006,,,,,
EX1,031,003,Engine Controls,,026,008,,,,,
EX1,031,003,Engine Controls,,022,008,,,,,
EX1,031,003,Engine Controls,,022,006,,,,,
EX1,031,003,Powertrain Control Module (PCM),4.2L,023,006,,,,,
EX1,031,003,Powertrain Control Module (PCM),4.2L,023,008,,,,,
EX1,031,003,Powertrain Control Module (PCM),4.6L,024,006,,,,,
EX1,031,003,Powertrain Control Module (PCM),4.6L,024,008,,,,,
EX1,031,003,Powertrain Control Module (PCM),5.4L,025,006,,,,,
EX1,031,003,Powertrain Control Module (PCM),5.4L Lightning,027,006,,,,,
EX1,031,003,Powertrain Control Module (PCM),5.4L,025,008,,,,,
EX1,031,003,Powertrain Control Module (PCM),5.4L Lightning,027,008,,,,,
EX1,031,003,Powertrain Control Module (PCM),5.4L NGV,026,006,,,,,
EX1,031,003,Powertrain Control Module (PCM),5.4L NGV,026,008,,,,,
EX1,034,004,Battery Junction Box,4.2L,013,003,,,,,
EX1,034,004,Battery Junction Box,4.6L,013,003,,,,,
EX1,034,004,Battery Junction Box,5.4L,013,003,,,,,
EX1,034,004,Battery Junction Box,5.4L NGV,013,003,,,,,
EX1,034,004,Central Junction Box,,013,015,,,,,
EX1,034,004,Generic Electronic Module (GEM),,059,004,,,,,
EX1,034,004,Instrument Cluster,,062,003,,,,,
EX1,034,004,Power Distribution,,013,015,,,,,
EX1,034,004,Powertrain Control Module (PCM),4.2L,023,008,,,,,
EX1,034,004,Powertrain Control Module (PCM),4.6L,024,008,,,,,
EX1,034,004,Powertrain Control Module (PCM),5.4L,025,008,,,,,
EX1,034,004,Powertrain Control Module (PCM),5.4L Lightning,027,008,,,,,
EX1,034,004,Powertrain Control Module (PCM),5.4L Bi-Fuel,022,008,,,,,
EX1,037,001,Brake Pedal Position (BPP) Switch,,090,004,,,,,
EX1,037,001,Central Junction Box,,013,009,,,,,
EX1,037,001,Central Junction Box,,013,010,,,,,
EX1,037,001,Central Junction Box,,013,016,,,,,
EX1,037,001,Grounds,,010,004,,,,,
EX1,037,001,Grounds,,010,009,,,,,
EX1,037,001,Power Distribution,,013,010,,,,,
EX1,037,001,Power Distribution,,013,016,,,,,
EX1,037,001,Turn/Stop/Hazard Lamps,,090,004,,,,,
EX1,041,001,Battery Junction Box,4.2L,013,005,,,,,
EX1,041,001,Battery Junction Box,4.6L,013,005,,,,,
EX1,041,001,Battery Junction Box,5.4L,013,005,,,,,
EX1,041,001,Battery Junction Box,5.4L NGV,013,005,,,,,
EX1,041,001,Central Junction Box,,013,010,,,,,
EX1,041,001,Grounds,,010,005,,,,,
EX1,041,001,Power Distribution,,013,010,,,,,
EX1,041,002,Engine Controls,,023,008,,,,,
EX1,041,002,Engine Controls,,024,008,,,,,
EX1,041,002,Engine Controls,,025,008,,,,,
EX1,041,002,Engine Controls,,027,008,,,,,
EX1,041,002,Engine Controls,,026,008,,,,,
EX1,041,002,Engine Controls,,022,008,,,,,
EX1,041,002,Grounds,,010,004,,,,,
EX1,044,001,Battery Junction Box,5.4L,013,002,,,,,
EX1,044,001,Battery Junction Box,5.4L NGV,013,002,,,,,
EX1,044,001,Remote Anti-Theft Personality (RAP) Module,,117,001,,,,,
EX1,044,002,Battery Junction Box,4.2L,013,003,,,,,
EX1,044,002,Battery Junction Box,4.6L,013,003,,,,,
EX1,044,002,Battery Junction Box,5.4L,013,003,,,,,
EX1,044,002,Battery Junction Box,5.4L NGV,013,003,,,,,
EX1,044,002,Central Junction Box,,013,008,,,,,
EX1,044,002,Grounds,,010,007,,,,,
EX1,044,002,Power Distribution,,013,008,,,,,
EX1,046,001,C213,,046,002,A,,,,
EX1,046,001,C213,,046,002,B,,,,
EX1,046,001,Central Junction Box,,013,012,,,,,
EX1,046,001,Central Junction Box,,013,014,,,,,
EX1,046,001,Data Link Connector (DLC),,014,001,,,,,
EX1,046,001,Grounds,,010,009,,,,,
EX1,046,001,Instrument Cluster,,062,001,,,,,
EX1,046,001,Multifunction Electronic Control Modules,,059,001,,,,,
EX1,046,001,Multiplex Communication Network,,014,001,,,,,
EX1,046,001,Power Distribution,,013,012,,,,,
EX1,046,002,C242,,046,001,A,,,,
EX1,046,002,S208,,046,001,B,,,,
EX1,053,001,Battery Junction Box,4.2L,013,004,,,,,
EX1,053,001,Battery Junction Box,4.6L,013,004,,,,,
EX1,053,001,Battery Junction Box,5.4L,013,004,,,,,
EX1,053,001,Battery Junction Box,5.4L NGV,013,004,,,,,
EX1,053,001,Central Junction Box,,013,009,,,,,
EX1,053,001,Central Junction Box,,013,014,,,,,
EX1,053,001,Grounds,,010,002,,,,,
EX1,053,001,Grounds,,010,003,,,,,
EX1,053,001,Grounds,,010,004,,,,,
EX1,053,001,Instrument Illumination,,071,001,,,,,
EX1,053,001,Power Distribution,,013,009,,,,,
EX1,054,001,Battery Junction Box,4.2L,013,004,,,,,
EX1,054,001,Battery Junction Box,4.6L,013,004,,,,,
EX1,054,001,Battery Junction Box,5.4L,013,004,,,,,
EX1,054,001,Battery Junction Box,5.4L NGV,013,004,,,,,
EX1,059,001,Multiplex Communication Network,,014,001,,,,,
EX1,059,001,Restraints Control Module (RCM),,046,001,,,,,
EX1,059,002,Central Junction Box,,013,011,,,,,
EX1,059,002,Grounds,,010,004,,,,,
EX1,059,002,Grounds,,010,007,,,,,
EX1,059,002,Grounds,,010,008,,,,,
EX1,059,002,Instrument Cluster,,062,001,,,,,
EX1,059,002,Instrument Cluster,,062,004,,,,,
EX1,059,002,Interval Wiper/Washer,,081,001,,,,,
EX1,059,002,Interval Wiper/Washer,,081,002,,,,,
EX1,059,002,Main Light Switch,,013,017,,,,,
EX1,059,002,Main Light Switch,,149,001,,,,,
EX1,059,003,Battery Junction Box,4.2L,013,004,,,,,
EX1,059,003,Battery Junction Box,4.6L,013,004,,,,,
EX1,059,003,Battery Junction Box,5.4L,013,004,,,,,
EX1,059,003,Battery Junction Box,5.4L NGV,013,004,,,,,
EX1,059,003,Battery Junction Box,4.2L,013,006,,,,,
EX1,059,003,Battery Junction Box,4.6L,013,006,,,,,
EX1,059,003,Battery Junction Box,5.4L,013,006,,,,,
EX1,059,003,Battery Junction Box,5.4L NGV,013,006,,,,,
EX1,059,003,Central Junction Box,,013,009,,,,,
EX1,059,003,Central Junction Box,,013,016,,,,,
EX1,059,003,Courtesy Lamps,,089,001,,,,,
EX1,059,003,Engine Controls,,023,008,,,,,
EX1,059,003,Engine Controls,,024,008,,,,,
EX1,059,003,Engine Controls,,025,008,,,,,
EX1,059,003,Engine Controls,,027,008,,,,,
EX1,059,003,Engine Controls,,026,008,,,,,
EX1,059,003,Grounds,,010,007,,,,,
EX1,059,003,Power Windows,,100,001,,,,,
EX1,059,003,Rear Air Suspension (RAS),,041,002,,,,,
EX1,059,004,Electric Shift Control,,034,001,,,,,
EX1,059,004,Electric Shift Control,,034,002,,,,,
EX1,059,004,Electric Shift Control,,034,003,,,,,
EX1,059,004,Electric Shift Control,,034,004,,,,,
EX1,059,004,Instrument Cluster,,062,003,,,,,
EX1,059,004,Rear Air Suspension (RAS) Module,,041,002,,,,,
EX1,059,004,Remote Anti-Theft Personality (RAP) Module,,117,001,,,,,
EX1,059,004,Turn/Stop/Hazard Lamps,,090,004,,,,,
EX1,062,001,Central Junction Box,,013,008,,,,,
EX1,062,001,Central Junction Box,,013,012,,,,,
EX1,062,001,Central Timer Module (CTM),,059,002,,,,,
EX1,062,001,Generator,4.2L,012,001,,,,,
EX1,062,001,Generator,4.6L,012,001,,,,,
EX1,062,001,Generator,5.4L,012,001,,,,,
EX1,062,001,Generator,5.4L NGV,012,001,,,,,
EX1,062,001,Generic Electronic Module (GEM),,059,002,,,,,
EX1,062,001,Power Distribution,,013,008,,,,,
EX1,062,001,Power Distribution,,013,012,,,,,
EX1,062,001,Rear Air Suspension (RAS) Data Link Connector (DLC),,041,002,,,,,
EX1,062,001,Rear Air Suspension (RAS) Module,,041,002,,,,,
EX1,062,001,Restraints Control Module (RCM),,046,001,,,,,
EX1,062,002,Anti-Lock Brake System (ABS),,042,001,,,,,
EX1,062,002,Anti-Lock Brake System (ABS),,042,003,,,,,
EX1,062,002,Brake Fluid Level Indicator Switch,4.2L,042,001,,,,,
EX1,062,002,Brake Fluid Level Indicator Switch,4.6L,042,001,,,,,
EX1,062,002,Brake Fluid Level Indicator Switch,5.4L,042,001,,,,,
EX1,062,002,Brake Fluid Level Indicator Switch,5.4L NGV,042,001,,,,,
EX1,062,002,Brake Fluid Level Indicator Switch,4.2L,042,003,,,,,
EX1,062,002,Brake Fluid Level Indicator Switch,4.6L,042,003,,,,,
EX1,062,002,Brake Fluid Level Indicator Switch,5.4L,042,003,,,,,
EX1,062,002,Brake Fluid Level Indicator Switch,5.4L NGV,042,003,,,,,
EX1,062,002,Central Junction Box,,013,010,,,,,
EX1,062,002,Compuvalve Module,,022,007,,,,,
EX1,062,002,Fuel Pump Assembly,Except 5.4L Lightning,023,007,,,,,
EX1,062,002,Fuel Pump Assembly,Except 5.4L Lightning,024,007,,,,,
EX1,062,002,Fuel Pump Assembly,Except 5.4L Lightning,025,007,,,,,
EX1,062,002,Fuel Pump Assembly,5.4L Lightning,027,007,,,,,
EX1,062,005,Autolamps,,087,004,,,,,
EX1,062,005,Headlamps,,085,001,,,,,
EX1,062,005,Instrument Cluster,,062,004,,,,,
EX1,062,005,Turn/Stop/Hazard Lamps,,090,001,,,,,
EX1,066,001,Central Timer Module (CTM),,059,002,,,,,
EX1,066,001,Central Timer Module (CTM),,059,002,,,,,
EX1,066,001,Generic Electronic Module (GEM),,059,001,,,,,
EX1,066,001,Generic Electronic Module (GEM),,059,001,,,,,
EX1,066,001,Grounds,,010,004,,,,,
EX1,066,001,Grounds,,010,007,,,,,
EX1,066,001,Grounds,,010,008,,,,,
EX1,066,001,Ignition Key Warning Switch,,059,001,,,,,
EX1,066,001,Main Light Switch,,013,017,,,,,
EX1,066,001,Main Light Switch,,149,001,,,,,
EX1,071,001,4 Wheel Drive Mode Switch,,034,001,,,,,
EX1,071,001,C206,,071,002,A,,,,
EX1,071,001,C234,,071,002,C,,,,
EX1,071,001,C237,,071,002,B,,,,
EX1,071,001,Central Junction Box,,013,011,,,,,
EX1,071,001,Function Selector Switch Assembly,W/ AC,053,001,,,,,
EX1,071,001,Function Selector Switch Assembly,W/O AC,053,001,,,,,
EX1,071,001,Function Selector Switch Assembly,W/ AC,054,001,,,,,
EX1,071,001,Function Selector Switch Assembly,W/O AC,054,001,,,,,
EX1,071,001,Grounds,,010,003,,,,,
EX1,071,001,Grounds,,010,004,,,,,
EX1,071,001,Main Light Switch,,013,017,,,,,
EX1,071,001,Main Light Switch,,149,001,,,,,
EX1,071,001,Power Distribution,,013,011,,,,,
EX1,071,001,Radio,,130,001,,,,,
EX1,071,001,Radio,,130,002,,,,,
EX1,071,001,Trailer Tow,Heavy Duty,095,003,,,,,
EX1,071,002,Air Bag Sliding Contact,,031,001,,,,,
EX1,071,002,Grounds,,010,003,,,,,
EX1,071,002,Grounds,,010,004,,,,,
EX1,071,002,Grounds,,010,007,,,,,
EX1,071,002,Grounds,,010,008,,,,,
EX1,071,002,Instrument Cluster,,062,004,,,,,
EX1,071,002,Left Power Door Lock Switch,W/O RAP,110,001,,,,,
EX1,071,002,Left Power Door Lock Switch,W/ RAP,110,003,,,,,
EX1,086,001,Autolamps,,087,002,,,,,
EX1,086,001,C243,,086,002,A,,,,
EX1,086,001,Daytime Running Lamps (DRL) Relay #2,,097,002,,,,,
EX1,086,001,Headlamps,,085,001,,,,,
EX1,086,001,Main Light Switch,,013,017,,,,,
EX1,086,001,Main Light Switch,,149,001,,,,,
EX1,086,001,Multifunction Switch,,149,004,,,,,
EX1,086,001,Power Distribution,,013,017,,,,,
EX1,086,002,Autolamps,,087,003,,,,,
EX1,086,002,Battery Junction Box,4.2L,013,003,,,,,
EX1,086,002,Battery Junction Box,4.6L,013,003,,,,,
EX1,086,002,Battery Junction Box,5.4L,013,003,,,,,
EX1,086,002,Battery Junction Box,5.4L NGV,013,003,,,,,
EX1,086,002,C214,,086,001,,,,,
EX1,086,002,Daytime Running Lamps (DRL) Resistor,4.2L,097,002,,,,,
EX1,086,002,Daytime Running Lamps (DRL) Resistor,4.6L,097,002,,,,,
EX1,086,002,Daytime Running Lamps (DRL) Resistor,5.4L,097,002,,,,,
EX1,086,002,Daytime Running Lamps (DRL) Resistor,5.4L NGV,097,002,,,,,
EX1,086,002,Grounds,,010,004,,,,,
EX1,086,002,Grounds,,010,005,,,,,
EX1,086,002,Headlamps,,085,001,,,,,
EX1,086,002,Main Light Switch,,013,017,,,,,
EX1,086,002,Main Light Switch,,149,001,,,,,
EX1,087,001,Battery Junction Box,4.2L,013,002,,,,,
EX1,087,001,Battery Junction Box,4.6L,013,002,,,,,
EX1,087,001,Battery Junction Box,5.4L,013,002,,,,,
EX1,087,001,Battery Junction Box,5.4L NGV,013,002,,,,,
EX1,087,001,C244,,087,002,J,,,,
EX1,087,001,C244,,087,002,K,,,,
EX1,087,001,C245,,087,002,L,,,,
EX1,087,001,C253,,087,003,Z,,,,
EX1,087,001,Central Junction Box,,013,008,,,,,
EX1,087,001,Central Junction Box,,013,012,,,,,
EX1,087,001,Power Distribution,,013,002,,,,,
EX1,087,001,Power Distribution,,013,008,,,,,
EX1,087,001,Power Distribution,,013,012,,,,,
EX1,087,001,Remote Anti-Theft Personality (RAP) Module,,117,001,,,,,
EX1,087,001,S224,,087,002,,,,,
EX1,089,001,Generic Electronic Module (GEM),,059,003,,,,,
EX1,089,001,Grounds,,010,002,,,,,
EX1,089,001,Grounds,,010,004,,,,,
EX1,089,001,Grounds,,010,008,,,,,
EX1,089,001,Main Light Switch,,013,017,,,,,
EX1,089,001,Main Light Switch,,149,001,,,,,
EX1,089,001,Multifunction Electronic Control Modules,,059,003,,,,,
EX1,089,002,C242,,089,001,B,,,,
EX1,089,002,Grounds,,010,007,,,,,
EX1,089,002,S240,,089,001,A,,,,
EX1,089,002,Turn/Stop/Hazard Lamps,,090,003,,,,,
EX1,090,001,C135,4.2L,090,002,C,,,,
EX1,090,001,C135,4.6L,090,002,C,,,,
EX1,090,001,C135,5.4L,090,002,C,,,,
EX1,090,001,C135,5.4L NGV,090,002,C,,,,
EX1,090,001,C145,4.2L,090,002,E,,,,
EX1,090,001,C145,4.6L,090,002,E,,,,
EX1,090,001,C145,5.4L,090,002,E,,,,
EX1,090,001,C145,5.4L NGV,090,002,E,,,,
EX1,090,001,C253,,090,002,A,,,,
EX1,090,001,C253,,090,002,B,,,,
EX1,090,001,Central Junction Box,,013,015,,,,,
EX1,090,001,Grounds,,010,003,,,,,
EX1,090,001,Grounds,,010,004,,,,,
EX1,090,001,Grounds,,010,008,,,,,
EX1,090,001,Instrument Cluster,,062,004,,,,,
EX1,090,001,Instrument Cluster,,062,005,,,,,
EX1,090,001,Left Exterior Rear View Mirror,,124,001,,,,,
EX1,090,001,Multifunction Switch,,149,006,,,,,
EX1,090,001,Power Distribution,,013,015,,,,,
EX1,090,001,Right Exterior Rear View Mirror,,124,001,,,,,
EX1,090,001,S221,,090,003,G,,,,
EX1,090,001,S231,,090,003,D,,,,
EX1,090,002,C159,,090,001,C,,,,
EX1,090,002,C159,,090,001,E,,,,
EX1,090,002,C258,,090,001,A,,,,
EX1,090,002,C258,,090,001,B,,,,
EX1,090,002,Exterior Lamps,,092,001,,,,,
EX1,090,002,Exterior Lamps,,092,002,,,,,
EX1,090,002,Grounds,,010,005,,,,,
EX1,090,002,Grounds,,010,006,,,,,
EX1,090,002,Trailer/Camper Adapter,,095,002,,,,,
EX1,090,003,C253,,090,001,D,,,,
EX1,092,001,Main Light Switch,,013,017,,,,,
EX1,092,001,Main Light Switch,,149,001,,,,,
EX1,092,001,Power Distribution,,013,002,,,,,
EX1,092,001,Power Distribution,,013,011,,,,,
EX1,092,001,Trailer Tow,Heavy Duty,095,003,,,,,
EX1,092,001,Trailer Tow Running Lamp Relay,4.2L,095,003,,,,,
EX1,092,001,Trailer Tow Running Lamp Relay,4.6L,095,003,,,,,
EX1,092,001,Trailer Tow Running Lamp Relay,5.4L,095,003,,,,,
EX1,092,001,Trailer Tow Running Lamp Relay,5.4L NGV,095,003,,,,,
EX1,092,001,Trailer Tow Running Lamp Relay,5.4L,095,003,,,,,
EX1,092,001,Turn/Stop/Hazard Lamps,,090,002,,,,,
EX1,092,002,Grounds,,010,006,,,,,
EX1,092,002,S115,,092,001,A,,,,
EX1,092,002,Turn/Stop/Hazard Lamps,,090,002,,,,,
EX1,093,001,Central Junction Box,,013,009,,,,,
EX1,093,001,Grounds,,010,006,,,,,
EX1,093,001,Power Distribution,,013,009,,,,,
EX1,093,001,Remote Anti-Theft Personality (RAP) Module,,117,002,,,,,
EX1,093,001,Trailer Tow Reversing Lamp Relay,4.2L,095,003,,,,,
EX1,093,001,Trailer Tow Reversing Lamp Relay,4.6L,095,003,,,,,
EX1,093,001,Trailer Tow Reversing Lamp Relay,5.4L,095,003,,,,,
EX1,093,001,Trailer Tow Reversing Lamp Relay,5.4L NGV,095,003,,,,,
EX1,095,001,C158,,095,002,A,,,,
EX1,095,001,C158,,095,002,B,,,,
EX1,095,001,Central Junction Box,,013,009,,,,,
EX1,095,001,Central Junction Box,,013,015,,,,,
EX1,095,001,Grounds,,010,003,,,,,
EX1,095,001,Multifunction Switch,,149,005,,,,,
EX1,095,001,Power Distribution,,013,015,,,,,
EX1,095,001,Turn/Stop/Hazard Lamps,,090,001,,,,,
EX1,095,001,Turn/Stop/Hazard Lamps,,090,001,,,,,
EX1,095,001,Turn/Stop/Hazard Lamps,,090,003,,,,,
EX1,095,002,Battery Junction Box,4.2L,013,003,,,,,
EX1,095,002,Battery Junction Box,4.6L,013,003,,,,,
EX1,095,002,Battery Junction Box,5.4L,013,003,,,,,
EX1,097,002,Battery Junction Box,4.6L,013,003,,,,,
EX1,097,002,Battery Junction Box,5.4L,013,003,,,,,
EX1,097,002,Battery Junction Box,5.4L NGV,013,003,,,,,
EX1,097,002,C159,,097,001,B,,,,
EX1,097,002,C160,4.2L,097,001,C,,,,
EX1,097,002,C160,4.6L,097,001,C,,,,
EX1,097,002,C160,5.4L,097,001,C,,,,
EX1,097,002,C160,5.4L NGV,097,001,C,,,,
EX1,097,002,C253,,097,001,F,,,,
EX1,097,002,Central Junction Box,,013,009,,,,,
EX1,097,002,Fog Lamps,,086,001,,,,,
EX1,097,002,Grounds,,010,004,,,,,
EX1,097,002,Power Distribution,,013,003,,,,,
EX1,097,002,S244,,097,001,E,,,,
EX1,100,001,Battery Junction Box,4.2L,013,006,,,,,
EX1,100,001,Battery Junction Box,4.6L,013,006,,,,,
EX1,100,001,Battery Junction Box,5.4L,013,006,,,,,
EX1,100,001,Battery Junction Box,5.4L NGV,013,006,,,,,
EX1,100,001,C509,,100,002,D,,,,
EX1,100,001,C509,,100,002,E,,,,
EX1,100,001,C509,,100,002,F,,,,
EX1,100,001,Generic Electronic Module (GEM),,059,003,,,,,
EX1,100,001,Generic Electronic Module (GEM),,059,003,,,,,
EX1,100,001,Generic Electronic Module (GEM),,059,003,,,,,
EX1,100,001,Grounds,,010,007,,,,,
EX1,100,001,Multifunction Electronic Control Modules,,059,003,,,,,
EX1,100,001,S248,,100,002,C,,,,
EX1,100,002,C248,,100,001,E,,,,
EX1,100,002,C248,,100,001,D,,,,
EX1,100,002,C248,,100,001,C,,,,
EX1,100,002,C506,,100,001,F,,,,
EX1,100,002,Grounds,,010,007,,,,,
EX1,100,002,Grounds,,010,008,,,,,
EX1,100,002,Instrument Illumination,,071,002,,,,,
EX1,110,001,Battery Junction Box,4.2L,013,006,,,,,
EX1,110,001,Battery Junction Box,4.6L,013,006,,,,,
EX1,110,001,Battery Junction Box,5.4L,013,006,,,,,
EX1,110,001,Battery Junction Box,5.4L NGV,013,006,,,,,
EX1,110,001,Grounds,,010,007,,,,,
EX1,110,001,Grounds,,010,008,,,,,
EX1,110,001,Instrument Illumination,,071,002,,,,,
EX1,117,002,Reversing Lamps,,093,001,,,,,
EX1,117,002,Right Power Door Lock Switch,W/O RAP,110,003,,,,,
EX1,117,002,Right Power Door Lock Switch,W/ RAP,110,003,,,,,
EX1,117,002,Turn/Stop/Hazard Lamps,,090,004,,,,,
EX1,120,001,Battery Junction Box,4.2L,013,004,,,,,
EX1,120,001,Battery Junction Box,4.6L,013,004,,,,,
EX1,120,001,Battery Junction Box,5.4L,013,004,,,,,
EX1,120,001,Battery Junction Box,5.4L NGV,013,004,,,,,
EX1,120,001,Grounds,,010,007,,,,,
EX1,124,001,Central Junction Box,,013,008,,,,,
EX1,124,001,Grounds,,010,007,,,,,
EX1,124,001,Grounds,,010,008,,,,,
EX1,124,001,Power Distribution,,013,008,,,,,
EX1,124,001,Turn/Stop/Hazard Lamps,,090,001,,,,,
EX1,130,001,Central Junction Box,,013,008,,,,,
EX1,130,001,Central Junction Box,,013,010,,,,,
EX1,130,001,Central Junction Box,,013,014,,,,,
EX1,130,001,Grounds,,010,004,,,,,
EX1,130,001,Grounds,,010,010,,,,,
EX1,130,001,Main Light Switch,,071,001,,,,,
EX1,130,001,Power Distribution,,013,008,,,,,
EX1,130,001,Power Distribution,,013,010,,,,,
EX1,130,001,Power Distribution,,013,014,,,,,
EX1,130,002,C266,,130,004,,,,,
EX1,130,002,Central Junction Box,,013,008,,,,,
EX1,130,002,Central Junction Box,,013,010,,,,,
EX1,130,002,Central Junction Box,,013,014,,,,,
EX1,130,002,Grounds,,010,004,,,,,
EX1,130,002,Grounds,,010,010,,,,,
EX1,130,002,Main Light Switch,,071,001,,,,,
EX1,130,002,Power Distribution,,013,008,,,,,
EX1,130,002,Power Distribution,,013,010,,,,,
EX1,130,002,Power Distribution,,013,014,,,,,
EX1,130,003,Engine Controls,,023,008,,,,,
EX1,130,003,Engine Controls,,024,008,,,,,
EX1,130,003,Engine Controls,,027,008,,,,,
EX1,130,003,Engine Controls,,025,008,,,,,
EX1,130,003,Engine Controls,,026,008,,,,,
EX1,130,003,Engine Controls,,022,008,,,,,
EX1,130,004,C265,,130,002,,,,,
EX1,062,002,Fuel Pump Assembly,Except 5.4L Lightning,022,007,,,,,
EX1,062,002,Grounds,,010,006,,,,,
EX1,062,002,Grounds,,010,009,,,,,
EX1,062,002,Instrument Cluster,,062,003,,,,,
EX1,062,002,Multiplex Communication Network,,014,002,,,,,
EX1,062,002,NGV Module,,026,009,,,,,
EX1,062,002,Power Distribution,,013,010,,,,,
EX1,062,003,C160,4.2L,062,004,B,,,,
EX1,062,003,C160,4.6L,062,004,B,,,,
EX1,062,003,C160,5.4L,062,004,B,,,,
EX1,062,003,C160,5.4L NGV,062,004,B,,,,
EX1,062,003,C222,,062,004,A,,,,
EX1,062,003,Generic Electronic Module (GEM),,059,004,,,,,
EX1,062,003,Inertia Fuel Shutoff Switch,,023,007,,,,,
EX1,062,003,Inertia Fuel Shutoff Switch,,024,007,,,,,
EX1,062,003,Inertia Fuel Shutoff Switch,,025,007,,,,,
EX1,062,003,Inertia Fuel Shutoff Switch,,027,010,,,,,
EX1,062,003,Inertia Fuel Shutoff Switch,,026,007,,,,,
EX1,062,003,Inertia Fuel Shutoff Switch,,022,007,,,,,
EX1,062,003,Instrument Cluster,,062,002,,,,,
EX1,062,003,Instrument Cluster,,062,004,,,,,
EX1,062,004,4 Wheel Anti-Lock Brake System (4WABS) Module,4.2L,042,004,,,,,
EX1,062,004,4 Wheel Anti-Lock Brake System (4WABS) Module,4.6L,042,004,,,,,
EX1,062,004,4 Wheel Anti-Lock Brake System (4WABS) Module,5.4L,042,004,,,,,
EX1,062,004,4 Wheel Anti-Lock Brake System (4WABS) Module,5.4L NGV,042,004,,,,,
EX1,062,004,Central Timer Module (CTM),,059,002,,,,,
EX1,062,004,Generic Electronic Module (GEM),,059,002,,,,,
EX1,062,004,Grounds,,010,004,,,,,
EX1,062,004,Instrument Cluster,,062,003,,,,,
EX1,062,004,Instrument Cluster,,062,005,,,,,
EX1,062,004,Instrument Illumination,,071,002,,,,,
EX1,062,004,Passive Anti-Theft System (PATS) Transceiver Module,,112,001,,,,,
EX1,062,004,Rear Anti-Lock Brake System (RABS) Module,,042,001,,,,,
EX1,062,004,S232,,062,003,A,,,,
EX1,062,004,S232,,062,003,B,,,,
EX1,071,002,Left Power Door Lock Switch,W/O RAP,110,003,,,,,
EX1,071,002,Left Power Window Switch,,100,002,,,,,
EX1,071,002,Right Power Door Lock Switch,W/O RAP,110,001,,,,,
EX1,071,002,Right Power Door Lock Switch,W/O RAP,110,003,,,,,
EX1,071,002,Right Power Door Lock Switch,W/ RAP,110,003,,,,,
EX1,071,002,Right Power Window Switch,,100,002,,,,,
EX1,071,002,S242,,071,001,C,,,,
EX1,071,002,S242,,071,001,B,,,,
EX1,071,002,S242,,071,001,A,,,,
EX1,081,001,Central Timer Module (CTM),,059,002,,,,,
EX1,081,001,Electric Shift Control,,034,001,,,,,
EX1,081,001,Multifunction Switch,,149,005,,,,,
EX1,081,002,Central Junction Box,,013,010,,,,,
EX1,081,002,Central Timer Module (CTM),,059,002,,,,,
EX1,081,002,Grounds,,010,002,,,,,
EX1,081,002,Grounds,,010,005,,,,,
EX1,085,001,Battery Junction Box,4.2L,013,002,,,,,
EX1,085,001,Battery Junction Box,4.6L,013,002,,,,,
EX1,085,001,Battery Junction Box,5.4L,013,002,,,,,
EX1,085,001,Battery Junction Box,5.4L NGV,013,002,,,,,
EX1,085,001,C159,,085,002,B,,,,
EX1,085,001,C160,4.2L,085,002,C,,,,
EX1,085,001,C160,4.6L,085,002,C,,,,
EX1,085,001,C160,5.4L,085,002,C,,,,
EX1,085,001,C160,5.4L NGV,085,002,C,,,,
EX1,085,001,C253,,085,002,D,,,,
EX1,085,001,Daytime Running Lamps (DRL) Relay #2,,097,002,,,,,
EX1,085,001,Fog Lamps,,086,001,,,,,
EX1,085,001,Main Light Switch,,013,017,,,,,
EX1,085,001,Main Light Switch,,149,001,,,,,
EX1,085,001,Multifunction Switch,,149,006,,,,,
EX1,085,001,Power Distribution,,013,002,,,,,
EX1,085,001,Power Distribution,,013,017,,,,,
EX1,085,001,S218,,085,002,A,,,,
EX1,085,002,C242,,085,001,A,,,,
EX1,085,002,C243,,085,001,B,,,,
EX1,085,002,C243,,085,001,C,,,,
EX1,085,002,Grounds,,010,005,,,,,
EX1,085,002,Grounds,,010,006,,,,,
EX1,085,002,Instrument Cluster,,062,005,,,,,
EX1,087,001,S244,,087,002,B,,,,
EX1,087,001,S244,,087,002,D,,,,
EX1,087,001,S244,,087,002,I,,,,
EX1,087,002,Battery Junction Box,4.2L,013,002,,,,,
EX1,087,002,Battery Junction Box,4.6L,013,002,,,,,
EX1,087,002,Battery Junction Box,5.4L,013,002,,,,,
EX1,087,002,Battery Junction Box,5.4L NGV,013,002,,,,,
EX1,087,002,C216,,087,001,K,,,,
EX1,087,002,C216,,087,001,J,,,,
EX1,087,002,C253,,087,003,A,,,,
EX1,087,002,Central Junction Box,,013,011,,,,,
EX1,087,002,Exterior Lamps,,092,001,,,,,
EX1,087,002,Grounds,,010,004,,,,,
EX1,087,002,Headlamp Relay,,087,001,D,,,,
EX1,087,002,Main Light Switch,,013,017,,,,,
EX1,087,002,Main Light Switch,,149,001,,,,,
EX1,087,002,Park Lamp Relay,,087,001,B,,,,
EX1,087,002,Power Distribution,,013,002,,,,,
EX1,087,002,Power Distribution,,013,017,,,,,
EX1,087,002,S241,,087,001,L,,,,
EX1,087,002,S245,,087,001,I,,,,
EX1,087,002,Trailer/Camper Adapter,,095,003,,,,,
EX1,087,003,C159,,087,004,F,,,,
EX1,087,003,C159,,087,004,G,,,,
EX1,087,003,C160,4.2L,087,004,H,,,,
EX1,087,003,C160,4.6L,087,004,H,,,,
EX1,087,003,C160,5.4L,087,004,H,,,,
EX1,087,003,C160,5.4L NGV,087,004,H,,,,
EX1,087,003,C214,,087,002,Y,,,,
EX1,087,003,Daytime Running Lamps (DRL) Relay #2,,097,002,,,,,
EX1,087,003,Fog Lamps,,086,001,,,,,
EX1,087,003,Multifunction Switch,,149,004,,,,,
EX1,087,003,S212,,087,001,Z,,,,
EX1,087,003,S244,,087,002,A,,,,
EX1,087,004,C242,,087,003,F,,,,
EX1,087,004,C243,,087,003,G,,,,
EX1,087,004,C243,,087,003,H,,,,
EX1,087,004,Grounds,,010,005,,,,,
EX1,087,004,Grounds,,010,006,,,,,
EX1,087,004,Instrument Cluster,,062,005,,,,,
EX1,089,001,C203,,089,002,A,,,,
EX1,089,001,C203,,089,002,B,,,,
EX1,089,001,Central Junction Box,,013,009,,,,,
EX1,089,001,Central Junction Box,,013,017,,,,,
EX1,090,003,Central Junction Box,,013,009,,,,,
EX1,090,003,Flasher Relay,,090,001,G,,,,
EX1,090,003,Grounds,,010,007,,,,,
EX1,090,003,Trailer Tow,Heavy Duty,095,001,,,,,
EX1,090,004,4 Wheel Anti-Lock Brake System (4WABS) Module,4.2L,042,003,,,,,
EX1,090,004,4 Wheel Anti-Lock Brake System (4WABS) Module,4.6L,042,003,,,,,
EX1,090,004,4 Wheel Anti-Lock Brake System (4WABS) Module,5.4L,042,003,,,,,
EX1,090,004,4 Wheel Anti-Lock Brake System (4WABS) Module,5.4L NGV,042,003,,,,,
EX1,090,004,Central Junction Box,,013,009,,,,,
EX1,090,004,Clutch Pedal Position (CPP) Switch Jumper,Automatic,031,002,,,,,
EX1,090,004,Generic Electronic Module (GEM),,059,004,,,,,
EX1,090,004,Grounds,,010,009,,,,,
EX1,090,004,Power Distribution,,013,016,,,,,
EX1,090,004,Powertrain Control Module (PCM),4.2L,023,003,,,,,
EX1,090,004,Powertrain Control Module (PCM),4.6L,024,003,,,,,
EX1,090,004,Powertrain Control Module (PCM),5.4L,025,003,,,,,
EX1,090,004,Powertrain Control Module (PCM),5.4L Lightning,027,003,,,,,
EX1,090,004,Powertrain Control Module (PCM),5.4L NGV,026,003,,,,,
EX1,090,004,Powertrain Control Module (PCM),5.4L Bi-Fuel,022,003,,,,,
EX1,090,004,Rear Anti-Lock Brake System (RABS) Module,,042,001,,,,,
EX1,090,004,Remote Anti-Theft Personality (RAP) Module,,117,002,,,,,
EX1,090,004,Shift Lock Actuator,,037,001,,,,,
EX1,092,001,Battery Junction Box,4.2L,013,002,,,,,
EX1,092,001,Battery Junction Box,4.6L,013,002,,,,,
EX1,092,001,Battery Junction Box,5.4L,013,002,,,,,
EX1,092,001,Battery Junction Box,5.4L NGV,013,002,,,,,
EX1,092,001,C148,4.2L,092,002,A,,,,
EX1,092,001,C148,4.6L,092,002,A,,,,
EX1,092,001,C148,5.4L,092,002,A,,,,
EX1,092,001,C148,5.4L NGV,092,002,A,,,,
EX1,092,001,C148,5.4L Lightning,092,002,A,,,,
EX1,092,001,C150,5.4L Lightning,092,002,A,,,,
EX1,092,001,Grounds,,010,005,,,,,
EX1,095,002,Battery Junction Box,5.4L NGV,013,003,,,,,
EX1,095,002,C253,,095,001,A,,,,
EX1,095,002,C253,,095,001,B,,,,
EX1,095,002,Central Junction Box,,013,015,,,,,
EX1,095,002,Grounds,,010,005,,,,,
EX1,095,002,Power Distribution,,013,015,,,,,
EX1,095,002,Turn/Stop/Hazard Lamps,,090,002,,,,,
EX1,095,003,Battery Junction Box,4.2L,013,001,,,,,
EX1,095,003,Battery Junction Box,4.6L,013,001,,,,,
EX1,095,003,Battery Junction Box,5.4L,013,001,,,,,
EX1,095,003,Battery Junction Box,5.4L NGV,013,001,,,,,
EX1,095,003,Battery Junction Box,4.2L,013,006,,,,,
EX1,095,003,Battery Junction Box,4.6L,013,006,,,,,
EX1,095,003,Battery Junction Box,5.4L,013,006,,,,,
EX1,095,003,Battery Junction Box,5.4L NGV,013,006,,,,,
EX1,095,003,Exterior Lamps,,092,001,,,,,
EX1,095,003,Grounds,,010,003,,,,,
EX1,095,003,Grounds,,010,005,,,,,
EX1,095,003,Main Light Switch,,013,017,,,,,
EX1,095,003,Main Light Switch,,149,001,,,,,
EX1,095,003,Power Distribution,,013,011,,,,,
EX1,095,003,Reversing Lamps,,093,001,,,,,
EX1,097,001,Battery Junction Box,4.2L,013,002,,,,,
EX1,097,001,Battery Junction Box,4.6L,013,002,,,,,
EX1,097,001,Battery Junction Box,5.4L,013,002,,,,,
EX1,097,001,Battery Junction Box,5.4L NGV,013,002,,,,,
EX1,097,001,C214,,097,002,E,,,,
EX1,097,001,C214,,097,002,F,,,,
EX1,097,001,C243,,097,002,B,,,,
EX1,097,001,C243,,097,002,C,,,,
EX1,097,001,Grounds,,010,005,,,,,
EX1,097,001,Grounds,,010,006,,,,,
EX1,097,001,Instrument Cluster,,062,005,,,,,
EX1,097,001,Main Light Switch,,013,017,,,,,
EX1,097,001,Main Light Switch,,149,001,,,,,
EX1,097,001,Multifunction Switch,,149,004,,,,,
EX1,097,001,Power Distribution,,013,002,,,,,
EX1,097,001,Power Distribution,,013,017,,,,,
EX1,097,002,Battery Junction Box,4.2L,013,003,,,,,
EX1,110,002,Battery Junction Box,4.2L,013,006,,,,,
EX1,110,002,Battery Junction Box,4.6L,013,006,,,,,
EX1,110,002,Battery Junction Box,5.4L,013,006,,,,,
EX1,110,002,Battery Junction Box,5.4L NGV,013,006,,,,,
EX1,110,002,Grounds,,010,008,,,,,
EX1,110,002,Power Distribution,,013,006,,,,,
EX1,110,002,Remote Anti-Theft Personality (RAP) Module,,117,002,,,,,
EX1,110,002,S234,,110,003,A,,,,
EX1,110,002,S235,,110,003,B,,,,
EX1,110,003,All Lock Relay,,110,002,A,,,,
EX1,110,003,All Unlock Relay,,110,002,B,,,,
EX1,110,003,Grounds,,010,007,,,,,
EX1,110,003,Grounds,,010,008,,,,,
EX1,110,003,Instrument Illumination,,071,002,,,,,
EX1,110,003,Remote Anti-Theft Personality (RAP) Module,,117,002,,,,,
EX1,112,001,Central Junction Box,,013,012,,,,,
EX1,112,001,Grounds,,010,009,,,,,
EX1,112,001,Instrument Cluster,,062,004,,,,,
EX1,112,001,Power Distribution,,013,012,,,,,
EX1,117,001,Autolamps,,087,001,,,,,
EX1,117,001,Central Junction Box,,013,008,,,,,
EX1,117,001,Central Junction Box,,013,010,,,,,
EX1,117,001,Generic Electronic Module (GEM),,059,004,,,,,
EX1,117,001,Grounds,,010,009,,,,,
EX1,117,001,Horn/Cigar Lighter,,044,001,,,,,
EX1,117,001,Power Distribution,,013,008,,,,,
EX1,117,001,Power Distribution,,013,010,,,,,
EX1,117,001,Rear Air Suspension (RAS) Module,,041,002,,,,,
EX1,117,002,Central Junction Box,,013,009,,,,,
EX1,117,002,Data Link Connector (DLC),,014,001,,,,,
EX1,117,002,Grounds,,010,007,,,,,
EX1,117,002,Grounds,,010,008,,,,,
EX1,117,002,Left Power Door Lock Switch,W/ RAP,110,003,,,,,
EX1,117,002,Left Power Door Lock Switch,W/O RAP,110,003,,,,,
EX1,117,002,Multiplex Communication Network,,014,001,,,,,
EX1,117,002,Power Distribution,,013,016,,,,,
EX1,117,002,Power Door Locks,,110,002,,,,,
EX1,117,002,Power Door Locks,,110,003,,,,,
EX1,130,004,Central Junction Box,,013,008,,,,,
EX1,130,004,Grounds,,010,010,,,,,
EX1,130,004,Power Distribution,,013,008,,,,,
