EVTM,CELL,PAGE,NAME,QUALIFIER,REFCELL,REFPAGE,CARROT,PAGEID1,PAGEID2,ITEMID_,CELLID2
Exn,010,001,4 Wheel Anti-Lock Brake System (4WABS) Module,4.0L EI,042,001,,,,,
Exn,010,001,4 Wheel Anti-Lock Brake System (4WABS) Module,4.0L SOHC,042,001,,,,,
Exn,010,001,4 Wheel Anti-Lock Brake System (4WABS) Module,5.0L,042,001,,,,,
Exn,010,003,4 Wheel Anti-Lock Brake System (4WABS) Module,4.0L EI,042,001,,,,,
Exn,010,003,4 Wheel Anti-Lock Brake System (4WABS) Module,4.0L SOHC,042,001,,,,,
Exn,010,003,4 Wheel Anti-Lock Brake System (4WABS) Module,5.0L,042,001,,,,,
Exn,013,002,4 Wheel Anti-Lock Brake System (4WABS) Module,4.0L EI,042,001,,,,,
Exn,013,002,4 Wheel Anti-Lock Brake System (4WABS) Module,4.0L SOHC,042,001,,,,,
Exn,013,002,4 Wheel Anti-Lock Brake System (4WABS) Module,5.0L,042,001,,,,,
Exn,013,013,4 Wheel Anti-Lock Brake System (4WABS) Module,4.0L EI,042,001,,,,,
Exn,013,013,4 Wheel Anti-Lock Brake System (4WABS) Module,4.0L SOHC,042,001,,,,,
Exn,013,013,4 Wheel Anti-Lock Brake System (4WABS) Module,5.0L,042,001,,,,,
Exn,014,001,4 Wheel Anti-Lock Brake System (4WABS) Module,4.0L EI,042,001,,,,,
Exn,014,001,4 Wheel Anti-Lock Brake System (4WABS) Module,4.0L SOHC,042,001,,,,,
Exn,014,001,4 Wheel Anti-Lock Brake System (4WABS) Module,5.0L,042,001,,,,,
Exn,029,002,4 Wheel Anti-Lock Brake System (4WABS) Module,4.0L SOHC,042,001,,,,,
Exn,029,002,4 Wheel Anti-Lock Brake System (4WABS) Module,4.0L EI,042,001,,,,,
Exn,030,002,4 Wheel Anti-Lock Brake System (4WABS) Module,5.0L,042,001,,,,,
Exn,031,002,4 Wheel Anti-Lock Brake System (4WABS) Module,4.0L EI,042,001,,,,,
Exn,031,002,4 Wheel Anti-Lock Brake System (4WABS) Module,4.0L SOHC,042,001,,,,,
Exn,031,002,4 Wheel Anti-Lock Brake System (4WABS) Module,5.0L,042,001,,,,,
Exn,034,003,4 Wheel Anti-Lock Brake System (4WABS) Module,4.0L EI,042,002,,,,,
Exn,034,003,4 Wheel Anti-Lock Brake System (4WABS) Module,4.0L SOHC,042,002,,,,,
Exn,034,003,4 Wheel Anti-Lock Brake System (4WABS) Module,5.0L,042,002,,,,,
Exn,059,002,4 Wheel Anti-Lock Brake System (4WABS) Module,4.0L EI,042,001,,,,,
Exn,059,002,4 Wheel Anti-Lock Brake System (4WABS) Module,4.0L SOHC,042,001,,,,,
Exn,059,002,4 Wheel Anti-Lock Brake System (4WABS) Module,5.0L,042,001,,,,,
Exn,059,003,4 Wheel Anti-Lock Brake System (4WABS) Module,4.0L EI,042,001,,,,,
Exn,059,003,4 Wheel Anti-Lock Brake System (4WABS) Module,4.0L SOHC,042,001,,,,,
Exn,059,003,4 Wheel Anti-Lock Brake System (4WABS) Module,5.0L,042,001,,,,,
Exn,059,006,4 Wheel Anti-Lock Brake System (4WABS) Module,4.0L EI,042,001,,,,,
Exn,059,006,4 Wheel Anti-Lock Brake System (4WABS) Module,4.0L SOHC,042,001,,,,,
Exn,059,006,4 Wheel Anti-Lock Brake System (4WABS) Module,5.0L,042,001,,,,,
Exn,062,001,4 Wheel Anti-Lock Brake System (4WABS) Module,4.0L EI,042,001,,,,,
Exn,062,001,4 Wheel Anti-Lock Brake System (4WABS) Module,4.0L SOHC,042,001,,,,,
Exn,062,001,4 Wheel Anti-Lock Brake System (4WABS) Module,5.0L,042,001,,,,,
Exn,064,001,4 Wheel Anti-Lock Brake System (4WABS) Module,4.0L EI,042,001,,,,,
Exn,064,001,4 Wheel Anti-Lock Brake System (4WABS) Module,4.0L SOHC,042,001,,,,,
Exn,064,001,4 Wheel Anti-Lock Brake System (4WABS) Module,5.0L,042,001,,,,,
Exn,013,008,4R70W Transmission,,030,004,,,,,
Exn,010,004,4WD Mode Switch,,034,001,,,,,
Exn,010,004,4WD Mode Switch,,071,003,,,,,
Exn,059,002,4WD Mode Switch,,034,001,,,,,
Exn,071,003,4WD Mode Switch,,034,001,,,,,
Exn,013,006,5R55E Transmission,,029,004,,,,,
Exn,013,007,5R55E Transmission,,029,004,,,,,
Exn,023,003,5R55E Transmission,,029,004,,,,,
Exn,023,007,5R55E Transmission,,029,004,,,,,
Exn,024,002,5R55E Transmission,,029,004,,,,,
Exn,024,007,5R55E Transmission,,029,004,,,,,
Exn,010,001,A/C Clutch Diode,,054,003,,,,,
Exn,010,001,A/C Clutch Diode,,055,003,,,,,
Exn,010,001,A/C Compressor Clutch Solenoid,4.0L EI,054,003,,,,,
Exn,010,001,A/C Compressor Clutch Solenoid,4.0L SOHC,054,003,,,,,
Exn,010,001,A/C Compressor Clutch Solenoid,5.0L,054,003,,,,,
Exn,010,001,A/C Compressor Clutch Solenoid,4.0L EI,055,003,,,,,
Exn,010,001,A/C Compressor Clutch Solenoid,4.0L SOHC,055,003,,,,,
Exn,010,001,A/C Compressor Clutch Solenoid,5.0L,055,003,,,,,
Exn,010,006,A/C Pressure Cutoff Switch,4.0L EI,054,003,,,,,
Exn,010,006,A/C Pressure Cutoff Switch,4.0L SOHC,054,003,,,,,
Exn,010,006,A/C Pressure Cutoff Switch,5.0L,054,003,,,,,
Exn,010,006,A/C Pressure Cutoff Switch,4.0L EI,055,003,,,,,
Exn,010,006,A/C Pressure Cutoff Switch,4.0L SOHC,055,003,,,,,
Exn,010,006,A/C Pressure Cutoff Switch,5.0L,055,003,,,,,
Exn,013,001,A/C Relay,,054,003,,,,,
Exn,013,001,A/C Relay,,055,003,,,,,
Exn,013,005,A/C Relay,,054,003,,,,,
Exn,013,005,A/C Relay,,055,003,,,,,
Exn,023,001,A/C Relay,,054,003,,,,,
Exn,023,001,A/C Relay,,055,003,,,,,
Exn,024,001,A/C Relay,,054,003,,,,,
Exn,024,001,A/C Relay,,055,003,,,,,
Exn,025,002,A/C Relay,,054,003,,,,,
Exn,025,002,A/C Relay,,055,003,,,,,
Exn,013,002,Accessory Delay Relay,,034,002,,,,,
Exn,010,007,Air Bag Sliding Contact,With Auxiliary Controls,031,002,,,,,
Exn,010,007,Air Bag Sliding Contact,Without Auxiliary Controls,031,002,,,,,
Exn,071,006,Air Bag Sliding Contact,Without Auxiliary Controls,031,002,,,,,
Exn,071,006,Air Bag Sliding Contact,With Auxiliary Controls,031,002,,,,,
Exn,130,006,Air Bag Sliding Contact,With Auxiliary Controls,055,004,,,,,
Exn,130,006,Air Bag Sliding Contact,Without Auxiliary Controls,055,004,,,,,
Exn,023,005,Air Conditioner/Heater,,054,003,,,,,
Exn,024,008,Air Conditioner/Heater,,054,003,,,,,
Exn,025,002,Air Conditioner/Heater,,054,003,,,,,
Exn,010,007,Air Suspension Control Compressor Assembly,,041,001,,,,,
Exn,010,008,Air Suspension Control Compressor Assembly,,041,001,,,,,
Exn,013,013,Air Suspension Control Module,,041,003,,,,,
Exn,014,001,Air Suspension Control Module,,041,001,,,,,
Exn,023,005,Air Suspension Control Module,,041,001,,,,,
Exn,024,003,Air Suspension Control Module,,041,001,,,,,
Exn,025,007,Air Suspension Control Module,,041,001,,,,,
Exn,059,002,Air Suspension Control Module,,041,002,,,,,
Exn,059,004,Air Suspension Control Module,,041,002,,,,,
Exn,059,006,Air Suspension Control Module,,041,001,,,,,
Exn,062,003,Air Suspension Control Module,,041,003,,,,,
Exn,064,001,Air Suspension Control Module,,041,001,,,,,
Exn,010,002,Air Suspension Control Relay,4.0L EI,041,001,,,,,
Exn,010,002,Air Suspension Control Relay,4.0L SOHC,041,001,,,,,
Exn,010,002,Air Suspension Control Relay,5.0L,041,001,,,,,
Exn,013,004,Air Suspension Control Relay,4.0L EI,041,001,,,,,
Exn,013,004,Air Suspension Control Relay,4.0L SOHC,041,001,,,,,
Exn,013,004,Air Suspension Control Relay,5.0L,041,001,,,,,
Exn,013,004,Air Suspension Switch,,041,001,,,,,
Exn,059,006,Anti-Lock Brake System (ABS),,042,002,,,,,
Exn,062,003,Anti-Lock Brake System (ABS),,042,002,,,,,
Exn,014,001,Anti-Theft,,112,001,,,,,
Exn,021,001,Anti-Theft,,112,001,,,,,
Exn,021,002,Anti-Theft,,112,001,,,,,
Exn,010,002,Anti-Theft Hood Switch,4.0L EI,117,002,,,,,
Exn,010,002,Anti-Theft Hood Switch,4.0L SOHC,117,002,,,,,
Exn,010,002,Anti-Theft Hood Switch,5.0L,117,002,,,,,
Exn,010,004,Ashtray Illumination,,071,003,,,,,
Exn,010,005,Ashtray Illumination,,071,003,,,,,
Exn,013,024,Autolamps,,087,002,,,,,
Exn,071,005,Autolamps,,087,001,,,,,
Exn,086,002,Autolamps,,087,001,,,,,
Exn,092,001,Autolamps,,087,001,,,,,
Exn,117,001,Autolamps,,087,001,,,,,
Exn,071,001,Automatic Day/Night Mirrors,,125,001,,,,,
Exn,087,001,Automatic Day/Night Mirrors,,125,001,,,,,
Exn,092,001,Automatic Day/Night Mirrors,,125,001,,,,,
Exn,093,001,Automatic Day/Night Mirrors,,125,001,,,,,
Exn,093,002,Automatic Day/Night Mirrors,,125,001,,,,,
Exn,010,004,Auxiliary Power,,044,002,,,,,
Exn,010,005,Auxiliary Power,,044,002,,,,,
Exn,013,018,Auxiliary Power,,044,002,,,,,
Exn,010,002,Auxiliary Relay Box #1,4.0L EI,010,013,E,,,,
Exn,010,002,Auxiliary Relay Box #1,4.0L SOHC,010,013,E,,,,
Exn,010,002,Auxiliary Relay Box #1,5.0L,010,013,E,,,,
Exn,013,019,Auxiliary Relay Box #1,4.0L EI,085,001,,,,,
Exn,013,019,Auxiliary Relay Box #1,4.0L SOHC,085,001,,,,,
Exn,013,019,Auxiliary Relay Box #1,5.0L,085,001,,,,,
Exn,082,001,Auxiliary Relay Box #1,4.0L EI,082,003,B,,,,
Exn,082,001,Auxiliary Relay Box #1,4.0L SOHC,082,003,B,,,,
Exn,082,001,Auxiliary Relay Box #1,5.0L,082,003,B,,,,
Exn,012,001,Battery Junction Box,4.0L EI,013,001,,,,,
Exn,012,001,Battery Junction Box,4.0L SOHC,013,001,,,,,
Exn,012,001,Battery Junction Box,5.0L,013,001,,,,,
Exn,012,001,Battery Junction Box,4.0L EI,013,003,,,,,
Exn,012,001,Battery Junction Box,4.0L SOHC,013,003,,,,,
Exn,012,001,Battery Junction Box,5.0L,013,003,,,,,
Exn,013,001,Battery Junction Box,4.0L EI,013,002,,,,,
Exn,013,001,Battery Junction Box,4.0L SOHC,013,002,,,,,
Exn,013,001,Battery Junction Box,5.0L,013,002,,,,,
Exn,013,005,Battery Junction Box,4.0L EI,013,004,O,,,,
Exn,013,005,Battery Junction Box,4.0L SOHC,013,004,O,,,,
Exn,013,005,Battery Junction Box,5.0L,013,004,O,,,,
Exn,013,006,Battery Junction Box,4.0L EI,013,005,H,,,,
Exn,013,007,Battery Junction Box,4.0L SOHC,013,005,I,,,,
Exn,013,008,Battery Junction Box,5.0L,013,005,J,,,,
Exn,013,024,Battery Junction Box,4.0L EI,013,002,,,,,
Exn,013,024,Battery Junction Box,4.0L SOHC,013,002,,,,,
Exn,013,024,Battery Junction Box,5.0L,013,002,,,,,
Exn,013,024,Battery Junction Box,4.0L EI,013,003,,,,,
Exn,013,024,Battery Junction Box,4.0L SOHC,013,003,,,,,
Exn,013,024,Battery Junction Box,5.0L,013,003,,,,,
Exn,020,001,Battery Junction Box,4.0L EI,013,003,,,,,
Exn,020,002,Battery Junction Box,4.0L EI,013,003,,,,,
Exn,020,002,Battery Junction Box,4.0L SOHC,013,003,,,,,
Exn,020,002,Battery Junction Box,5.0L,013,003,,,,,
Exn,020,003,Battery Junction Box,4.0L EI,013,003,,,,,
Exn,020,003,Battery Junction Box,4.0L SOHC,013,003,,,,,
Exn,020,003,Battery Junction Box,5.0L,013,003,,,,,
Exn,023,001,Battery Junction Box,4.0L SOHC,013,002,,,,,
Exn,023,001,Battery Junction Box,4.0L SOHC,013,004,,,,,
Exn,023,001,Battery Junction Box,4.0L SOHC,013,005,,,,,
Exn,023,001,Battery Junction Box,4.0L SOHC,013,016,,,,,
Exn,023,001,Battery Junction Box,4.0L SOHC,023,003,G,,,,
Exn,023,005,Battery Junction Box,4.0L SOHC,013,001,,,,,
Exn,023,007,Battery Junction Box,4.0L SOHC,013,005,,,,,
Exn,024,001,Battery Junction Box,4.0L EI,013,002,,,,,
Exn,024,001,Battery Junction Box,4.0L EI,013,005,,,,,
Exn,024,001,Battery Junction Box,4.0L EI,013,016,,,,,
Exn,024,001,Battery Junction Box,4.0L EI,024,004,G,,,,
Exn,024,004,Battery Junction Box,4.0L EI,013,005,,,,,
Exn,024,006,Battery Junction Box,4.0L EI,013,001,,,,,
Exn,024,006,Battery Junction Box,4.0L EI,013,005,,,,,
exN,024,007,Battery Junction Box,4.0L EI,013,005,,,,,
Exn,025,001,Battery Junction Box,5.0L,013,001,,,,,
Exn,025,001,Battery Junction Box,5.0L,013,002,,,,,
Exn,025,001,Battery Junction Box,5.0L,013,004,,,,,
Exn,025,001,Battery Junction Box,5.0L,013,005,,,,,
Exn,025,001,Battery Junction Box,5.0L,013,016,,,,,
Exn,025,002,Battery Junction Box,5.0L,013,001,,,,,
Exn,025,002,Battery Junction Box,5.0L,025,006,E,,,,
Exn,025,006,Battery Junction Box,5.0L,013,005,,,,,
Exn,029,001,Battery Junction Box,4.0L EI,013,004,,,,,
Exn,029,001,Battery Junction Box,4.0L SOHC,013,004,,,,,
Exn,029,001,Battery Junction Box,4.0L EI,013,016,,,,,
Exn,029,001,Battery Junction Box,4.0L SOHC,013,016,,,,,
Exn,030,001,Battery Junction Box,5.0L,013,004,,,,,
Exn,030,001,Battery Junction Box,5.0L,013,005,,,,,
Exn,030,001,Battery Junction Box,5.0L,013,016,,,,,
Exn,030,004,Battery Junction Box,5.0L,030,001,A,,,,
Exn,034,002,Battery Junction Box,4.0L EI,013,002,,,,,
Exn,034,002,Battery Junction Box,4.0L SOHC,013,002,,,,,
Exn,034,002,Battery Junction Box,5.0L,013,002,,,,,
Exn,034,002,Battery Junction Box,4.0L EI,013,003,,,,,
Exn,034,002,Battery Junction Box,4.0L SOHC,013,003,,,,,
Exn,034,002,Battery Junction Box,5.0L,013,003,,,,,
Exn,041,001,Battery Junction Box,4.0L EI,013,004,,,,,
Exn,041,001,Battery Junction Box,4.0L SOHC,013,004,,,,,
Exn,041,001,Battery Junction Box,5.0L,013,004,,,,,
Exn,042,001,Battery Junction Box,4.0L EI,013,002,,,,,
Exn,042,001,Battery Junction Box,4.0L SOHC,013,002,,,,,
Exn,042,001,Battery Junction Box,5.0L,013,002,,,,,
Exn,044,001,Battery Junction Box,4.0L EI,013,001,,,,,
Exn,044,001,Battery Junction Box,4.0L SOHC,013,001,,,,,
Exn,044,001,Battery Junction Box,5.0L,013,001,,,,,
Exn,054,001,Battery Junction Box,4.0L EI,013,001,,,,,
Exn,054,001,Battery Junction Box,4.0L SOHC,013,001,,,,,
Exn,054,001,Battery Junction Box,5.0L,013,001,,,,,
Exn,054,003,Battery Junction Box,4.0L EI,013,001,,,,,
Exn,054,003,Battery Junction Box,4.0L SOHC,013,001,,,,,
Exn,054,003,Battery Junction Box,5.0L,013,001,,,,,
Exn,055,001,Battery Junction Box,4.0L EI,013,001,,,,,
Exn,055,001,Battery Junction Box,4.0L SOHC,013,001,,,,,
Exn,055,001,Battery Junction Box,5.0L,013,001,,,,,
Exn,055,003,Battery Junction Box,4.0L EI,013,001,,,,,
Exn,055,003,Battery Junction Box,4.0L SOHC,013,001,,,,,
Exn,055,003,Battery Junction Box,5.0L,013,001,,,,,
Exn,056,001,Battery Junction Box,4.0L EI,013,003,,,,,
Exn,056,001,Battery Junction Box,4.0L SOHC,013,003,,,,,
Exn,056,001,Battery Junction Box,5.0L,013,003,,,,,
Exn,071,001,Battery Junction Box,4.0L EI,013,002,,,,,
Exn,071,001,Battery Junction Box,4.0L SOHC,013,002,,,,,
Exn,071,001,Battery Junction Box,5.0L,013,002,,,,,
Exn,082,002,Battery Junction Box,4.0L EI,013,004,,,,,
Exn,082,002,Battery Junction Box,4.0L SOHC,013,004,,,,,
Exn,082,002,Battery Junction Box,5.0L,013,004,,,,,
Exn,085,001,Battery Junction Box,4.0L EI,013,003,,,,,
Exn,085,001,Battery Junction Box,4.0L SOHC,013,003,,,,,
Exn,085,001,Battery Junction Box,5.0L,013,003,,,,,
Exn,086,001,Battery Junction Box,4.0L EI,013,003,,,,,
Exn,086,001,Battery Junction Box,4.0L SOHC,013,003,,,,,
Exn,086,001,Battery Junction Box,5.0L,013,003,,,,,
Exn,086,002,Battery Junction Box,4.0L EI,013,002,,,,,
Exn,086,002,Battery Junction Box,4.0L SOHC,013,002,,,,,
Exn,086,002,Battery Junction Box,5.0L,013,002,,,,,
Exn,087,001,Battery Junction Box,4.0L EI,013,002,,,,,
Exn,087,001,Battery Junction Box,4.0L SOHC,013,002,,,,,
Exn,087,001,Battery Junction Box,5.0L,013,002,,,,,
Exn,087,002,Battery Junction Box,4.0L EI,013,002,,,,,
Exn,087,002,Battery Junction Box,4.0L SOHC,013,002,,,,,
Exn,087,002,Battery Junction Box,5.0L,013,002,,,,,
Exn,087,002,Battery Junction Box,4.0L EI,013,003,,,,,
Exn,087,002,Battery Junction Box,4.0L SOHC,013,003,,,,,
Exn,087,002,Battery Junction Box,5.0L,013,003,,,,,
Exn,092,001,Battery Junction Box,4.0L EI,013,002,,,,,
Exn,092,001,Battery Junction Box,4.0L SOHC,013,002,,,,,
Exn,092,001,Battery Junction Box,5.0L,013,002,,,,,
Exn,097,001,Battery Junction Box,4.0L EI,013,001,,,,,
Exn,097,001,Battery Junction Box,4.0L SOHC,013,001,,,,,
Exn,097,001,Battery Junction Box,5.0L,013,001,,,,,
Exn,097,002,Battery Junction Box,4.0L EI,013,003,,,,,
Exn,097,002,Battery Junction Box,4.0L SOHC,013,003,,,,,
Exn,097,002,Battery Junction Box,5.0L,013,003,,,,,
Exn,100,001,Battery Junction Box,4.0L EI,013,002,,,,,
Exn,100,001,Battery Junction Box,4.0L SOHC,013,002,,,,,
Exn,100,001,Battery Junction Box,5.0L,013,002,,,,,
Exn,101,001,Battery Junction Box,4.0L EI,013,002,,,,,
Exn,101,001,Battery Junction Box,4.0L SOHC,013,002,,,,,
Exn,101,001,Battery Junction Box,5.0L,013,002,,,,,
Exn,117,001,Battery Junction Box,4.0L EI,013,001,,,,,
Exn,117,001,Battery Junction Box,4.0L SOHC,013,001,,,,,
Exn,117,001,Battery Junction Box,5.0L,013,001,,,,,
Exn,119,001,Battery Junction Box,4.0L EI,013,002,,,,,
Exn,119,001,Battery Junction Box,4.0L SOHC,013,002,,,,,
Exn,119,001,Battery Junction Box,5.0L,013,002,,,,,
Exn,013,018,Battery Saver Relay,,071,001,,,,,
Exn,010,003,Blend Door Actuator,W/O EATC,054,002,,,,,
Exn,013,013,Blend Door Actuator,W/O EATC,054,002,,,,,
Exn,013,001,Blower Motor Relay,4.0L EI,054,001,,,,,
Exn,013,001,Blower Motor Relay,4.0L SOHC,054,001,,,,,
Exn,013,001,Blower Motor Relay,5.0L,054,001,,,,,
Exn,013,001,Blower Motor Relay,4.0L EI,055,001,,,,,
Exn,013,001,Blower Motor Relay,4.0L SOHC,055,001,,,,,
Exn,013,001,Blower Motor Relay,5.0L,055,001,,,,,
Exn,013,013,Blower Motor Relay,4.0L EI,054,001,,,,,
Exn,013,013,Blower Motor Relay,4.0L SOHC,054,001,,,,,
Exn,013,013,Blower Motor Relay,5.0L,054,001,,,,,
Exn,010,002,Blower Motor Speed Controller,4.0L SOHC,055,001,,,,,
Exn,010,002,Blower Motor Speed Controller,5.0L,055,001,,,,,
Exn,010,001,Brake Fluid Level Warning Switch,4.0L EI,062,004,,,,,
Exn,010,001,Brake Fluid Level Warning Switch,4.0L SOHC,062,004,,,,,
Exn,010,001,Brake Fluid Level Warning Switch,5.0L,062,004,,,,,
Exn,013,023,Brake Fluid Level Warning Switch,4.0L EI,062,004,,,,,
Exn,013,023,Brake Fluid Level Warning Switch,4.0L SOHC,062,004,,,,,
Exn,013,023,Brake Fluid Level Warning Switch,5.0L,062,004,,,,,
Exn,097,001,Brake Fluid Level Warning Switch,4.0L EI,062,004,,,,,
Exn,097,001,Brake Fluid Level Warning Switch,4.0L SOHC,062,004,,,,,
Exn,097,001,Brake Fluid Level Warning Switch,5.0L,062,004,,,,,
Exn,010,004,Brake Pedal Position (BPP) Switch,,090,003,,,,,
Exn,013,012,Brake Pedal Position (BPP) Switch,,090,003,,,,,
Exn,029,002,Brake Pedal Position (BPP) Switch,,090,003,,,,,
Exn,030,002,Brake Pedal Position (BPP) Switch,,090,003,,,,,
Exn,031,001,Brake Pedal Position (BPP) Switch,,090,003,,,,,
Exn,034,001,Brake Pedal Position (BPP) Switch,,090,003,,,,,
Exn,041,001,Brake Pedal Position (BPP) Switch,,090,003,,,,,
Exn,042,001,Brake Pedal Position (BPP) Switch,,090,003,,,,,
Exn,059,006,Brake Pedal Position (BPP) Switch,,090,003,,,,,
Exn,095,001,Brake Pedal Position (BPP) Switch,,090,003,,,,,
Exn,117,002,Brake Pedal Position (BPP) Switch,,090,003,,,,,
Exn,013,012,Brake Pressure Switch,4.0L EI,031,001,,,,,
Exn,013,012,Brake Pressure Switch,4.0L SOHC,031,001,,,,,
Exn,013,012,Brake Pressure Switch,5.0L,031,001,,,,,
Exn,023,002,C111,4.0L SOHC,023,006,B,,,,
Exn,023,004,C111,4.0L SOHC,023,006,D,,,,
Exn,024,002,C111,4.0L EI,024,008,M,,,,
Exn,024,003,C111,4.0L EI,024,008,B,,,,
Exn,025,005,C111,5.0L,025,004,F,,,,
Exn,013,005,C115,4.0L EI,013,006,H,,,,
Exn,013,005,C115,4.0L SOHC,013,007,I,,,,
Exn,013,005,C115,5.0L,013,008,J,,,,
Exn,013,009,C115,4.0L EI,013,005,K,,,,
Exn,013,010,C115,4.0L SOHC,013,005,L,,,,
Exn,013,011,C115,5.0L,013,005,M,,,,
Exn,023,004,C115,4.0L SOHC,023,005,J,,,,
Exn,024,002,C115,4.0L EI,024,006,J,,,,
Exn,024,003,C115,4.0L EI,024,001,H,,,,
Exn,024,003,C115,4.0L EI,024,004,E,,,,
Exn,025,004,C115,5.0L,025,002,C,,,,
Exn,025,005,C115,5.0L,025,003,Q,,,,
Exn,029,001,C115,4.0L EI,029,004,A,,,,
Exn,029,001,C115,4.0L SOHC,029,004,A,,,,
Exn,054,002,C115,4.0L EI,054,003,C,,,,
Exn,054,002,C115,4.0L SOHC,054,003,C,,,,
Exn,054,002,C115,5.0L,054,003,C,,,,
Exn,125,001,C115,4.0L EI,125,002,A,,,,
Exn,125,001,C115,4.0L SOHC,125,002,A,,,,
Exn,125,001,C115,5.0L,125,002,A,,,,
Exn,025,005,C116,5.0L,025,006,P,,,,
Exn,025,006,C116,5.0L,025,005,I,,,,
Exn,025,006,C116,5.0L,025,005,H,,,,
Exn,023,003,C118,4.0L SOHC,023,002,N,,,,
Exn,097,002,C134,4.0L EI,097,001,B,,,,
Exn,097,002,C134,4.0L SOHC,097,001,B,,,,
Exn,097,002,C134,5.0L,097,001,B,,,,
Exn,010,008,C141,,010,014,N,,,,
Exn,023,004,C141,,023,005,E,,,,
Exn,024,003,C141,,024,006,K,,,,
Exn,024,006,C141,,024,001,L,,,,
Exn,025,002,C141,,025,006,R,,,,
Exn,089,002,C141,,089,003,B,,,,
Exn,010,003,C146,4.0L EI,010,001,B,,,,
Exn,010,003,C146,4.0L SOHC,010,001,B,,,,
Exn,010,003,C146,5.0L,010,001,B,,,,
Exn,010,006,C146,4.0L EI,010,007,G,,,,
Exn,010,006,C146,4.0L SOHC,010,007,G,,,,
Exn,010,006,C146,5.0L,010,007,G,,,,
Exn,054,003,C146,4.0L EI,054,002,C,,,,
Exn,054,003,C146,4.0L SOHC,054,002,C,,,,
Exn,054,003,C146,5.0L,054,002,C,,,,
Exn,097,002,C146,4.0L EI,097,001,A,,,,
Exn,097,002,C146,4.0L SOHC,097,001,A,,,,
Exn,097,002,C146,5.0L,097,001,A,,,,
Exn,010,004,C147,4.0L EI,010,001,C,,,,
Exn,010,004,C147,4.0L SOHC,010,001,C,,,,
Exn,010,004,C147,5.0L,010,001,C,,,,
Exn,010,004,C147,4.0L EI,010,001,D,,,,
Exn,010,004,C147,4.0L SOHC,010,001,D,,,,
Exn,010,004,C147,5.0L,010,001,D,,,,
Exn,013,012,C147,4.0L EI,013,004,F,,,,
Exn,013,012,C147,4.0L SOHC,013,004,F,,,,
Exn,013,012,C147,5.0L,013,004,F,,,,
Exn,013,023,C147,4.0L EI,013,003,E,,,,
Exn,013,023,C147,4.0L SOHC,013,003,E,,,,
Exn,013,023,C147,5.0L,013,003,E,,,,
Exn,023,005,C147,4.0L SOHC,023,004,E,,,,
Exn,024,002,C147,4.0L EI,024,003,E,,,,
Exn,082,003,C147,4.0L EI,082,001,B,,,,
Exn,082,003,C147,4.0L SOHC,082,001,B,,,,
Exn,082,003,C147,5.0L,082,001,B,,,,
Exn,090,002,C147,4.0L EI,090,001,E,,,,
Exn,090,002,C147,4.0L SOHC,090,001,E,,,,
Exn,090,002,C147,5.0L,090,001,E,,,,
Exn,090,002,C147,4.0L EI,090,001,C,,,,
Exn,090,002,C147,4.0L SOHC,090,001,C,,,,
Exn,090,002,C147,5.0L,090,001,C,,,,
Exn,090,002,C147,4.0L EI,090,001,A,,,,
Exn,090,002,C147,4.0L SOHC,090,001,A,,,,
Exn,090,002,C147,5.0L,090,001,A,,,,
Exn,090,002,C147,4.0L EI,090,001,B,,,,
Exn,090,002,C147,4.0L SOHC,090,001,B,,,,
Exn,090,002,C147,5.0L,090,001,B,,,,
Exn,125,002,C148,4.0L EI,125,001,A,,,,
Exn,125,002,C148,4.0L SOHC,125,001,A,,,,
Exn,125,002,C148,5.0L,125,001,A,,,,
Exn,025,005,C157,5.0L,025,003,L,,,,
Exn,023,002,C169,4.0L SOHC,023,003,L,,,,
Exn,024,002,C169,4.0L EI,024,004,N,,,,
Exn,024,002,C181,5R55E,024,004,O,,,,
Exn,024,002,C182,5R55E,024,004,P,,,,
Exn,025,005,C182,4R70W,025,006,O,,,,
Exn,023,002,C183,4.0L SOHC,023,006,P,,,,
Exn,024,002,C183,4.0L EI,024,005,I,,,,
Exn,025,006,C184,5.0L,025,004,J,,,,
Exn,025,005,C189,5.0L,025,003,M,,,,
Exn,034,003,C200,,034,001,B,,,,
Exn,130,005,C2003,Audio,130,007,M,,,,
Exn,130,005,C2003,Audio,130,007,N,,,,
Exn,130,008,C2003,Audio,130,007,P,,,,
Exn,130,008,C2003,Audio,130,007,Q,,,,
Exn,054,001,C2004,Rear Blower Switch W/O EATC,054,003,D,,,,
Exn,130,005,C2005,,130,008,U,,,,
Exn,130,005,C2005,,130,008,V,,,,
Exn,130,007,C2005,,130,008,T,,,,
Exn,013,013,C212,M,013,015,CC,,,,
Exn,013,013,C212,F,013,015,CC,,,,
Exn,013,022,C212,M,013,018,Z,,,,
Exn,013,022,C212,F,013,018,Z,,,,
Exn,024,006,C212,M,024,003,K,,,,
Exn,024,006,C212,F,024,003,K,,,,
Exn,071,003,C212,M,071,004,D,,,,
Exn,071,003,C212,F,071,004,D,,,,
Exn,089,001,C212,M,089,002,A,,,,
Exn,089,001,C212,F,089,002,A,,,,
Exn,090,001,C212,M,090,002,A,,,,
Exn,090,001,C212,F,090,002,A,,,,
Exn,092,001,C212,M,092,002,A,,,,
Exn,092,001,C212,F,092,002,A,,,,
Exn,100,001,C212,M,100,002,B,,,,
Exn,100,001,C212,F,100,002,B,,,,
Exn,100,001,C212,M,100,004,B,,,,
Exn,100,001,C212,F,100,004,B,,,,
Exn,090,001,C213,,090,002,B,,,,
Exn,092,001,C213,,092,002,B,,,,
Exn,071,003,C216,,071,005,L,,,,
Exn,071,005,C216,,071,001,N,,,,
Exn,087,001,C216,,087,002,B,,,,
Exn,071,001,C219,,071,002,A,,,,
Exn,071,001,C219,,071,002,B,,,,
Exn,071,003,C219,,071,002,C,,,,
Exn,071,005,C219,,071,002,G,,,,
Exn,089,002,C219,,089,001,A,,,,
Exn,055,003,C220,With Auxiliary Controls,055,004,A,,,,
Exn,055,003,C220,Without Auxiliary Controls,055,004,A,,,,
Exn,071,003,C220,With Auxiliary Controls,071,006,F,,,,
Exn,071,003,C220,Without Auxiliary Controls,071,006,F,,,,
Exn,087,002,C226,,087,003,C,,,,
Exn,087,002,C226,,087,003,A,,,,
Exn,090,003,C226,,090,001,D,,,,
Exn,095,002,C226,,095,001,B,,,,
Exn,095,002,C226,,095,001,A,,,,
Exn,130,009,C228,,130,006,O,,,,
Exn,054,001,C231,,054,002,B,,,,
Exn,010,004,C233,,010,003,M,,,,
Exn,100,001,C242,,100,004,E,,,,
Exn,100,003,C242,,100,002,D,,,,
Exn,100,001,C245,F,100,002,A,,,,
Exn,100,001,C245,M,100,002,A,,,,
Exn,100,001,C245,F,100,004,A,,,,
Exn,100,001,C245,M,100,004,A,,,,
Exn,110,001,C245,F,110,003,F,,,,
Exn,110,001,C245,M,110,003,F,,,,
Exn,071,003,C256,,071,005,M,,,,
Exn,071,003,C256,,071,005,M,,,,
Exn,010,004,C292,M,010,005,F,,,,
Exn,010,004,C292,F,010,005,F,,,,
Exn,013,013,C292,M,013,015,BB,,,,
Exn,013,013,C292,F,013,015,BB,,,,
Exn,071,003,C292,M,071,006,E,,,,
Exn,071,003,C292,F,071,006,E,,,,
Exn,130,002,C292,M,130,004,B,,,,
Exn,130,002,C292,F,130,004,B,,,,
Exn,130,002,C292,M,130,004,A,,,,
Exn,130,002,C292,F,130,004,A,,,,
Exn,130,007,C292,M,130,008,S,,,,
Exn,130,007,C292,F,130,008,S,,,,
Exn,130,007,C292,M,130,008,R,,,,
Exn,130,007,C292,F,130,008,R,,,,
Exn,130,007,C292,M,130,008,P,,,,
Exn,130,007,C292,F,130,008,P,,,,
Exn,130,007,C292,M,130,008,Q,,,,
Exn,130,007,C292,F,130,008,Q,,,,
Exn,055,004,C298,,055,003,A,,,,
Exn,025,006,C300,,025,002,R,,,,
Exn,024,001,C311,4.0L EI,024,006,L,,,,
Exn,110,001,C318,,110,003,J,,,,
Exn,110,001,C320,,110,003,L,,,,
Exn,123,002,C349,With Memory Seats,123,001,A,,,,
Exn,130,006,C362,,130,009,O,,,,
Exn,110,001,C404,,110,002,K,,,,
Exn,110,001,C404,,110,002,H,,,,
Exn,100,001,C501,4 Door,100,002,C,,,,
Exn,100,002,C504,,100,001,C,,,,
Exn,100,004,C504,,100,001,C,,,,
Exn,100,001,C515,2 Door,100,004,C,,,,
Exn,010,006,Camshaft Position (CMP) Sensor Shield,,023,006,,,,,
Exn,010,006,Camshaft Position (CMP) Sensor Shield,,025,007,,,,,
Exn,013,005,Canister Vent Solenoid,,023,007,,,,,
Exn,013,005,Canister Vent Solenoid,,024,006,,,,,
Exn,013,005,Canister Vent Solenoid,,025,002,,,,,
Exn,010,010,Cargo Lamp,,089,002,,,,,
Exn,010,013,CD Changer,,130,003,,,,,
Exn,010,013,CD Changer,,130,009,,,,,
Exn,010,013,CD Changer,,130,008,,,,,
Exn,013,019,CD Changer,,130,003,,,,,
Exn,013,019,CD Changer,,130,008,,,,,
Exn,010,007,Central Timer Module (CTM),,059,003,,,,,
Exn,013,017,Central Timer Module (CTM),,059,001,,,,,
Exn,062,002,Central Timer Module (CTM),,059,001,,,,,
Exn,062,003,Central Timer Module (CTM),,059,003,,,,,
Exn,064,001,Central Timer Module (CTM),,059,001,,,,,
Exn,066,001,Central Timer Module (CTM),,059,001,,,,,
Exn,066,001,Central Timer Module (CTM),,059,002,,,,,
Exn,066,001,Central Timer Module (CTM),,059,003,,,,,
Exn,066,002,Central Timer Module (CTM),,059,001,,,,,
Exn,066,003,Central Timer Module (CTM),,059,001,,,,,
Exn,071,001,Central Timer Module (CTM),,059,002,,,,,
Exn,071,001,Central Timer Module (CTM),,059,003,,,,,
Exn,081,001,Central Timer Module (CTM),,059,002,,,,,
Exn,081,002,Central Timer Module (CTM),,059,002,,,,,
Exn,089,001,Central Timer Module (CTM),,059,001,,,,,
Exn,092,001,Central Timer Module (CTM),,059,003,,,,,
Exn,010,004,Cigar Lighter,,044,002,,,,,
Exn,013,014,Cigar Lighter,,044,002,,,,,
Exn,031,001,Clutch Pedal Position (CPP) Jumper,Automatic W/O High Series Console,020,003,,,,,
Exn,059,006,Clutch Pedal Position (CPP) Jumper,Automatic W/O High Series Console,020,003,,,,,
Exn,024,003,Clutch Pedal Position (CPP) Switch,Manual,020,001,,,,,
Exn,031,001,Clutch Pedal Position (CPP) Switch,Manual,020,001,,,,,
Exn,059,006,Clutch Pedal Position (CPP) Switch,Manual,020,001,,,,,
Exn,010,008,Compass/Outside Air Temperature Module,,102,001,,,,,
Exn,013,015,Compass/Outside Air Temperature Module,,102,001,,,,,
Exn,064,001,Compass/Outside Air Temperature Module,,102,001,,,,,
Exn,071,004,Compass/Outside Air Temperature Module,,102,001,,,,,
Exn,089,001,Compass/Outside Air Temperature Module,,102,001,,,,,
Exn,089,002,Compass/Outside Air Temperature Module,,102,001,,,,,
Exn,034,002,Courtesy Lamps,,089,001,,,,,
Exn,059,002,Courtesy Lamps,,089,001,,,,,
Exn,059,002,Courtesy Lamps,,089,002,,,,,
Exn,071,001,Courtesy Lamps,,089,001,,,,,
Exn,071,002,Courtesy Lamps,,089,001,,,,,
Exn,071,002,Courtesy Lamps,,089,002,,,,,
Exn,082,001,Courtesy Lamps,,089,001,,,,,
Exn,100,001,Courtesy Lamps,,089,001,,,,,
Exn,101,001,Courtesy Lamps,,089,001,,,,,
Exn,102,001,Courtesy Lamps,,089,001,,,,,
Exn,102,001,Courtesy Lamps,,089,002,,,,,
Exn,010,006,Crankshaft Position (CKP) Sensor Shield,,021,001,,,,,
Exn,010,006,Crankshaft Position (CKP) Sensor Shield,,021,002,,,,,
Exn,010,004,Data Link Connector (DLC),,014,001,,,,,
Exn,010,007,Data Link Connector (DLC),,014,001,,,,,
Exn,013,012,Data Link Connector (DLC),,014,001,,,,,
Exn,025,006,Data Link Connector (DLC),,014,001,,,,,
Exn,041,002,Data Link Connector (DLC),,014,001,,,,,
Exn,042,001,Data Link Connector (DLC),,014,001,,,,,
Exn,046,001,Data Link Connector (DLC),,014,001,,,,,
Exn,055,001,Data Link Connector (DLC),,014,001,,,,,
Exn,059,002,Data Link Connector (DLC),,014,001,,,,,
Exn,112,001,Data Link Connector (DLC),,014,001,,,,,
Exn,117,001,Data Link Connector (DLC),,014,001,,,,,
Exn,123,002,Data Link Connector (DLC),,014,001,,,,,
Exn,131,001,Data Link Connector (DLC),,014,001,,,,,
Exn,010,008,Day/Night Mirror/Autolamp Sensor,,087,001,,,,,
Exn,013,016,Day/Night Mirror/Autolamp Sensor,,087,001,,,,,
Exn,013,016,Day/Night Mirror/Autolamp Sensor,,125,001,,,,,
Exn,013,021,Day/Night Mirror/Autolamp Sensor,,087,001,,,,,
Exn,013,021,Day/Night Mirror/Autolamp Sensor,,125,001,,,,,
Exn,010,001,Daytime Running Lamps (DRL) Module,4.0L EI,097,001,,,,,
Exn,010,001,Daytime Running Lamps (DRL) Module,4.0L SOHC,097,001,,,,,
Exn,010,001,Daytime Running Lamps (DRL) Module,5.0L,097,001,,,,,
Exn,013,003,Daytime Running Lamps (DRL) Module,4.0L EI,097,002,,,,,
Exn,013,003,Daytime Running Lamps (DRL) Module,4.0L SOHC,097,002,,,,,
Exn,013,003,Daytime Running Lamps (DRL) Module,5.0L,097,002,,,,,
Exn,013,015,Daytime Running Lamps (DRL) Module,4.0L EI,097,001,,,,,
Exn,013,015,Daytime Running Lamps (DRL) Module,4.0L SOHC,097,001,,,,,
Exn,013,015,Daytime Running Lamps (DRL) Module,5.0L,097,001,,,,,
Exn,013,018,Daytime Running Lamps (DRL) Module,4.0L EI,097,002,,,,,
Exn,013,018,Daytime Running Lamps (DRL) Module,4.0L SOHC,097,002,,,,,
Exn,013,018,Daytime Running Lamps (DRL) Module,5.0L,097,002,,,,,
Exn,013,019,Daytime Running Lamps (DRL) Module,4.0L EI,097,002,,,,,
Exn,013,019,Daytime Running Lamps (DRL) Module,4.0L SOHC,097,002,,,,,
Exn,013,019,Daytime Running Lamps (DRL) Module,5.0L,097,002,,,,,
Exn,062,004,Daytime Running Lamps (DRL) Module,4.0L EI,097,002,,,,,
Exn,062,004,Daytime Running Lamps (DRL) Module,4.0L SOHC,097,002,,,,,
Exn,062,004,Daytime Running Lamps (DRL) Module,5.0L,097,002,,,,,
Exn,085,001,Daytime Running Lamps (DRL) Module,4.0L EI,097,001,,,,,
Exn,085,001,Daytime Running Lamps (DRL) Module,4.0L SOHC,097,001,,,,,
Exn,085,001,Daytime Running Lamps (DRL) Module,5.0L,097,001,,,,,
Exn,086,001,Daytime Running Lamps (DRL) Module,4.0L EI,097,002,,,,,
Exn,086,001,Daytime Running Lamps (DRL) Module,4.0L SOHC,097,002,,,,,
Exn,086,001,Daytime Running Lamps (DRL) Module,5.0L,097,002,,,,,
Exn,087,003,Daytime Running Lamps (DRL) Module,4.0L EI,097,001,,,,,
Exn,087,003,Daytime Running Lamps (DRL) Module,4.0L SOHC,097,001,,,,,
Exn,087,003,Daytime Running Lamps (DRL) Module,5.0L,097,001,,,,,
Exn,010,006,Digital Transmission Range (DTR) Sensor,5R55E,029,003,,,,,
Exn,010,006,Digital Transmission Range (DTR) Sensor,4R70W,030,003,,,,,
Exn,013,018,Digital Transmission Range (DTR) Sensor,4R70W,093,001,,,,,
Exn,013,018,Digital Transmission Range (DTR) Sensor,5R55E,093,001,,,,,
Exn,013,020,Digital Transmission Range (DTR) Sensor,4R70W,020,002,,,,,
Exn,013,020,Digital Transmission Range (DTR) Sensor,5R55E,020,002,,,,,
Exn,013,020,Digital Transmission Range (DTR) Sensor,4R70W,020,003,,,,,
Exn,013,020,Digital Transmission Range (DTR) Sensor,5R55E,020,003,,,,,
Exn,023,003,Digital Transmission Range (DTR) Sensor,5R55E,029,003,,,,,
Exn,024,002,Digital Transmission Range (DTR) Sensor,5R55E,029,003,,,,,
Exn,024,003,Digital Transmission Range (DTR) Sensor,5R55E,029,003,,,,,
Exn,025,007,Digital Transmission Range (DTR) Sensor,4R70W,030,004,,,,,
Exn,059,005,Digital Transmission Range (DTR) Sensor,5R55E,029,003,,,,,
Exn,059,005,Digital Transmission Range (DTR) Sensor,4R70W,030,003,,,,,
Exn,010,004,Dimmer Module,,071,002,,,,,
Exn,089,001,Dimmer Module,,071,002,,,,,
Exn,092,001,Dimmer Module,,071,002,,,,,
Exn,013,002,Dimmer Relay,,071,005,,,,,
Exn,013,016,Dimmer Relay,,071,005,,,,,
Exn,062,006,Dimmer Relay,,071,005,,,,,
Exn,071,001,Dimmer Relay,,071,005,H,,,,
Exn,071,001,Dimmer Relay,,071,005,N,,,,
Exn,071,001,Dimmer Relay,,071,005,J,,,,
Exn,071,003,Dimmer Relay,,071,005,K,,,,
Exn,087,001,Dimmer Relay,,071,005,,,,,
Exn,010,010,Door Lock Relay,,110,001,,,,,
Exn,013,022,Door Lock Relay,,110,001,,,,,
Exn,110,002,Door Lock Relay,,110,001,A,,,,
Exn,110,002,Door Lock Relay,,110,001,H,,,,
Exn,110,003,Door Lock Relay,,110,001,C,,,,
Exn,110,003,Door Lock Relay,,110,001,J,,,,
Exn,010,010,Door Unlock Relay,,110,001,,,,,
Exn,013,022,Door Unlock Relay,,110,001,,,,,
Exn,110,002,Door Unlock Relay,,110,001,K,,,,
Exn,110,002,Door Unlock Relay,,110,001,B,,,,
Exn,110,003,Door Unlock Relay,,110,001,D,,,,
Exn,110,003,Door Unlock Relay,,110,001,L,,,,
Exn,013,022,Driver Door Unlock Relay,,110,001,,,,,
Exn,110,003,Driver Door Unlock Relay,,110,001,F,,,,
Exn,110,003,Driver Door Unlock Relay,,110,001,E,,,,
Exn,010,007,Driver Seat Module (DSM),,123,002,,,,,
Exn,010,008,Driver Seat Module (DSM),,123,002,,,,,
Exn,013,020,Driver Seat Module (DSM),,123,002,,,,,
Exn,013,021,Driver Seat Module (DSM),,123,002,,,,,
Exn,013,022,Driver Seat Module (DSM),,123,001,,,,,
Exn,013,022,Driver Seat Module (DSM),,123,002,,,,,
Exn,014,001,Driver Seat Module (DSM),,123,002,,,,,
Exn,059,002,Driver Seat Module (DSM),,123,002,,,,,
Exn,013,006,EGR Vacuum Regulator (EVR) Solenoid,4.0L EI,024,007,,,,,
Exn,013,007,EGR Vacuum Regulator (EVR) Solenoid,4.0L SOHC,023,007,,,,,
Exn,013,008,EGR Vacuum Regulator (EVR) Solenoid,5.0L,025,004,,,,,
Exn,059,005,Electric Shift Control,,034,001,,,,,
Exn,059,005,Electric Shift Control,,034,002,,,,,
Exn,059,005,Electric Shift Control,,034,003,,,,,
Exn,059,006,Electric Shift Control,,034,001,,,,,
Exn,059,006,Electric Shift Control,,034,002,,,,,
Exn,059,006,Electric Shift Control,,034,003,,,,,
Exn,093,001,Electric Shift Control,,034,001,,,,,
Exn,013,003,Electric Shift Control Module,,034,002,,,,,
Exn,089,001,Electric Shift Control Module,,034,002,,,,,
Exn,059,002,Electric Shift Motor Transfer Case,,034,003,,,,,
Exn,010,004,Electronic Automatic Temperature Control (EATC) Module,,055,002,,,,,
Exn,013,013,Electronic Automatic Temperature Control (EATC) Module,,055,001,,,,,
Exn,013,021,Electronic Automatic Temperature Control (EATC) Module,,055,001,,,,,
Exn,014,001,Electronic Automatic Temperature Control (EATC) Module,,055,001,,,,,
Exn,023,005,Electronic Automatic Temperature Control (EATC) Module,,055,003,,,,,
Exn,024,008,Electronic Automatic Temperature Control (EATC) Module,,055,003,,,,,
Exn,025,002,Electronic Automatic Temperature Control (EATC) Module,,055,003,,,,,
Exn,025,002,Electronic Automatic Temperature Control (EATC) Module,,055,003,,,,,
Exn,069,001,Electronic Automatic Temperature Control (EATC) Module,,055,003,,,,,
Exn,071,003,Electronic Automatic Temperature Control (EATC) Module,,055,002,,,,,
Exn,071,005,Electronic Automatic Temperature Control (EATC) Module,,055,002,,,,,
Exn,029,003,Engine Controls,,023,001,,,,,
Exn,029,003,Engine Controls,,023,002,,,,,
Exn,029,003,Engine Controls,,023,003,,,,,
Exn,029,003,Engine Controls,,024,002,,,,,
Exn,029,004,Engine Controls,,023,002,,,,,
Exn,029,004,Engine Controls,,023,003,,,,,
Exn,029,004,Engine Controls,,024,002,,,,,
Exn,030,003,Engine Controls,,025,005,,,,,
Exn,030,004,Engine Controls,,025,005,,,,,
Exn,054,003,Engine Controls,,023,002,,,,,
Exn,054,003,Engine Controls,,024,002,,,,,
Exn,054,003,Engine Controls,,025,002,,,,,
Exn,055,003,Engine Controls,,023,001,,,,,
Exn,055,003,Engine Controls,,024,001,,,,,
Exn,055,003,Engine Controls,,025,002,,,,,
Exn,062,001,Engine Controls,,023,005,,,,,
Exn,062,001,Engine Controls,,024,005,,,,,
Exn,062,001,Engine Controls,,025,001,,,,,
Exn,062,003,Engine Controls,,023,002,,,,,
Exn,062,003,Engine Controls,,024,003,,,,,
Exn,062,003,Engine Controls,,025,007,,,,,
Exn,069,001,Engine Controls,,023,005,,,,,
Exn,069,001,Engine Controls,,025,007,,,,,
Exn,093,001,Engine Controls,,023,005,,,,,
Exn,093,001,Engine Controls,,024,001,,,,,
Exn,093,001,Engine Controls,,025,005,,,,,
Exn,010,006,Engine Coolant Temperature (ECT) Sensor,4.0L SOHC,062,002,,,,,
Exn,029,002,Engine Coolant Temperature (ECT) Sensor,4.0L SOHC,023,002,,,,,
Exn,029,002,Engine Coolant Temperature (ECT) Sensor,4.0L EI,024,002,,,,,
Exn,030,002,Engine Coolant Temperature (ECT) Sensor,5.0L,025,006,,,,,
Exn,010,006,Engine Low Oil/Temperature Switch,4.0L SOHC,069,002,,,,,
Exn,010,006,Engine Low Oil/Temperature Switch,5.0L,069,002,,,,,
Exn,013,005,EVAP Canister Purge Valve,4.0L SOHC,023,002,,,,,
Exn,013,005,EVAP Canister Purge Valve,4.0L EI,024,002,,,,,
Exn,013,005,EVAP Canister Purge Valve,5.0L,025,002,,,,,
Exn,071,001,Exterior Lamps,,092,001,,,,,
Exn,086,002,Exterior Lamps,,092,001,,,,,
Exn,087,001,Exterior Lamps,,092,001,,,,,
Exn,095,002,Exterior Lamps,,092,002,,,,,
Exn,125,001,Exterior Lamps,,092,001,,,,,
Exn,010,009,Exterior Rear View Mirror Switch,,124,001,,,,,
Exn,010,009,Exterior Rear View Mirror Switch,,124,002,,,,,
Exn,013,012,Exterior Rear View Mirror Switch,,124,001,,,,,
Exn,010,002,Fog Lamp Isolation Relay,,086,002,,,,,
Exn,013,019,Fog Lamp Isolation Relay,,086,001,,,,,
Exn,086,001,Fog Lamp Isolation Relay,,086,002,A,,,,
Exn,013,003,Fog Lamp Relay,4.0L SOHC,086,001,,,,,
Exn,013,003,Fog Lamp Relay,5.0L,086,001,,,,,
Exn,086,002,Fog Lamp Relay,4.0L SOHC,086,001,A,,,,
Exn,086,002,Fog Lamp Relay,5.0L,086,001,A,,,,
Exn,010,003,Fog Lamp Switch,,086,001,,,,,
Exn,071,003,Fog Lamp Switch,,086,001,,,,,
Exn,087,003,Fog Lamps,,086,002,,,,,
Exn,092,001,Fog Lamps,,086,002,,,,,
Exn,097,001,Fog Lamps,,086,001,,,,,
Exn,097,002,Fog Lamps,,086,002,,,,,
Exn,010,013,Front Washer Pump Relay,4.0L SOHC,081,002,,,,,
Exn,010,013,Front Washer Pump Relay,5.0L,081,002,,,,,
Exn,013,017,Front Washer Pump Relay,4.0L SOHC,081,002,,,,,
Exn,013,017,Front Washer Pump Relay,5.0L,081,002,,,,,
Exn,013,009,Fuel Injector #1,4.0L EI,024,003,,,,,
Exn,013,010,Fuel Injector #1,4.0L SOHC,023,002,,,,,
Exn,013,011,Fuel Injector #1,5.0L,025,004,,,,,
Exn,013,009,Fuel Injector #2,4.0L EI,024,003,,,,,
Exn,013,010,Fuel Injector #2,4.0L SOHC,023,002,,,,,
Exn,013,011,Fuel Injector #2,5.0L,025,004,,,,,
Exn,013,009,Fuel Injector #3,4.0L EI,024,003,,,,,
Exn,013,010,Fuel Injector #3,4.0L SOHC,023,001,,,,,
Exn,013,011,Fuel Injector #3,5.0L,025,004,,,,,
Exn,013,009,Fuel Injector #4,4.0L EI,024,005,,,,,
Exn,013,010,Fuel Injector #4,4.0L SOHC,023,002,,,,,
Exn,013,011,Fuel Injector #4,5.0L,025,004,,,,,
Exn,013,009,Fuel Injector #5,4.0L EI,024,005,,,,,
Exn,013,010,Fuel Injector #5,4.0L SOHC,023,001,,,,,
Exn,013,011,Fuel Injector #5,5.0L,025,003,,,,,
Exn,013,009,Fuel Injector #6,4.0L EI,024,005,,,,,
Exn,013,010,Fuel Injector #6,4.0L SOHC,023,001,,,,,
Exn,013,011,Fuel Injector #6,5.0L,025,003,,,,,
Exn,013,011,Fuel Injector #7,,025,003,,,,,
Exn,013,011,Fuel Injector #8,,025,003,,,,,
Exn,013,001,Fuel Pump Relay,,023,005,,,,,
Exn,013,001,Fuel Pump Relay,,024,006,,,,,
Exn,013,001,Fuel Pump Relay,,025,001,,,,,
Exn,013,005,Fuel Pump Relay,,023,005,,,,,
Exn,013,005,Fuel Pump Relay,,024,005,,,,,
Exn,013,005,Fuel Pump Relay,,025,001,,,,,
Exn,023,001,Fuel Pump Relay,,023,005,C,,,,
Exn,024,001,Fuel Pump Relay,,024,006,C,,,,
Exn,025,002,Fuel Pump Relay,,025,001,B,,,,
Exn,010,007,Fuel Tank Assembly,4.0L SOHC,062,001,,,,,
Exn,010,007,Fuel Tank Assembly,4.0L EI,062,001,,,,,
Exn,010,007,Fuel Tank Assembly,5.0L,062,001,,,,,
Exn,010,008,Fuel Tank Assembly,4.0L SOHC,062,001,,,,,
Exn,010,008,Fuel Tank Assembly,4.0L EI,062,001,,,,,
Exn,010,008,Fuel Tank Assembly,5.0L,062,001,,,,,
Exn,010,004,Function Selector Switch Assembly,,054,002,,,,,
Exn,010,004,Function Selector Switch Assembly,,071,003,,,,,
Exn,013,013,Function Selector Switch Assembly,,054,002,,,,,
Exn,071,003,Function Selector Switch Assembly,,054,002,,,,,
Exn,012,001,Fuse Junction Panel,,013,016,,,,,
Exn,013,004,Fuse Junction Panel,,013,012,F,,,,
Exn,013,012,Fuse Junction Panel,,013,014,P,,,,
Exn,013,013,Fuse Junction Panel,,013,021,V,,,,
Exn,013,014,Fuse Junction Panel,,013,012,P,,,,
Exn,013,014,Fuse Junction Panel,,013,018,X,,,,
Exn,013,014,Fuse Junction Panel,,013,019,AA,,,,
Exn,013,018,Fuse Junction Panel,,013,014,X,,,,
Exn,013,018,Fuse Junction Panel,,013,021,Q,,,,
Exn,013,018,Fuse Junction Panel,,013,021,Y,,,,
Exn,013,019,Fuse Junction Panel,,013,014,AA,,,,
Exn,013,021,Fuse Junction Panel,,013,013,V,,,,
Exn,013,021,Fuse Junction Panel,,013,018,Q,,,,
Exn,013,021,Fuse Junction Panel,,013,018,Y,,,,
Exn,013,023,Fuse Junction Panel,,013,013,U,,,,
Exn,013,023,Fuse Junction Panel,,013,016,R,,,,
Exn,013,023,Fuse Junction Panel,,013,017,S,,,,
Exn,013,023,Fuse Junction Panel,,013,018,T,,,,
Exn,013,023,Fuse Junction Panel,,013,020,W,,,,
Exn,014,001,Fuse Junction Panel,,013,012,,,,,
Exn,020,001,Fuse Junction Panel,,013,020,,,,,
Exn,020,002,Fuse Junction Panel,,013,020,,,,,
Exn,020,003,Fuse Junction Panel,,013,020,,,,,
Exn,021,001,Fuse Junction Panel,,013,016,,,,,
Exn,021,002,Fuse Junction Panel,,013,016,,,,,
Exn,025,001,Fuse Junction Panel,,013,016,,,,,
Exn,029,001,Fuse Junction Panel,,013,016,,,,,
Exn,029,002,Fuse Junction Panel,,013,012,,,,,
Exn,029,002,Fuse Junction Panel,,013,018,,,,,
Exn,030,001,Fuse Junction Panel,,013,016,,,,,
Exn,030,002,Fuse Junction Panel,,013,012,,,,,
Exn,030,002,Fuse Junction Panel,,013,018,,,,,
Exn,031,001,Fuse Junction Panel,,013,012,,,,,
Exn,031,001,Fuse Junction Panel,,013,013,,,,,
Exn,034,001,Fuse Junction Panel,,013,012,,,,,
Exn,034,001,Fuse Junction Panel,,013,013,,,,,
Exn,034,001,Fuse Junction Panel,,013,017,,,,,
Exn,034,001,Fuse Junction Panel,,013,020,,,,,
Exn,034,002,Fuse Junction Panel,,013,018,,,,,
Exn,037,001,Fuse Junction Panel,,013,012,,,,,
Exn,037,001,Fuse Junction Panel,,013,013,,,,,
Exn,041,001,Fuse Junction Panel,,013,012,,,,,
Exn,041,003,Fuse Junction Panel,,013,013,,,,,
Exn,042,001,Fuse Junction Panel,,013,012,,,,,
Exn,042,001,Fuse Junction Panel,,013,013,,,,,
Exn,042,002,Fuse Junction Panel,,013,016,,,,,
Exn,044,002,Fuse Junction Panel,,013,014,,,,,
Exn,044,002,Fuse Junction Panel,,013,018,,,,,
Exn,046,001,Fuse Junction Panel,,013,013,,,,,
Exn,054,001,Fuse Junction Panel,,013,013,,,,,
Exn,054,002,Fuse Junction Panel,,013,013,,,,,
Exn,055,001,Fuse Junction Panel,,013,013,,,,,
Exn,055,001,Fuse Junction Panel,,013,021,,,,,
Exn,055,002,Fuse Junction Panel,,013,015,,,,,
Exn,055,002,Fuse Junction Panel,,013,018,,,,,
Exn,056,001,Fuse Junction Panel,,013,018,,,,,
Exn,056,001,Fuse Junction Panel,,013,019,,,,,
Exn,059,001,Fuse Junction Panel,,013,007,,,,,
Exn,059,001,Fuse Junction Panel,,013,013,,,,,
Exn,059,001,Fuse Junction Panel,,013,017,,,,,
Exn,059,001,Fuse Junction Panel,,013,020,,,,,
Exn,062,001,Fuse Junction Panel,,013,014,,,,,
Exn,062,001,Fuse Junction Panel,,013,016,,,,,
Exn,062,003,Fuse Junction Panel,,013,016,,,,,
Exn,062,005,Fuse Junction Panel,,013,019,,,,,
Exn,062,006,Fuse Junction Panel,,013,016,,,,,
Exn,066,001,Fuse Junction Panel,,013,014,,,,,
Exn,069,001,Fuse Junction Panel,,013,015,,,,,
Exn,069,001,Fuse Junction Panel,,013,021,,,,,
Exn,071,001,Fuse Junction Panel,,013,018,,,,,
Exn,071,005,Fuse Junction Panel,,013,016,,,,,
Exn,081,002,Fuse Junction Panel,,013,017,,,,,
Exn,081,002,Fuse Junction Panel,,013,019,,,,,
Exn,082,001,Fuse Junction Panel,,013,017,,,,,
Exn,082,001,Fuse Junction Panel,,013,018,,,,,
Exn,085,001,Fuse Junction Panel,,013,015,,,,,
Exn,085,001,Fuse Junction Panel,,013,019,,,,,
Exn,086,002,Fuse Junction Panel,,013,019,,,,,
Exn,087,001,Fuse Junction Panel,,013,016,,,,,
Exn,087,001,Fuse Junction Panel,,013,021,,,,,
Exn,087,003,Fuse Junction Panel,,013,015,,,,,
Exn,087,003,Fuse Junction Panel,,013,019,,,,,
Exn,089,001,Fuse Junction Panel,,013,018,,,,,
Exn,089,002,Fuse Junction Panel,,013,013,,,,,
Exn,090,001,Fuse Junction Panel,,013,013,,,,,
Exn,090,001,Fuse Junction Panel,,013,014,,,,,
Exn,090,003,Fuse Junction Panel,,013,012,,,,,
Exn,093,001,Fuse Junction Panel,,013,018,,,,,
Exn,093,002,Fuse Junction Panel,,013,018,,,,,
Exn,095,001,Fuse Junction Panel,,013,012,,,,,
Exn,095,001,Fuse Junction Panel,,013,013,,,,,
Exn,095,001,Fuse Junction Panel,,013,014,,,,,
Exn,095,001,Fuse Junction Panel,,095,002,A,,,,
Exn,095,001,Fuse Junction Panel,,095,002,B,,,,
Exn,095,002,Fuse Junction Panel,,013,014,,,,,
Exn,095,002,Fuse Junction Panel,,013,018,,,,,
Exn,095,002,Fuse Junction Panel,,013,021,,,,,
Exn,097,001,Fuse Junction Panel,,013,018,,,,,
Exn,097,001,Fuse Junction Panel,,097,002,A,,,,
Exn,097,002,Fuse Junction Panel,,013,015,,,,,
Exn,097,002,Fuse Junction Panel,,013,019,,,,,
Exn,100,001,Fuse Junction Panel,,013,018,,,,,
Exn,101,001,Fuse Junction Panel,,013,018,,,,,
Exn,102,001,Fuse Junction Panel,,013,013,,,,,
Exn,110,001,Fuse Junction Panel,,013,018,,,,,
Exn,112,001,Fuse Junction Panel,,013,014,,,,,
Exn,112,001,Fuse Junction Panel,,013,016,,,,,
Exn,117,001,Fuse Junction Panel,,013,017,,,,,
Exn,117,002,Fuse Junction Panel,,013,012,,,,,
Exn,119,001,Fuse Junction Panel,,013,013,,,,,
Exn,120,001,Fuse Junction Panel,,013,018,,,,,
Exn,120,002,Fuse Junction Panel,,013,018,,,,,
Exn,122,001,Fuse Junction Panel,,013,018,,,,,
Exn,123,001,Fuse Junction Panel,,013,018,,,,,
Exn,123,002,Fuse Junction Panel,,013,012,,,,,
Exn,123,002,Fuse Junction Panel,,013,020,,,,,
Exn,123,002,Fuse Junction Panel,,013,021,,,,,
Exn,124,001,Fuse Junction Panel,,013,012,,,,,
Exn,124,002,Fuse Junction Panel,,013,012,,,,,
Exn,125,001,Fuse Junction Panel,,013,016,,,,,
Exn,125,001,Fuse Junction Panel,,013,021,,,,,
Exn,125,002,Fuse Junction Panel,,013,018,,,,,
Exn,130,001,Fuse Junction Panel,,013,014,,,,,
Exn,130,001,Fuse Junction Panel,,013,017,,,,,
Exn,130,001,Fuse Junction Panel,,013,020,,,,,
Exn,130,002,Fuse Junction Panel,,013,014,,,,,
Exn,130,002,Fuse Junction Panel,,013,017,,,,,
Exn,130,002,Fuse Junction Panel,,013,020,,,,,
Exn,130,003,Fuse Junction Panel,,013,019,,,,,
Exn,130,004,Fuse Junction Panel,,013,019,,,,,
Exn,130,005,Fuse Junction Panel,,013,014,,,,,
Exn,130,005,Fuse Junction Panel,,013,017,,,,,
Exn,130,006,Fuse Junction Panel,,013,014,,,,,
Exn,130,006,Fuse Junction Panel,,013,020,,,,,
Exn,130,007,Fuse Junction Panel,,013,019,,,,,
Exn,130,008,Fuse Junction Panel,,013,019,,,,,
Exn,130,009,Fuse Junction Panel,,013,012,,,,,
Exn,130,009,Fuse Junction Panel,,013,020,,,,,
Exn,131,001,Fuse Junction Panel,,013,018,,,,,
Exn,013,001,Generator,4.0L EI,012,001,,,,,
Exn,013,001,Generator,4.0L SOHC,012,001,,,,,
Exn,013,001,Generator,5.0L,012,001,,,,,
Exn,062,003,Generator,4.0L EI,012,001,,,,,
Exn,062,003,Generator,4.0L SOHC,012,001,,,,,
Exn,062,003,Generator,5.0L,012,001,,,,,
Exn,010,006,Generic Electronic Module (GEM),,059,005,,,,,
Exn,010,007,Generic Electronic Module (GEM),,059,003,,,,,
Exn,013,013,Generic Electronic Module (GEM),,059,001,,,,,
Exn,013,014,Generic Electronic Module (GEM),,059,001,,,,,
Exn,013,017,Generic Electronic Module (GEM),,059,001,,,,,
Exn,013,020,Generic Electronic Module (GEM),,059,001,,,,,
Exn,014,001,Generic Electronic Module (GEM),,059,002,,,,,
Exn,024,008,Generic Electronic Module (GEM),,059,006,,,,,
Exn,025,005,Generic Electronic Module (GEM),,059,006,,,,,
Exn,029,002,Generic Electronic Module (GEM),,059,006,,,,,
Exn,029,003,Generic Electronic Module (GEM),,059,005,,,,,
Exn,030,002,Generic Electronic Module (GEM),,059,006,,,,,
Exn,034,001,Generic Electronic Module (GEM),,059,006,,,,,
Exn,034,001,Generic Electronic Module (GEM),,059,001,,,,,
Exn,034,001,Generic Electronic Module (GEM),,059,005,,,,,
Exn,034,001,Generic Electronic Module (GEM),,059,006,,,,,
Exn,034,002,Generic Electronic Module (GEM),,059,002,,,,,
Exn,034,002,Generic Electronic Module (GEM),,059,004,,,,,
Exn,034,002,Generic Electronic Module (GEM),,059,005,,,,,
Exn,034,003,Generic Electronic Module (GEM),,059,003,,,,,
Exn,034,003,Generic Electronic Module (GEM),,059,004,,,,,
Exn,034,003,Generic Electronic Module (GEM),,059,005,,,,,
Exn,034,003,Generic Electronic Module (GEM),,059,006,,,,,
Exn,041,002,Generic Electronic Module (GEM),,059,004,,,,,
Exn,042,002,Generic Electronic Module (GEM),,059,006,,,,,
Exn,046,001,Generic Electronic Module (GEM),,059,003,,,,,
Exn,056,001,Generic Electronic Module (GEM),,059,002,,,,,
Exn,062,002,Generic Electronic Module (GEM),,059,001,,,,,
Exn,062,003,Generic Electronic Module (GEM),,059,003,,,,,
Exn,062,006,Generic Electronic Module (GEM),,059,006,,,,,
Exn,064,001,Generic Electronic Module (GEM),,059,001,,,,,
Exn,066,001,Generic Electronic Module (GEM),,059,001,,,,,
Exn,066,001,Generic Electronic Module (GEM),,059,002,,,,,
Exn,066,001,Generic Electronic Module (GEM),,059,003,,,,,
Exn,066,002,Generic Electronic Module (GEM),,059,001,,,,,
Exn,066,003,Generic Electronic Module (GEM),,059,001,,,,,
Exn,069,001,Generic Electronic Module (GEM),,059,003,,,,,
Exn,071,001,Generic Electronic Module (GEM),,059,002,,,,,
Exn,071,001,Generic Electronic Module (GEM),,059,003,,,,,
Exn,081,001,Generic Electronic Module (GEM),,059,002,,,,,
Exn,081,001,Generic Electronic Module (GEM),,059,002,,,,,
Exn,081,002,Generic Electronic Module (GEM),,059,002,,,,,
Exn,082,001,Generic Electronic Module (GEM),,059,001,,,,,
Exn,082,001,Generic Electronic Module (GEM),,059,002,,,,,
Exn,082,001,Generic Electronic Module (GEM),,059,005,,,,,
Exn,082,002,Generic Electronic Module (GEM),,059,005,,,,,
Exn,087,001,Generic Electronic Module (GEM),,059,003,,,,,
Exn,089,001,Generic Electronic Module (GEM),,059,001,,,,,
Exn,092,001,Generic Electronic Module (GEM),,059,003,,,,,
Exn,100,001,Generic Electronic Module (GEM),,059,004,,,,,
Exn,101,001,Generic Electronic Module (GEM),,059,002,,,,,
Exn,101,001,Generic Electronic Module (GEM),,059,004,,,,,
Exn,110,002,Generic Electronic Module (GEM),,059,006,,,,,
Exn,117,001,Generic Electronic Module (GEM),,059,004,,,,,
Exn,117,002,Generic Electronic Module (GEM),,059,004,,,,,
Exn,117,002,Generic Electronic Module (GEM),,059,006,,,,,
Exn,013,005,Grounds,,010,006,,,,,
Exn,013,023,Grounds,,010,003,,,,,
Exn,013,024,Grounds,,010,004,,,,,
Exn,014,001,Grounds,,010,004,,,,,
Exn,014,001,Grounds,,010,007,,,,,
Exn,020,001,Grounds,,010,001,,,,,
Exn,020,001,Grounds,,010,005,,,,,
Exn,020,002,Grounds,,010,001,,,,,
Exn,020,002,Grounds,,010,005,,,,,
Exn,020,003,Grounds,,010,001,,,,,
Exn,020,003,Grounds,,010,005,,,,,
Exn,021,001,Grounds,,010,006,,,,,
Exn,021,002,Grounds,,010,006,,,,,
Exn,023,001,Grounds,,010,006,,,,,
Exn,023,005,Grounds,,010,007,,,,,
Exn,023,005,Grounds,,010,008,,,,,
Exn,023,006,Grounds,,010,006,,,,,
Exn,024,001,Grounds,,010,006,,,,,
Exn,024,004,Grounds,,010,006,,,,,
Exn,024,006,Grounds,,010,007,,,,,
Exn,024,006,Grounds,,010,008,,,,,
Exn,024,008,Grounds,,010,006,,,,,
Exn,025,001,Grounds,,010,006,,,,,
Exn,025,001,Grounds,,010,007,,,,,
Exn,025,001,Grounds,,010,008,,,,,
Exn,025,002,Grounds,,010,006,,,,,
Exn,025,004,Grounds,,010,006,,,,,
Exn,029,001,Grounds,,010,006,,,,,
Exn,029,002,Grounds,,010,004,,,,,
Exn,029,003,Grounds,,010,006,,,,,
Exn,030,001,Grounds,,010,006,,,,,
Exn,030,002,Grounds,,010,004,,,,,
Exn,030,003,Grounds,,010,006,,,,,
Exn,031,001,Grounds,,010,004,,,,,
Exn,031,002,Grounds,,010,002,,,,,
Exn,031,002,Grounds,,010,007,,,,,
Exn,034,001,Grounds,,010,004,,,,,
Exn,034,001,Grounds,,010,006,,,,,
Exn,034,001,Grounds,,010,006,,,,,
Exn,034,002,Grounds,,010,004,,,,,
Exn,037,001,Grounds,,010,004,,,,,
Exn,041,001,Grounds,,010,002,,,,,
Exn,041,001,Grounds,,010,004,,,,,
Exn,041,001,Grounds,,010,007,,,,,
Exn,041,001,Grounds,,010,008,,,,,
Exn,041,002,Grounds,,010,001,,,,,
Exn,041,002,Grounds,,010,008,,,,,
Exn,041,003,Grounds,,010,007,,,,,
Exn,042,001,Grounds,,010,001,,,,,
Exn,042,001,Grounds,,010,003,,,,,
Exn,042,001,Grounds,,010,004,,,,,
Exn,044,002,Grounds,,010,004,,,,,
Exn,044,002,Grounds,,010,005,,,,,
Exn,046,001,Grounds,,010,007,,,,,
Exn,054,001,Grounds,,010,002,,,,,
Exn,054,002,Grounds,,010,003,,,,,
Exn,054,002,Grounds,,010,004,,,,,
Exn,054,003,Grounds,,010,001,,,,,
Exn,054,003,Grounds,,010,006,,,,,
Exn,055,001,Grounds,,010,002,,,,,
Exn,055,002,Grounds,,010,004,,,,,
Exn,055,002,Grounds,,010,005,,,,,
Exn,055,003,Grounds,,010,001,,,,,
Exn,055,003,Grounds,,010,006,,,,,
Exn,056,001,Grounds,,010,003,,,,,
Exn,056,001,Grounds,,010,009,,,,,
Exn,056,001,Grounds,,010,011,,,,,
Exn,059,001,Grounds,,010,008,,,,,
Exn,059,001,Grounds,,010,009,,,,,
Exn,059,001,Grounds,,010,011,,,,,
Exn,059,001,Grounds,,010,012,,,,,
Exn,059,003,Grounds,,010,007,,,,,
Exn,059,003,Grounds,,010,008,,,,,
Exn,059,004,Grounds,,010,009,,,,,
Exn,059,004,Grounds,,010,011,,,,,
Exn,059,004,Grounds,,010,012,,,,,
Exn,059,005,Grounds,,010,006,,,,,
Exn,062,001,Grounds,,010,007,,,,,
Exn,062,001,Grounds,,010,008,,,,,
Exn,062,002,Grounds,,010,001,,,,,
Exn,062,002,Grounds,,010,006,,,,,
Exn,062,002,Grounds,,010,007,,,,,
Exn,062,004,Grounds,,010,001,,,,,
Exn,062,005,Grounds,,010,003,,,,,
Exn,066,001,Grounds,,010,008,,,,,
Exn,066,002,Grounds,,010,008,,,,,
Exn,066,002,Grounds,,010,009,,,,,
Exn,066,002,Grounds,,010,011,,,,,
Exn,066,003,Grounds,,010,012,,,,,
Exn,069,001,Grounds,,010,005,,,,,
Exn,069,001,Grounds,,010,007,,,,,
Exn,069,002,Grounds,,010,001,,,,,
Exn,069,002,Grounds,,010,002,,,,,
Exn,069,002,Grounds,,010,006,,,,,
Exn,071,002,Grounds,,010,004,,,,,
Exn,071,002,Grounds,,010,009,,,,,
Exn,071,002,Grounds,,010,011,,,,,
Exn,071,003,Grounds,,010,003,,,,,
Exn,071,003,Grounds,,010,004,,,,,
Exn,071,003,Grounds,,010,004,,,,,
Exn,071,004,Grounds,,010,008,,,,,
Exn,071,004,Grounds,,010,009,,,,,
Exn,071,004,Grounds,,010,011,,,,,
Exn,071,005,Grounds,,010,004,,,,,
Exn,071,005,Grounds,,010,007,,,,,
Exn,071,005,Grounds,,010,013,,,,,
Exn,071,006,Grounds,,010,005,,,,,
Exn,071,006,Grounds,,010,007,,,,,
Exn,071,006,Grounds,,010,013,,,,,
Exn,081,002,Grounds,,010,001,,,,,
Exn,081,002,Grounds,,010,013,,,,,
Exn,082,001,Grounds,,010,003,,,,,
Exn,082,001,Grounds,,010,012,,,,,
Exn,082,002,Grounds,,010,001,,,,,
Exn,082,002,Grounds,,010,012,,,,,
Exn,082,003,Grounds,,010,013,,,,,
Exn,085,001,Grounds,,010,002,,,,,
Exn,085,001,Grounds,,010,003,,,,,
Exn,086,001,Grounds,,010,002,,,,,
Exn,086,001,Grounds,,010,003,,,,,
Exn,086,001,Grounds,,010,003,,,,,
Exn,086,002,Grounds,,010,002,,,,,
Exn,087,001,Grounds,,010,008,,,,,
Exn,087,003,Grounds,,010,002,,,,,
Exn,087,003,Grounds,,010,003,,,,,
Exn,089,001,Grounds,,010,008,,,,,
Exn,089,002,Grounds,,010,008,,,,,
Exn,089,002,Grounds,,010,010,,,,,
Exn,089,003,Grounds,,010,008,,,,,
Exn,090,001,Grounds,,010,003,,,,,
Exn,090,002,Grounds,,010,002,,,,,
Exn,090,002,Grounds,,010,003,,,,,
Exn,090,002,Grounds,,010,010,,,,,
Exn,090,002,Grounds,,010,011,,,,,
Exn,090,003,Grounds,,010,004,,,,,
Exn,090,003,Grounds,,010,010,,,,,
Exn,090,003,Grounds,,010,011,,,,,
Exn,090,003,Grounds,,010,012,,,,,
Exn,092,001,Grounds,,010,002,,,,,
Exn,092,001,Grounds,,010,003,,,,,
Exn,092,002,Grounds,,010,010,,,,,
Exn,092,002,Grounds,,010,011,,,,,
Exn,092,002,Grounds,,010,012,,,,,
Exn,093,001,Grounds,,010,006,,,,,
Exn,093,001,Grounds,,010,008,,,,,
Exn,093,001,Grounds,,010,010,,,,,
Exn,093,001,Grounds,,010,011,,,,,
Exn,093,002,Grounds,,010,008,,,,,
Exn,093,002,Grounds,,010,010,,,,,
Exn,093,002,Grounds,,010,011,,,,,
Exn,095,001,Grounds,,010,003,,,,,
Exn,095,002,Grounds,,010,010,,,,,
Exn,097,001,Grounds,,010,001,,,,,
Exn,097,002,Grounds,,010,002,,,,,
Exn,097,002,Grounds,,010,003,,,,,
Exn,100,002,Grounds,,010,009,,,,,
Exn,100,002,Grounds,,010,011,,,,,
Exn,100,003,Grounds,,010,008,,,,,
Exn,100,003,Grounds,,010,011,,,,,
Exn,100,004,Grounds,,010,009,,,,,
Exn,100,004,Grounds,,010,011,,,,,
Exn,101,001,Grounds,,010,008,,,,,
Exn,102,001,Grounds,,010,008,,,,,
Exn,110,001,Grounds,,010,010,,,,,
Exn,110,002,Grounds,,010,009,,,,,
Exn,110,002,Grounds,,010,010,,,,,
Exn,110,002,Grounds,,010,011,,,,,
Exn,112,001,Grounds,,010,003,,,,,
Exn,112,001,Grounds,,010,007,,,,,
Exn,117,001,Grounds,,010,003,,,,,
Exn,117,001,Grounds,,010,007,,,,,
Exn,117,002,Grounds,,010,002,,,,,
Exn,117,002,Grounds,,010,004,,,,,
Exn,117,002,Grounds,,010,009,,,,,
Exn,117,002,Grounds,,010,011,,,,,
Exn,117,002,Grounds,,010,012,,,,,
Exn,117,003,Grounds,,010,009,,,,,
Exn,117,003,Grounds,,010,011,,,,,
Exn,119,001,Grounds,,010,008,,,,,
Exn,119,001,Grounds,,010,011,,,,,
Exn,120,001,Grounds,,010,008,,,,,
Exn,120,002,Grounds,,010,008,,,,,
Exn,122,001,Grounds,,010,008,,,,,
Exn,122,001,Grounds,,010,011,,,,,
Exn,123,001,Grounds,,010,008,,,,,
Exn,123,002,Grounds,,010,007,,,,,
Exn,123,002,Grounds,,010,008,,,,,
Exn,124,001,Grounds,,010,009,,,,,
Exn,124,002,Grounds,,010,009,,,,,
Exn,124,002,Grounds,,010,009,,,,,
Exn,124,002,Grounds,,010,011,,,,,
Exn,125,001,Grounds,,010,008,,,,,
Exn,130,001,Grounds,,010,004,,,,,
Exn,130,001,Grounds,,010,013,,,,,
Exn,130,002,Grounds,,010,004,,,,,
Exn,130,002,Grounds,,010,013,,,,,
Exn,130,003,Grounds,,010,013,,,,,
Exn,130,004,Grounds,,010,005,,,,,
Exn,130,005,Grounds,,010,004,,,,,
Exn,130,005,Grounds,,010,013,,,,,
Exn,130,006,Grounds,,010,013,,,,,
Exn,130,007,Grounds,,010,005,,,,,
Exn,130,007,Grounds,,010,013,,,,,
Exn,130,008,Grounds,,010,013,,,,,
Exn,130,009,Grounds,,010,003,,,,,
Exn,131,001,Grounds,,010,004,,,,,
Exn,131,001,Grounds,,010,010,,,,,
Exn,013,002,Headlamp Relay,,087,001,,,,,
Exn,013,003,Headlamp Relay,,087,001,,,,,
Exn,087,002,Headlamp Relay,,087,001,D,,,,
Exn,087,002,Headlamp Relay,,087,001,E,,,,
Exn,013,024,Headlamps,,085,001,,,,,
Exn,013,024,Headlamps,,087,002,,,,,
Exn,013,024,Headlamps,,097,001,,,,,
Exn,013,006,Heated Oxygen Sensor (HO2S) #11,4.0L EI,024,004,,,,,
Exn,013,007,Heated Oxygen Sensor (HO2S) #11,4.0L SOHC,023,003,,,,,
Exn,013,008,Heated Oxygen Sensor (HO2S) #11,5.0L,025,006,,,,,
Exn,013,006,Heated Oxygen Sensor (HO2S) #21,5R55E,024,004,,,,,
Exn,013,007,Heated Oxygen Sensor (HO2S) #21,5R55E,023,003,,,,,
Exn,013,008,Heated Oxygen Sensor (HO2S) #21,4R70W,025,006,,,,,
Exn,013,006,Heated Oxygen Sensor (HO2S) #12,5R55E,024,004,,,,,
Exn,013,007,Heated Oxygen Sensor (HO2S) #12,5R55E,023,003,,,,,
Exn,013,008,Heated Oxygen Sensor (HO2S) #12,4R70W,025,005,,,,,
Exn,013,007,Heated Oxygen Sensor (HO2S) #22,5R55E,023,003,,,,,
Exn,013,008,Heated Oxygen Sensor (HO2S) #22,4R70W,025,005,,,,,
Exn,010,003,Heated Rear Window Switch,,056,001,,,,,
Exn,013,019,Heated Rear Window Switch,,056,001,,,,,
Exn,071,003,Heated Rear Window Switch,,056,001,,,,,
Exn,010,012,High Mounted Stoplamp Assembly,,090,003,,,,,
Exn,010,002,High Speed Blower Relay,4.0L SOHC,054,001,,,,,
Exn,010,002,High Speed Blower Relay,5.0L,054,001,,,,,
Exn,013,001,Horn Relay,,020,002,,,,,
Exn,013,001,Horn Relay,,020,003,,,,,
Exn,013,001,Horn Relay,,044,001,,,,,
Exn,031,002,Horn/Cigar Lighter,,044,001,,,,,
Exn,117,001,Horn/Cigar Lighter,,044,001,,,,,
Exn,013,009,Idle Air Control (IAC) Valve,4.0L EI,024,003,,,,,
Exn,013,010,Idle Air Control (IAC) Valve,4.0L SOHC,023,002,,,,,
Exn,013,011,Idle Air Control (IAC) Valve,5.0L,025,004,,,,,
Exn,013,016,Ignition Coil,4.0L EI,021,002,,,,,
Exn,013,016,Ignition Coil,4.0L SOHC,021,002,,,,,
Exn,013,016,Ignition Coils 1 and 2,,021,001,,,,,
Exn,013,016,Ignition Coils 3 and 4,,021,001,,,,,
Exn,010,003,Ignition Switch,,013,023,,,,,
Exn,012,001,Ignition Switch,,013,023,,,,,
Exn,012,001,Ignition Switch,,149,002,,,,,
Exn,013,013,Ignition Switch,,013,023,U,,,,
Exn,013,016,Ignition Switch,,013,023,R,,,,
Exn,013,017,Ignition Switch,,013,023,S,,,,
Exn,013,018,Ignition Switch,,013,023,T,,,,
Exn,013,020,Ignition Switch,,013,023,W,,,,
Exn,013,023,Ignition Switch,,149,002,,,,,
Exn,020,001,Ignition Switch,,013,023,,,,,
Exn,020,001,Ignition Switch,,149,002,,,,,
Exn,020,002,Ignition Switch,,013,023,,,,,
Exn,020,002,Ignition Switch,,149,002,,,,,
Exn,020,003,Ignition Switch,,013,023,,,,,
Exn,020,003,Ignition Switch,,149,002,,,,,
Exn,062,004,Ignition Switch,,013,016,,,,,
Exn,062,004,Ignition Switch,,149,002,,,,,
Exn,023,002,Ignition System,,021,002,,,,,
Exn,024,003,Ignition System,,021,002,,,,,
Exn,025,002,Ignition System,,021,001,,,,,
Exn,062,003,Inertia Fuel Shutoff,,023,005,,,,,
Exn,062,003,Inertia Fuel Shutoff,,024,006,,,,,
Exn,062,003,Inertia Fuel Shutoff,,025,001,,,,,
Exn,010,001,Instrument Cluster,,062,002,,,,,
Exn,010,003,Instrument Cluster,,062,005,,,,,
Exn,010,007,Instrument Cluster,,062,002,,,,,
Exn,012,001,Instrument Cluster,,062,003,,,,,
Exn,013,014,Instrument Cluster,,062,001,,,,,
Exn,013,016,Instrument Cluster,,062,001,,,,,
Exn,013,016,Instrument Cluster,,062,003,,,,,
Exn,013,019,Instrument Cluster,,062,005,,,,,
Exn,013,024,Instrument Cluster,,062,006,,,,,
Exn,023,002,Instrument Cluster,,062,003,,,,,
Exn,023,002,Instrument Cluster,,062,006,,,,,
Exn,023,002,Instrument Cluster,,062,006,,,,,
Exn,023,005,Instrument Cluster,,062,001,,,,,
Exn,023,005,Instrument Cluster,,062,003,,,,,
Exn,023,006,Instrument Cluster,,062,001,,,,,
Exn,024,001,Instrument Cluster,,062,001,,,,,
Exn,024,003,Instrument Cluster,,062,003,,,,,
Exn,024,003,Instrument Cluster,,062,006,,,,,
Exn,024,006,Instrument Cluster,,062,003,,,,,
Exn,025,001,Instrument Cluster,,062,001,,,,,
Exn,025,001,Instrument Cluster,,062,003,,,,,
Exn,025,003,Instrument Cluster,,062,002,,,,,
Exn,025,007,Instrument Cluster,,062,001,,,,,
Exn,025,007,Instrument Cluster,,062,003,,,,,
Exn,025,007,Instrument Cluster,,062,006,,,,,
Exn,029,003,Instrument Cluster,,062,006,,,,,
Exn,030,003,Instrument Cluster,,062,006,,,,,
Exn,031,002,Instrument Cluster,,062,006,,,,,
Exn,034,003,Instrument Cluster,,062,001,,,,,
Exn,034,003,Instrument Cluster,,062,006,,,,,
Exn,041,003,Instrument Cluster,,062,003,,,,,
Exn,042,002,Instrument Cluster,,062,003,,,,,
Exn,046,001,Instrument Cluster,,062,003,,,,,
Exn,059,001,Instrument Cluster,,062,003,,,,,
Exn,059,003,Instrument Cluster,,062,003,,,,,
Exn,059,006,Instrument Cluster,,062,006,,,,,
Exn,062,001,Instrument Cluster,,062,002,A,,,,
Exn,062,001,Instrument Cluster,,062,003,B,,,,
Exn,062,002,Instrument Cluster,,062,001,A,,,,
Exn,062,003,Instrument Cluster,,062,001,B,,,,
Exn,062,003,Instrument Cluster,,062,004,E,,,,
Exn,062,004,Instrument Cluster,,062,003,E,,,,
Exn,064,001,Instrument Cluster,,062,001,,,,,
Exn,069,002,Instrument Cluster,,062,001,,,,,
Exn,069,002,Instrument Cluster,,062,002,,,,,
Exn,071,003,Instrument Cluster,,062,005,,,,,
Exn,071,005,Instrument Cluster,,062,006,,,,,
Exn,085,001,Instrument Cluster,,062,005,,,,,
Exn,090,001,Instrument Cluster,,062,005,,,,,
Exn,097,001,Instrument Cluster,,062,004,,,,,
Exn,097,002,Instrument Cluster,,062,005,,,,,
Exn,112,001,Instrument Cluster,,062,005,,,,,
Exn,117,001,Instrument Cluster,,062,005,,,,,
Exn,013,024,Instrument Illumination,,071,001,,,,,
Exn,013,024,Instrument Illumination,,071,005,,,,,
Exn,031,002,Instrument Illumination,,071,006,,,,,
Exn,034,001,Instrument Illumination,,071,003,,,,,
Exn,054,002,Instrument Illumination,,071,003,,,,,
Exn,055,002,Instrument Illumination,,071,003,,,,,
Exn,055,002,Instrument Illumination,,071,005,,,,,
Exn,055,004,Instrument Illumination,,071,006,,,,,
Exn,056,001,Instrument Illumination,,071,003,,,,,
Exn,059,003,Instrument Illumination,,071,001,,,,,
Exn,010,008,Left Front Heated Seat Module,,119,001,,,,,
Exn,013,002,Left Front Heated Seat Module,,119,001,,,,,
Exn,013,015,Left Front Heated Seat Module,,119,001,,,,,
Exn,013,015,Left Front Heated Seat Switch,,119,001,,,,,
Exn,010,003,Left Front Park/Turn Lamp,4.0L SOHC,092,001,,,,,
Exn,010,003,Left Front Park/Turn Lamp,5.0L,092,001,,,,,
Exn,010,003,Left Front Park/Turn Lamp,4.0L EI,092,001,,,,,
Exn,010,009,Left Front Power Door Lock Switch,,071,004,,,,,
Exn,010,009,Left Front Power Door Lock Switch,,110,002,,,,,
Exn,071,004,Left Front Power Door Lock Switch,,110,002,,,,,
Exn,010,008,Left Front Power Seat Control Switch,Without Memory Seats,120,001,,,,,
Exn,013,021,Left Front Power Seat Control Switch,With Memory Seats,123,001,,,,,
Exn,013,022,Left Front Power Seat Control Switch,Without Memory Seats,120,001,,,,,
Exn,010,009,Left Front Power Window Switch,2 Door,071,004,,,,,
Exn,010,009,Left Front Power Window Switch,2 Door,100,004,,,,,
Exn,071,004,Left Front Power Window Switch,2 Door,100,004,,,,,
Exn,010,014,Left Front Running Board Lamp,,089,003,,,,,
Exn,010,003,Left Front Side Lamp,4.0L EI,092,001,,,,,
Exn,010,003,Left Front Side Lamp,4.0L SOHC,092,001,,,,,
Exn,010,003,Left Front Side Lamp,5.0L,092,001,,,,,
Exn,010,003,Left Headlamp,4.0L EI,087,003,,,,,
Exn,010,003,Left Headlamp,4.0L SOHC,087,003,,,,,
Exn,010,003,Left Headlamp,5.0L,087,003,,,,,
Exn,013,015,Left Headlamp,4.0L EI,102,001,,,,,
Exn,013,015,Left Headlamp,4.0L SOHC,102,001,,,,,
Exn,013,015,Left Headlamp,5.0L,102,001,,,,,
Exn,013,019,Left Headlamp,4.0L EI,085,001,,,,,
Exn,013,019,Left Headlamp,4.0L SOHC,085,001,,,,,
Exn,013,019,Left Headlamp,5.0L,085,001,,,,,
Exn,010,012,Left License Lamp,,092,002,,,,,
Exn,010,012,Left Liftgate Ajar Switch,,059,001,,,,,
Exn,013,003,Main Light Switch,,087,002,,,,,
Exn,013,024,Main Light Switch,,149,001,,,,,
Exn,059,003,Main Light Switch,,092,001,,,,,
Exn,059,003,Main Light Switch,,149,001,,,,,
Exn,062,006,Main Light Switch,,013,024,,,,,
Exn,062,006,Main Light Switch,,149,001,,,,,
Exn,066,001,Main Light Switch,,013,024,,,,,
Exn,066,001,Main Light Switch,,149,001,,,,,
Exn,071,001,Main Light Switch,,013,024,,,,,
Exn,071,001,Main Light Switch,,149,001,,,,,
Exn,071,005,Main Light Switch,,013,024,,,,,
Exn,071,005,Main Light Switch,,149,001,,,,,
Exn,085,001,Main Light Switch,,013,024,,,,,
Exn,085,001,Main Light Switch,,149,001,,,,,
Exn,086,002,Main Light Switch,,013,002,,,,,
Exn,087,002,Main Light Switch,,013,024,,,,,
Exn,087,002,Main Light Switch,,149,001,,,,,
Exn,092,001,Main Light Switch,,013,002,,,,,
Exn,092,001,Main Light Switch,,149,001,,,,,
Exn,097,002,Main Light Switch,,013,024,,,,,
Exn,097,002,Main Light Switch,,149,001,,,,,
Exn,010,006,Mass Air Flow (MAF) Sensor,4.0L SOHC,023,006,,,,,
Exn,010,006,Mass Air Flow (MAF) Sensor,4.0L EI,024,008,,,,,
Exn,010,006,Mass Air Flow (MAF) Sensor,5.0L,025,004,,,,,
Exn,013,009,Mass Air Flow (MAF) Sensor,4.0L EI,024,008,,,,,
Exn,013,010,Mass Air Flow (MAF) Sensor,4.0L SOHC,023,006,,,,,
Exn,013,011,Mass Air Flow (MAF) Sensor,5.0L,025,004,,,,,
Exn,029,002,Mass Air Flow (MAF) Sensor,4.0L SOHC,023,006,,,,,
Exn,029,002,Mass Air Flow (MAF) Sensor,4.0L EI,024,008,,,,,
Exn,030,002,Mass Air Flow (MAF) Sensor,5.0L,025,004,,,,,
Exn,010,009,Master Window/Door Lock Control Switch,4 Door,071,004,,,,,
Exn,010,009,Master Window/Door Lock Control Switch,4 Door,100,002,,,,,
Exn,010,009,Master Window/Door Lock Control Switch,4 Door,110,002,,,,,
Exn,071,004,Master Window/Door Lock Control Switch,4 Door,100,002,,,,,
Exn,117,001,Multifunction Electronic Control Modules,,059,004,,,,,
Exn,117,001,Multifunction Electronic Control Modules,,059,006,,,,,
Exn,013,003,Multifunction Switch,,087,003,,,,,
Exn,013,014,Multifunction Switch,,090,001,,,,,
Exn,013,015,Multifunction Switch,,087,003,,,,,
Exn,013,018,Multifunction Switch,,095,001,,,,,
Exn,013,019,Multifunction Switch,,085,001,,,,,
Exn,059,002,Multifunction Switch,,081,001,,,,,
Exn,062,005,Multifunction Switch,,085,001,,,,,
Exn,081,001,Multifunction Switch,,149,003,,,,,
Exn,085,001,Multifunction Switch,,013,024,,,,,
Exn,085,001,Multifunction Switch,,149,004,,,,,
Exn,087,003,Multifunction Switch,,149,005,,,,,
Exn,090,001,Multifunction Switch,,149,005,,,,,
Exn,095,001,Multifunction Switch,,149,005,,,,,
Exn,097,002,Multifunction Switch,,149,004,,,,,
Exn,023,005,Multiplex Communication Network,,014,001,,,,,
Exn,024,008,Multiplex Communication Network,,014,001,,,,,
Exn,025,006,Multiplex Communication Network,,014,001,,,,,
Exn,041,002,Multiplex Communication Network,,014,001,,,,,
Exn,042,001,Multiplex Communication Network,,014,001,,,,,
Exn,046,001,Multiplex Communication Network,,014,001,,,,,
Exn,055,001,Multiplex Communication Network,,014,001,,,,,
Exn,131,001,Multiplex Communication Network,,014,001,,,,,
Exn,013,002,Park Lamp Relay,,092,001,,,,,
Exn,071,005,Park Lamp Relay,,071,001,J,,,,
Exn,071,005,Park Lamp Relay,,071,001,H,,,,
Exn,087,002,Park Lamp Relay,,087,001,B,,,,
Exn,010,004,Parking Aid Disable Switch,,131,001,,,,,
Exn,071,003,Parking Aid Disable Switch,,131,001,,,,,
Exn,010,010,Parking Aid Module (PAM),,131,001,,,,,
Exn,013,018,Parking Aid Module (Pam),,131,001,,,,,
Exn,014,001,Parking Aid Module (Pam),,131,001,,,,,
Exn,059,002,Parking Aid Module (PAM),,131,001,,,,,
Exn,093,001,Parking Aid Module (Pam),,131,001,,,,,
Exn,025,001,Power Distribution,,013,016,,,,,
Exn,029,001,Power Distribution,,013,005,,,,,
Exn,029,001,Power Distribution,,013,016,,,,,
Exn,029,002,Power Distribution,,013,018,,,,,
Exn,029,004,Power Distribution,,013,006,,,,,
Exn,029,004,Power Distribution,,013,007,,,,,
Exn,030,001,Power Distribution,,013,016,,,,,
Exn,030,002,Power Distribution,,013,018,,,,,
Exn,030,004,Power Distribution,,013,008,,,,,
Exn,031,001,Power Distribution,,013,012,,,,,
Exn,031,001,Power Distribution,,013,013,,,,,
Exn,034,001,Power Distribution,,013,013,,,,,
Exn,034,001,Power Distribution,,013,017,,,,,
Exn,034,001,Power Distribution,,013,020,,,,,
Exn,034,002,Power Distribution,,013,002,,,,,
Exn,034,002,Power Distribution,,013,018,,,,,
Exn,037,001,Power Distribution,,013,013,,,,,
Exn,041,003,Power Distribution,,013,013,,,,,
Exn,042,002,Power Distribution,,013,016,,,,,
Exn,046,001,Power Distribution,,013,013,,,,,
Exn,054,001,Power Distribution,,013,013,,,,,
Exn,054,002,Power Distribution,,013,013,,,,,
Exn,055,001,Power Distribution,,013,013,,,,,
Exn,055,001,Power Distribution,,013,021,,,,,
Exn,055,002,Power Distribution,,013,015,,,,,
Exn,056,001,Power Distribution,,013,018,,,,,
Exn,059,001,Power Distribution,,013,013,,,,,
Exn,059,001,Power Distribution,,013,014,,,,,
Exn,059,001,Power Distribution,,013,017,,,,,
Exn,059,001,Power Distribution,,013,020,,,,,
Exn,062,001,Power Distribution,,013,014,,,,,
Exn,062,001,Power Distribution,,013,016,,,,,
Exn,062,005,Power Distribution,,013,019,,,,,
Exn,062,006,Power Distribution,,013,016,,,,,
Exn,066,001,Power Distribution,,013,014,,,,,
Exn,069,001,Power Distribution,,013,015,,,,,
Exn,069,001,Power Distribution,,013,021,,,,,
Exn,071,001,Power Distribution,,013,002,,,,,
Exn,071,005,Power Distribution,,013,016,,,,,
Exn,123,002,Power Distribution,,013,021,,,,,
Exn,124,001,Power Distribution,,013,012,,,,,
Exn,124,002,Power Distribution,,013,012,,,,,
Exn,125,001,Power Distribution,,013,016,,,,,
Exn,125,001,Power Distribution,,013,021,,,,,
Exn,125,002,Power Distribution,,013,018,,,,,
Exn,130,001,Power Distribution,,013,017,,,,,
Exn,130,001,Power Distribution,,013,020,,,,,
Exn,130,002,Power Distribution,,013,014,,,,,
Exn,130,002,Power Distribution,,013,017,,,,,
Exn,130,002,Power Distribution,,013,020,,,,,
Exn,130,003,Power Distribution,,013,019,,,,,
Exn,130,004,Power Distribution,,013,019,,,,,
Exn,130,005,Power Distribution,,013,014,,,,,
Exn,130,005,Power Distribution,,013,017,,,,,
Exn,130,006,Power Distribution,,013,014,,,,,
Exn,130,006,Power Distribution,,013,020,,,,,
Exn,130,007,Power Distribution,,013,019,,,,,
Exn,130,008,Power Distribution,,013,019,,,,,
Exn,130,009,Power Distribution,,013,012,,,,,
Exn,130,009,Power Distribution,,013,020,,,,,
Exn,131,001,Power Distribution,,013,018,,,,,
Exn,059,006,Power Door Locks,,110,002,,,,,
Exn,117,002,Power Door Locks,,110,001,,,,,
Exn,117,003,Power Door Locks,,110,002,,,,,
Exn,034,002,Power Windows,,100,001,,,,,
Exn,059,004,Power Windows,,100,001,,,,,
Exn,089,001,Power Windows,,100,001,,,,,
Exn,101,001,Power Windows,,100,001,,,,,
Exn,010,006,Powertrain Control Module (PCM),4.0L SOHC,023,001,,,,,
Exn,010,006,Powertrain Control Module (PCM),4.0L EI,024,004,,,,,
Exn,010,006,Powertrain Control Module (PCM),5.0L,025,001,,,,,
Exn,010,006,Powertrain Control Module (PCM),5.0L,025,002,,,,,
Exn,013,002,Powertrain Control Module (PCM),4.0L SOHC,023,001,,,,,
Exn,013,002,Powertrain Control Module (PCM),4.0L EI,024,001,,,,,
Exn,013,002,Powertrain Control Module (PCM),5.0L,025,001,,,,,
Exn,055,001,Powertrain Control Module (PCM),4.0L EI,024,008,,,,,
Exn,055,001,Powertrain Control Module (PCM),5.0L,025,006,,,,,
Exn,055,003,Powertrain Control Module (PCM),4.0L SOHC,023,005,,,,,
Exn,055,003,Powertrain Control Module (PCM),4.0L EI,024,008,,,,,
Exn,055,003,Powertrain Control Module (PCM),5.0L,025,002,,,,,
Exn,059,003,Powertrain Control Module (PCM),4.0L SOHC,023,007,,,,,
Exn,059,003,Powertrain Control Module (PCM),4.0L EI,024,007,,,,,
Exn,059,006,Powertrain Control Module (PCM),4.0L SOHC,023,001,,,,,
Exn,059,006,Powertrain Control Module (PCM),4.0L EI,024,008,,,,,
Exn,059,006,Powertrain Control Module (PCM),5.0L,025,005,,,,,
Exn,062,001,Powertrain Control Module (PCM),4.0L SOHC,023,006,,,,,
Exn,062,001,Powertrain Control Module (PCM),4.0L EI,024,001,,,,,
Exn,062,001,Powertrain Control Module (PCM),5.0L,025,007,,,,,
Exn,062,002,Powertrain Control Module (PCM),4.0L SOHC,023,002,,,,,
Exn,062,002,Powertrain Control Module (PCM),4.0L EI,024,003,,,,,
Exn,062,002,Powertrain Control Module (PCM),5.0L,025,003,,,,,
Exn,062,006,Powertrain Control Module (PCM),4.0L SOHC,023,002,,,,,
Exn,062,006,Powertrain Control Module (PCM),4.0L EI,024,003,,,,,
Exn,062,006,Powertrain Control Module (PCM),5.0L,025,007,,,,,
Exn,064,001,Powertrain Control Module (PCM),4.0L SOHC,023,001,,,,,
Exn,064,001,Powertrain Control Module (PCM),4.0L EI,024,005,,,,,
Exn,064,001,Powertrain Control Module (PCM),5.0L,025,004,,,,,
Exn,093,001,Powertrain Control Module (PCM),4.0L SOHC,023,006,,,,,
Exn,093,001,Powertrain Control Module (PCM),4.0L EI,024,003,,,,,
Exn,093,001,Powertrain Control Module (PCM),5.0L,025,006,,,,,
Exn,112,001,Powertrain Control Module (PCM),4.0L SOHC,023,005,,,,,
Exn,112,001,Powertrain Control Module (PCM),4.0L EI,024,008,,,,,
Exn,112,001,Powertrain Control Module (PCM),5.0L,025,006,,,,,
Exn,071,006,Rear Integrated Control Panel (RICP),Audio,130,003,,,,,
Exn,071,006,Rear Integrated Control Panel (RICP),Audio,130,008,,,,,
Exn,010,013,Rear Washer Control Relay,5.0L,082,003,,,,,
Exn,010,013,Rear Washer Control Relay,4.0L SOHC,082,003,,,,,
Exn,010,012,Rear Window Defrost Grid,,056,001,,,,,
Exn,013,019,Rear Window Defrost Grid,,056,001,,,,,
Exn,013,003,Rear Window Defrost Relay,,056,001,,,,,
Exn,013,018,Rear Window Defrost Relay,,056,001,,,,,
Exn,013,019,Rear Window Defrost Relay,,056,001,,,,,
Exn,059,002,Rear Window Defrost/Mirror Defrost,,056,001,,,,,
Exn,124,002,Rear Window Defrost/Mirror Defrost,,056,001,,,,,
Exn,010,001,Rear Wiper Down Relay,,082,002,,,,,
Exn,013,004,Rear Wiper Down Relay,,082,002,,,,,
Exn,010,001,Rear Wiper Up Relay,,082,002,,,,,
Exn,013,004,Rear Wiper Up Relay,,082,002,,,,,
Exn,010,007,Remote Anti-Theft Personality (RAP) Module,,117,001,,,,,
Exn,013,001,Remote Anti-Theft Personality (RAP) Module,,117,001,,,,,
Exn,013,017,Remote Anti-Theft Personality (RAP) Module,,117,001,,,,,
Exn,014,001,Remote Anti-Theft Personality (RAP) Module,,117,001,,,,,
Exn,031,002,Remote Anti-Theft Personality (RAP) Module,,117,001,,,,,
Exn,041,002,Remote Anti-Theft Personality (RAP) Module,,117,001,,,,,
Exn,044,001,Remote Anti-Theft Personality (RAP) Module,,117,001,,,,,
Exn,059,002,Remote Anti-Theft Personality (RAP) Module,,117,001,,,,,
Exn,059,004,Remote Anti-Theft Personality (RAP) Module,,117,001,,,,,
Exn,059,004,Remote Anti-Theft Personality (RAP) Module,,117,002,,,,,
Exn,059,006,Remote Anti-Theft Personality (RAP) Module,,117,002,,,,,
Exn,062,005,Remote Anti-Theft Personality (RAP) Module,,117,001,,,,,
Exn,071,001,Remote Anti-Theft Personality (RAP) Module,,117,001,,,,,
Exn,087,001,Remote Anti-Theft Personality (RAP) Module,,117,001,,,,,
Exn,062,005,Instrument Illumination,,071,003,,,,,
Exn,062,006,Instrument Illumination,,071,005,,,,,
Exn,066,001,Instrument Illumination,,071,001,,,,,
Exn,069,001,Instrument Illumination,,071,005,,,,,
Exn,069,001,Instrument Illumination,,071,006,,,,,
Exn,082,001,Instrument Illumination,,071,003,,,,,
Exn,086,001,Instrument Illumination,,071,003,,,,,
Exn,089,001,Instrument Illumination,,071,002,,,,,
Exn,100,002,Instrument Illumination,,071,004,,,,,
Exn,100,003,Instrument Illumination,,071,004,,,,,
Exn,100,004,Instrument Illumination,,071,004,,,,,
Exn,102,001,Instrument Illumination,,071,004,,,,,
Exn,124,002,Instrument Illumination,,071,002,,,,,
Exn,130,001,Instrument Illumination,,071,005,,,,,
Exn,130,002,Instrument Illumination,,071,005,,,,,
Exn,130,003,Instrument Illumination,,071,006,,,,,
Exn,130,005,Instrument Illumination,,071,005,,,,,
Exn,130,007,Instrument Illumination,,071,005,,,,,
Exn,131,001,Instrument Illumination,,071,003,,,,,
Exn,059,002,Interval Wiper/Washer,,081,001,,,,,
Exn,059,002,Interval Wiper/Washer,,081,002,,,,,
Exn,082,001,Interval Wiper/Washer,,081,002,,,,,
Exn,082,003,Interval Wiper/Washer,,081,002,,,,,
Exn,010,009,Keypad Assembly,,117,003,,,,,
Exn,010,009,Left Exterior Rear View Mirror,,056,001,,,,,
Exn,010,009,Left Exterior Rear View Mirror,,124,002,,,,,
Exn,013,019,Left Exterior Rear View Mirror,,056,001,,,,,
Exn,056,001,Left Exterior Rear View Mirror,,124,002,,,,,
Exn,071,002,Left Exterior Rear View Mirror,,124,002,,,,,
Exn,010,003,Left Fog Lamp,4.0L EI,086,001,,,,,
Exn,010,003,Left Fog Lamp,4.0L SOHC,086,001,,,,,
Exn,010,003,Left Fog Lamp,5.0L,086,001,,,,,
Exn,010,008,Left Front Door Ajar Switch,,066,002,,,,,
Exn,010,009,Left Front Door Ajar Switch,,089,002,,,,,
Exn,010,009,Left Front Door Disarm Switch,,117,002,,,,,
Exn,010,008,Left Power Lumbar Motor,With Memory Seats,122,001,,,,,
Exn,013,022,Left Power Lumbar Seat Switch,With Memory Seats,122,001,,,,,
Exn,013,022,Left Power Lumbar Seat Switch,Without Memory Seats,122,001,,,,,
Exn,123,001,Left Power Lumbar Seat Switch,With Memory Seats,122,001,,,,,
Exn,123,001,Left Power Lumbar Seat Switch,Without Memory Seats,122,001,,,,,
Exn,010,008,Left Rear Door Ajar Switch,,066,002,,,,,
Exn,010,008,Left Rear Power Window Switch,,100,003,,,,,
Exn,071,004,Left Rear Power Window Switch,,100,003,,,,,
Exn,010,014,Left Rear Running Board Lamp,,089,003,,,,,
Exn,010,010,Left Rear Stop/Park Lamp,,090,003,,,,,
Exn,010,010,Left Rear Turn Signal Lamp,,090,002,,,,,
Exn,010,010,Left Reversing Lamp,,093,001,,,,,
Exn,010,008,Left Vanity Mirror/Lamp Switch,,089,001,,,,,
Exn,010,012,Liftgate Disarm Switch,,117,002,,,,,
Exn,010,010,Liftgate Lock Switch,,110,002,,,,,
Exn,010,012,Liftgate Wiper Disable Switch,,082,001,,,,,
Exn,010,012,Liftgate Wiper Motor,,082,002,,,,,
Exn,059,005,Liftgate Wiper/Washer,,082,001,,,,,
Exn,059,005,Liftgate Wiper/Washer,,082,002,,,,,
Exn,081,002,Liftgate Wiper/Washer,,082,003,,,,,
Exn,010,003,Liftgate Wiper/Washer Switch,,082,001,,,,,
Exn,013,017,Liftgate Wiper/Washer Switch,,082,001,,,,,
Exn,059,002,Liftgate Wiper/Washer Switch,,082,001,,,,,
Exn,071,003,Liftgate Wiper/Washer Switch,,082,001,,,,,
Exn,010,008,Lighted Running Board Relay,,089,002,,,,,
Exn,013,015,Lighted Running Board Relay,,089,002,,,,,
Exn,089,003,Lighted Running Board Relay,,089,002,B,,,,
Exn,010,002,Low Washer Fluid Level Sensor,4.0L EI,069,002,,,,,
Exn,010,002,Low Washer Fluid Level Sensor,4.0L SOHC,069,002,,,,,
Exn,010,002,Low Washer Fluid Level Sensor,5.0L,069,002,,,,,
Exn,010,004,Main Light Switch,,013,024,,,,,
Exn,013,002,Main Light Switch,,013,024,,,,,
Exn,117,003,Master Window/Door Lock Control Switch,4 Door,110,002,,,,,
Exn,117,003,Memory Seat,,123,002,,,,,
Exn,010,008,Memory Seat Switch,,123,002,,,,,
Exn,013,012,Memory Seat Switch,,123,002,,,,,
Exn,010,001,Message Center,,069,002,,,,,
Exn,010,005,Message Center,,069,001,,,,,
Exn,010,007,Message Center,,069,001,,,,,
Exn,013,015,Message Center,,069,001,,,,,
Exn,013,021,Message Center,,069,001,,,,,
Exn,023,005,Message Center,,069,001,,,,,
Exn,024,001,Message Center,,069,002,,,,,
Exn,025,007,Message Center,,069,001,,,,,
Exn,046,001,Message Center,,069,001,,,,,
Exn,055,003,Message Center,,069,001,,,,,
Exn,059,003,Message Center,,069,001,,,,,
Exn,062,001,Message Center,,069,002,,,,,
Exn,062,002,Message Center,,069,002,,,,,
Exn,064,001,Message Center,,069,002,,,,,
Exn,071,005,Message Center,,069,001,,,,,
Exn,010,005,Message Center Switch Assembly,,069,001,,,,,
Exn,010,007,Message Center Switch Assembly,,069,001,,,,,
Exn,071,006,Message Center Switch Assembly,,069,001,,,,,
Exn,023,001,Multifunction Electronic Control Modules,,059,006,,,,,
Exn,023,007,Multifunction Electronic Control Modules,,059,003,,,,,
Exn,024,007,Multifunction Electronic Control Modules,,059,003,,,,,
Exn,030,003,Multifunction Electronic Control Modules,,059,005,,,,,
Exn,031,001,Multifunction Electronic Control Modules,,059,006,,,,,
Exn,034,001,Multifunction Electronic Control Modules,,059,002,,,,,
Exn,037,001,Multifunction Electronic Control Modules,,059,006,,,,,
Exn,041,001,Multifunction Electronic Control Modules,,059,006,,,,,
Exn,042,001,Multifunction Electronic Control Modules,,059,006,,,,,
Exn,082,001,Multifunction Electronic Control Modules,,059,002,,,,,
Exn,090,003,Multifunction Electronic Control Modules,,059,006,,,,,
Exn,117,001,Multifunction Electronic Control Modules,,059,002,,,,,
Exn,093,002,Parking Aid Module (Pam),,131,001,,,,,
Exn,125,001,Parking Aid Module (Pam),,131,001,,,,,
Exn,010,007,Passive Anti-Theft System (PATS) Module,,112,001,,,,,
Exn,013,014,Passive Anti-Theft System (PATS) Module,,112,001,,,,,
Exn,013,016,Passive Anti-Theft System (PATS) Module,,112,001,,,,,
Exn,062,005,Passive Anti-Theft System (PATS) Module,,112,001,,,,,
Exn,117,001,Passive Anti-Theft System (PATS) Module,,112,001,,,,,
Exn,013,005,PCM Power Diode,,013,016,N,,,,
Exn,010,006,PCM Power Relay,,023,001,,,,,
Exn,010,006,PCM Power Relay,,024,001,,,,,
Exn,010,006,PCM Power Relay,,025,001,,,,,
Exn,013,004,PCM Power Relay,,013,005,O,,,,
Exn,013,005,PCM Power Relay,,023,001,,,,,
Exn,013,005,PCM Power Relay,,024,001,,,,,
Exn,013,005,PCM Power Relay,,025,001,,,,,
Exn,013,016,PCM Power Relay,,013,005,N,,,,
Exn,025,002,PCM Power Relay,,025,001,A,,,,
Exn,029,004,PCM Power Relay,,029,001,A,,,,
Exn,010,003,Power Antenna Module,,130,009,,,,,
Exn,013,012,Power Antenna Module,,130,009,,,,,
Exn,013,020,Power Antenna Module,,130,009,,,,,
Exn,012,001,Power Distribution,,013,023,,,,,
Exn,013,024,Power Distribution,,013,002,,,,,
Exn,013,024,Power Distribution,,013,003,,,,,
Exn,020,001,Power Distribution,,013,003,,,,,
Exn,020,002,Power Distribution,,013,003,,,,,
Exn,020,003,Power Distribution,,013,003,,,,,
Exn,021,001,Power Distribution,,013,016,,,,,
Exn,021,002,Power Distribution,,013,016,,,,,
Exn,023,003,Power Distribution,,013,005,,,,,
Exn,023,005,Power Distribution,,013,001,,,,,
Exn,023,007,Power Distribution,,013,007,,,,,
Exn,024,004,Power Distribution,,013,005,,,,,
Exn,024,006,Power Distribution,,013,005,,,,,
Exn,024,007,Power Distribution,,013,006,,,,,
Exn,024,007,Power Distribution,,013,007,,,,,
Exn,025,001,Power Distribution,,013,001,,,,,
Exn,081,002,Power Distribution,,013,019,,,,,
Exn,085,001,Power Distribution,,013,003,,,,,
Exn,085,001,Power Distribution,,013,015,,,,,
Exn,085,001,Power Distribution,,013,019,,,,,
Exn,085,001,Power Distribution,,013,024,,,,,
Exn,086,002,Power Distribution,,013,002,,,,,
Exn,086,002,Power Distribution,,013,019,,,,,
Exn,087,001,Power Distribution,,013,002,,,,,
Exn,087,001,Power Distribution,,013,016,,,,,
Exn,087,001,Power Distribution,,013,021,,,,,
Exn,087,002,Power Distribution,,013,002,,,,,
Exn,089,002,Power Distribution,,013,015,,,,,
Exn,090,001,Power Distribution,,013,013,,,,,
Exn,090,001,Power Distribution,,013,014,,,,,
Exn,092,001,Power Distribution,,013,002,,,,,
Exn,093,001,Power Distribution,,013,018,,,,,
Exn,093,002,Power Distribution,,013,018,,,,,
Exn,095,001,Power Distribution,,013,012,,,,,
Exn,095,001,Power Distribution,,013,013,,,,,
Exn,097,001,Power Distribution,,013,018,,,,,
Exn,097,002,Power Distribution,,013,003,,,,,
Exn,097,002,Power Distribution,,013,015,,,,,
Exn,097,002,Power Distribution,,013,019,,,,,
Exn,097,002,Power Distribution,,013,024,,,,,
Exn,100,001,Power Distribution,,013,002,,,,,
Exn,102,001,Power Distribution,,013,013,,,,,
Exn,110,001,Power Distribution,,013,022,,,,,
Exn,112,001,Power Distribution,,013,014,,,,,
Exn,112,001,Power Distribution,,013,016,,,,,
Exn,117,001,Power Distribution,,013,001,,,,,
Exn,117,001,Power Distribution,,013,017,,,,,
Exn,119,001,Power Distribution,,013,002,,,,,
Exn,119,001,Power Distribution,,013,015,,,,,
Exn,120,001,Power Distribution,,013,022,,,,,
Exn,120,002,Power Distribution,,013,022,,,,,
Exn,122,001,Power Distribution,,013,022,,,,,
Exn,123,001,Power Distribution,,013,022,,,,,
Exn,123,002,Power Distribution,,013,012,,,,,
Exn,123,002,Power Distribution,,013,020,,,,,
Exn,013,009,Powertrain Control Module (PCM),4.0L EI,024,005,,,,,
Exn,013,010,Powertrain Control Module (PCM),4.0L SOHC,023,001,,,,,
Exn,013,011,Powertrain Control Module (PCM),5.0L,025,004,,,,,
Exn,014,001,Powertrain Control Module (PCM),4.0L SOHC,023,005,,,,,
Exn,014,001,Powertrain Control Module (PCM),4.0L EI,024,008,,,,,
Exn,014,001,Powertrain Control Module (PCM),5.0L,025,006,,,,,
Exn,021,001,Powertrain Control Module (PCM),5.0L,025,002,,,,,
Exn,021,002,Powertrain Control Module (PCM),4.0L SOHC,023,001,,,,,
Exn,021,002,Powertrain Control Module (PCM),4.0L EI,024,003,,,,,
Exn,029,001,Powertrain Control Module (PCM),4.0L SOHC,023,001,,,,,
Exn,029,001,Powertrain Control Module (PCM),4.0L EI,024,001,,,,,
Exn,029,003,Powertrain Control Module (PCM),4.0L SOHC,023,002,,,,,
Exn,029,003,Powertrain Control Module (PCM),4.0L SOHC,023,006,,,,,
Exn,029,003,Powertrain Control Module (PCM),4.0L EI,024,002,,,,,
Exn,029,003,Powertrain Control Module (PCM),4.0L EI,024,005,,,,,
Exn,029,004,Powertrain Control Module (PCM),4.0L SOHC,023,006,,,,,
Exn,029,004,Powertrain Control Module (PCM),4.0L EI,024,004,,,,,
Exn,030,001,Powertrain Control Module (PCM),5.0L,025,001,,,,,
Exn,030,001,Powertrain Control Module (PCM),5.0L,025,002,,,,,
Exn,030,003,Powertrain Control Module (PCM),5.0L,025,007,,,,,
Exn,030,004,Powertrain Control Module (PCM),5.0L,025,007,,,,,
Exn,041,001,Powertrain Control Module (PCM),4.0L SOHC,023,005,,,,,
Exn,041,001,Powertrain Control Module (PCM),4.0L EI,024,003,,,,,
Exn,041,001,Powertrain Control Module (PCM),5.0L,025,007,,,,,
Exn,054,003,Powertrain Control Module (PCM),4.0L SOHC,023,005,,,,,
Exn,054,003,Powertrain Control Module (PCM),4.0L EI,024,008,,,,,
Exn,054,003,Powertrain Control Module (PCM),5.0L,025,002,,,,,
Exn,055,001,Powertrain Control Module (PCM),4.0L SOHC,023,005,,,,,
Exn,010,004,Radio,,130,001,,,,,
Exn,010,004,Radio,,130,002,,,,,
Exn,010,013,Radio,,130,001,,,,,
Exn,010,013,Radio,,130,002,,,,,
Exn,013,014,Radio,,130,001,,,,,
Exn,013,014,Radio,,130,002,,,,,
Exn,013,014,Radio,,130,005,,,,,
Exn,013,017,Radio,,130,001,,,,,
Exn,013,017,Radio,,130,002,,,,,
Exn,013,017,Radio,,130,005,,,,,
Exn,013,020,Radio,,130,001,,,,,
Exn,013,020,Radio,,130,002,,,,,
Exn,013,020,Radio,,130,006,,,,,
Exn,055,004,Radio,,130,006,,,,,
Exn,064,001,Radio,,130,001,,,,,
Exn,064,001,Radio,,130,002,,,,,
Exn,064,001,Radio,,130,005,,,,,
Exn,071,005,Radio,,130,001,,,,,
Exn,071,005,Radio,,130,002,,,,,
Exn,071,005,Radio,,130,005,,,,,
Exn,013,016,Radio Noise Capacitor,5.0L,021,001,,,,,
Exn,013,016,Radio Noise Capacitor,4.0L SOHC,021,002,,,,,
Exn,013,016,Radio Noise Capacitor,4.0L EI,021,002,,,,,
Exn,013,021,Rear Blower Motor,,054,001,,,,,
Exn,013,015,Rear Blower Motor Relay,,055,002,,,,,
Exn,013,018,Rear Blower Motor Relay,,055,002,,,,,
Exn,010,008,Rear Fill Solenoid,,041,002,,,,,
Exn,010,008,Rear Gate Solenoid,,041,002,,,,,
Exn,010,007,Rear Height Sensor,,041,003,,,,,
Exn,010,005,Rear Integrated Control Panel (RICP),Rear Blower Switch W/O EATC,130,004,,,,,
Exn,010,005,Rear Integrated Control Panel (RICP),Rear Blower Switch W/O EATC,130,004,,,,,
Exn,010,005,Rear Integrated Control Panel (RICP),Rear Blower Switch W/O EATC,130,008,,,,,
Exn,010,005,Rear Integrated Control Panel (RICP),Rear Blower Switch W/O EATC,130,008,,,,,
Exn,010,013,Rear Integrated Control Panel (RICP),Audio,130,003,,,,,
Exn,010,013,Rear Integrated Control Panel (RICP),Audio,130,002,,,,,
Exn,013,019,Rear Integrated Control Panel (RICP),Audio,130,004,,,,,
Exn,013,019,Rear Integrated Control Panel (RICP),Audio,130,007,,,,,
Exn,092,001,Remote Anti-Theft Personality (RAP) Module,,117,001,,,,,
Exn,093,001,Remote Anti-Theft Personality (RAP) Module,,117,002,,,,,
Exn,093,002,Remote Anti-Theft Personality (RAP) Module,,117,002,,,,,
Exn,110,001,Remote Anti-Theft Personality (RAP) Module,,117,002,,,,,
Exn,110,002,Remote Anti-Theft Personality (RAP) Module,,117,003,,,,,
Exn,112,001,Remote Anti-Theft Personality (RAP) Module,,117,001,,,,,
Exn,123,002,Remote Anti-Theft Personality (RAP) Module,,117,003,,,,,
Exn,125,001,Remote Anti-Theft Personality (RAP) Module,,117,002,,,,,
Exn,010,007,Restraints Control Module (Rcm),,046,001,,,,,
Exn,013,013,Restraints Control Module (Rcm),,046,001,,,,,
Exn,014,001,Restraints Control Module (RCM),,046,002,,,,,
Exn,059,002,Restraints Control Module (Rcm),,046,002,,,,,
Exn,059,003,Restraints Control Module (Rcm),,046,001,,,,,
Exn,062,003,Restraints Control Module (Rcm),,046,001,,,,,
Exn,069,001,Restraints Control Module (Rcm),,046,001,,,,,
Exn,013,018,Reversing Lamp Switch,Manual,093,002,,,,,
Exn,029,003,Reversing Lamps,,093,001,,,,,
Exn,030,003,Reversing Lamps,,093,001,,,,,
Exn,117,002,Reversing Lamps,,093,001,,,,,
Exn,125,001,Reversing Lamps,,093,001,,,,,
Exn,131,001,Reversing Lamps,,093,001,,,,,
Exn,131,001,Reversing Lamps,,093,002,,,,,
Exn,010,011,Right Exterior Rear View Mirror,,056,001,,,,,
Exn,010,011,Right Exterior Rear View Mirror,,124,002,,,,,
Exn,013,019,Right Exterior Rear View Mirror,,056,001,,,,,
Exn,056,001,Right Exterior Rear View Mirror,,124,002,,,,,
Exn,071,002,Right Exterior Rear View Mirror,,124,002,,,,,
Exn,010,002,Right Fog Lamp,4.0L EI,086,001,,,,,
Exn,010,002,Right Fog Lamp,4.0L SOHC,086,001,,,,,
Exn,010,002,Right Fog Lamp,5.0L,086,001,,,,,
Exn,010,011,Right Front Door Ajar Switch,,089,001,,,,,
Exn,010,011,Right Front Door Disarm Switch,,117,002,,,,,
Exn,010,011,Right Front Heated Seat Module,,119,001,,,,,
Exn,013,002,Right Front Heated Seat Module,,119,001,,,,,
Exn,013,015,Right Front Heated Seat Module,,119,001,,,,,
Exn,013,015,Right Front Heated Seat Switch,,119,001,,,,,
Exn,010,002,Right Front Park/Turn Lamp,4.0L EI,092,001,,,,,
Exn,010,002,Right Front Park/Turn Lamp,4.0L SOHC,092,001,,,,,
Exn,010,002,Right Front Park/Turn Lamp,5.0L,092,001,,,,,
Exn,071,004,Right Front Power Door Lock Switch,,110,002,,,,,
Exn,117,003,Right Front Power Door Lock Switch,,110,002,,,,,
Exn,010,011,Right Front Power Seat Control Switch,,120,002,,,,,
Exn,013,022,Right Front Power Seat Control Switch,,120,002,,,,,
Exn,010,011,Right Front Power Window Switch,,071,004,,,,,
Exn,010,011,Right Front Power Window Switch,,100,002,,,,,
Exn,071,004,Right Front Power Window Switch,,100,002,,,,,
Exn,100,003,Right Front Power Window Switch,,100,002,,,,,
Exn,010,014,Right Front Running Board Lamp,,089,003,,,,,
Exn,010,002,Right Front Side Lamp,4.0L EI,092,001,,,,,
Exn,010,002,Right Front Side Lamp,4.0L SOHC,092,001,,,,,
Exn,010,002,Right Front Side Lamp,5.0L,092,001,,,,,
Exn,010,002,Right Headlamp,4.0L EI,087,003,,,,,
Exn,010,002,Right Headlamp,4.0L SOHC,087,003,,,,,
Exn,010,002,Right Headlamp,5.0L,087,003,,,,,
Exn,013,015,Right Headlamp,4.0L EI,102,001,,,,,
Exn,013,015,Right Headlamp,4.0L SOHC,102,001,,,,,
Exn,013,015,Right Headlamp,5.0L,102,001,,,,,
Exn,013,019,Right Headlamp,4.0L EI,085,001,,,,,
Exn,013,019,Right Headlamp,4.0L SOHC,085,001,,,,,
Exn,013,019,Right Headlamp,5.0L,085,001,,,,,
Exn,010,012,Right License Lamp,,092,002,,,,,
Exn,010,012,Right Liftgate Ajar Switch,,059,001,,,,,
Exn,010,011,Right Power Lumbar Motor,,122,001,,,,,
Exn,013,022,Right Power Lumbar Seat Switch,,122,001,,,,,
Exn,010,011,Right Rear Door Ajar Switch,,089,001,,,,,
Exn,023,004,S166,,023,002,A,,,,
Exn,023,006,S166,,023,002,P,,,,
Exn,025,003,S166,,025,005,Q,,,,
Exn,025,003,S166,,025,005,L,,,,
Exn,025,003,S166,,025,005,M,,,,
Exn,025,004,S166,,025,005,F,,,,
Exn,025,007,S166,,025,005,N,,,,
Exn,013,005,S167,,013,010,L,,,,
Exn,023,002,S167,,023,001,F,,,,
Exn,024,003,S167,,024,005,F,,,,
Exn,025,003,S167,,025,004,D,,,,
Exn,023,002,S180,,023,003,N,,,,
Exn,024,004,S180,,024,002,O,,,,
Exn,010,001,S200,,010,004,D,,,,
Exn,010,005,S200,,010,004,F,,,,
Exn,013,003,S209,,013,023,E,,,,
Exn,090,001,S212,,090,003,D,,,,
Exn,071,002,S228,,071,005,G,,,,
Exn,010,001,S229,,010,003,B,,,,
Exn,010,001,S230,,010,004,C,,,,
Exn,010,003,S230,,010,004,M,,,,
Exn,010,009,S235,,010,008,H,,,,
Exn,010,010,S235,,010,008,J,,,,
Exn,010,011,S235,,010,008,K,,,,
Exn,010,014,S235,,010,008,N,,,,
Exn,087,001,S237,,087,002,D,,,,
Exn,087,003,S237,,087,002,C,,,,
Exn,013,015,S244,,013,013,BB,,,,
Exn,013,015,S244,,013,013,CC,,,,
Exn,071,002,S244,,071,001,B,,,,
Exn,092,002,S244,,092,001,A,,,,
Exn,092,002,S244,,092,001,B,,,,
Exn,071,002,S246,,071,001,A,,,,
Exn,034,001,S251,,034,003,B,,,,
Exn,054,002,S257,,054,001,B,,,,
Exn,054,003,S257,,054,001,D,,,,
Exn,100,002,S260,,100,001,A,,,,
Exn,100,004,S260,,100,001,A,,,,
Exn,100,004,S260,,100,001,E,,,,
Exn,071,002,S264,,071,003,C,,,,
Exn,071,004,S264,,071,003,D,,,,
Exn,071,005,S264,,071,003,M,,,,
Exn,071,005,S264,,071,003,K,,,,
Exn,071,005,S264,,071,003,L,,,,
Exn,071,006,S264,,071,003,E,,,,
Exn,071,006,S264,,071,003,F,,,,
Exn,087,001,S266,,087,002,E,,,,
Exn,087,003,S266,,087,002,A,,,,
Exn,100,002,S272,,100,001,B,,,,
Exn,100,004,S272,,100,001,B,,,,
Exn,130,004,S277,,130,002,B,,,,
Exn,130,008,S277,,130,007,S,,,,
Exn,064,001,Speed Control Servo,5.0L,031,002,,,,,
Exn,013,001,Starter Motor,4.0L EI,020,001,,,,,
Exn,013,001,Starter Motor,4.0L EI,020,002,,,,,
Exn,013,001,Starter Motor,4.0L SOHC,020,002,,,,,
Exn,013,001,Starter Motor,5.0L,020,002,,,,,
Exn,013,001,Starter Motor,4.0L EI,020,003,,,,,
Exn,013,001,Starter Motor,4.0L SOHC,020,003,,,,,
Exn,013,001,Starter Motor,5.0L,020,003,,,,,
Exn,010,001,Starter Motor Relay,4.0L EI,020,001,,,,,
Exn,010,001,Starter Motor Relay,4.0L SOHC,020,002,,,,,
Exn,010,001,Starter Motor Relay,5.0L,020,002,,,,,
Exn,010,001,Starter Motor Relay,4.0L SOHC,020,003,,,,,
Exn,010,001,Starter Motor Relay,5.0L,020,003,,,,,
Exn,013,003,Starter Motor Relay,4.0L EI,020,001,,,,,
Exn,013,003,Starter Motor Relay,4.0L SOHC,020,002,,,,,
Exn,013,003,Starter Motor Relay,5.0L,020,002,,,,,
Exn,013,003,Starter Motor Relay,4.0L SOHC,020,003,,,,,
Exn,013,003,Starter Motor Relay,5.0L,020,003,,,,,
Exn,012,001,Starting System,,020,001,,,,,
Exn,012,001,Starting System,,020,002,,,,,
Exn,012,001,Starting System,,020,003,,,,,
Exn,013,020,Starting System,,020,001,,,,,
Exn,013,020,Starting System,,020,003,,,,,
Exn,029,003,Starting System,,020,002,,,,,
Exn,029,003,Starting System,,020,003,,,,,
Exn,030,003,Starting System,,020,002,,,,,
Exn,030,003,Starting System,,020,003,,,,,
Exn,093,001,Starting System,,020,002,,,,,
Exn,093,001,Starting System,,020,003,,,,,
Exn,010,007,Steering Rate Sensor,,041,003,,,,,
Exn,013,013,Steering Rate Sensor,,041,003,,,,,
Exn,010,013,Subwoofer Amplifier,,130,006,,,,,
Exn,013,014,Subwoofer Amplifier,,130,006,,,,,
Exn,029,002,Throttle Position (TP) Sensor,4.0L SOHC,023,002,,,,,
Exn,029,002,Throttle Position (TP) Sensor,4.0L EI,024,002,,,,,
Exn,030,002,Throttle Position (TP) Sensor,5.0L,025,003,,,,,
Exn,029,002,Vehicle Speed Sensor (VSS),,064,001,,,,,
Exn,030,002,Vehicle Speed Sensor (VSS),,064,001,,,,,
Exn,031,002,Vehicle Speed Sensor (VSS),,064,001,,,,,
Exn,034,003,Vehicle Speed Sensor (VSS),,064,001,,,,,
Exn,041,002,Vehicle Speed Sensor (VSS),,064,001,,,,,
Exn,042,001,Vehicle Speed Sensor (VSS),,064,001,,,,,
Exn,059,003,Vehicle Speed Sensor (VSS),,064,001,,,,,
Exn,062,001,Vehicle Speed Sensor (VSS),,064,001,,,,,
Exn,069,002,Vehicle Speed Sensor (VSS),,064,001,,,,,
Exn,102,001,Vehicle Speed Sensor (VSS),,064,001,,,,,
Exn,130,001,Vehicle Speed Sensor (VSS),,064,001,,,,,
Exn,130,002,Vehicle Speed Sensor (VSS),,064,001,,,,,
Exn,130,005,Vehicle Speed Sensor (VSS),,064,001,,,,,
Exn,082,001,Warning Chime,,066,003,,,,,
Exn,082,003,Washer Pump Motor,4.0L EI,081,002,,,,,
Exn,082,003,Washer Pump Motor,4.0L SOHC,081,002,,,,,
Exn,082,003,Washer Pump Motor,5.0L,081,002,,,,,
Exn,013,017,Wiper High/Low Relay,,081,002,,,,,
Exn,010,001,Wiper Motor,4.0L EI,081,002,,,,,
Exn,010,001,Wiper Motor,4.0L SOHC,081,002,,,,,
Exn,010,001,Wiper Motor,5.0L,081,002,,,,,
Exn,013,017,Wiper Motor,4.0L EI,081,002,,,,,
Exn,013,017,Wiper Motor,4.0L SOHC,081,002,,,,,
Exn,013,017,Wiper Motor,5.0L,081,002,,,,,
Exn,013,017,Wiper Run Relay,,081,002,,,,,
Exn,010,011,Right Rear Power Window Switch,,100,003,,,,,
Exn,071,004,Right Rear Power Window Switch,,100,003,,,,,
Exn,010,014,Right Rear Running Board Lamp,,089,003,,,,,
Exn,010,011,Right Rear Stop/Park Lamp,,090,003,,,,,
Exn,010,011,Right Rear Turn Signal Lamp,,090,002,,,,,
Exn,010,011,Right Reversing Lamp,,093,001,,,,,
Exn,010,008,Right Vanity Mirror/Lamp Switch,,089,001,,,,,
Exn,010,008,Roof Opening Panel Control Switch,,101,001,,,,,
Exn,100,001,Roof Opening Panel Control Switch,,101,001,,,,,
Exn,013,002,Roof Opening Panel Motor,,101,001,,,,,
Exn,013,005,S101,,013,011,M,,,,
Exn,025,002,S101,,025,004,C,,,,
Exn,097,001,S111,,097,002,B,,,,
Exn,025,004,S117,,025,003,D,,,,
Exn,025,006,S119,,025,005,O,,,,
Exn,025,006,S119,,025,005,P,,,,
Exn,090,001,S122,,090,002,C,,,,
Exn,023,003,S123,,023,001,G,,,,
Exn,023,005,S123,,023,001,C,,,,
Exn,024,004,S123,,024,001,G,,,,
Exn,024,006,S123,,024,001,C,,,,
Exn,025,001,S123,,025,002,B,,,,
Exn,025,001,S123,,025,002,A,,,,
Exn,025,006,S123,,025,002,E,,,,
Exn,013,005,S124,,013,009,K,,,,
Exn,023,001,S124,,023,002,F,,,,
Exn,023,006,S124,,023,002,B,,,,
Exn,024,001,S124,,024,003,H,,,,
Exn,024,005,S124,,024,003,F,,,,
Exn,024,008,S124,,024,003,B,,,,
Exn,090,001,S126,,090,002,E,,,,
Exn,025,005,S130,,025,007,N,,,,
Exn,023,002,S136,,023,004,A,,,,
Exn,023,006,S136,,023,004,D,,,,
Exn,024,004,S136,,024,002,N,,,,
Exn,024,004,S136,,024,002,P,,,,
Exn,024,005,S136,,024,002,I,,,,
Exn,024,008,S136,,024,002,M,,,,
Exn,025,004,S142,,025,006,J,,,,
Exn,025,005,S142,,025,006,H,,,,
Exn,025,005,S142,,025,006,I,,,,
Exn,030,001,S142,,030,004,A,,,,
Exn,023,005,S146,,023,004,J,,,,
Exn,024,006,S146,,024,002,J,,,,
Exn,010,013,S161,,010,002,E,,,,
Exn,023,003,S166,,023,002,L,,,,
Exn,130,004,S278,,130,002,A,,,,
Exn,130,008,S278,,130,007,R,,,,
Exn,130,008,S279,,130,007,T,,,,
Exn,130,007,S280,,130,005,M,,,,
Exn,130,008,S280,,130,005,U,,,,
Exn,130,007,S281,,130,005,N,,,,
Exn,130,008,S281,,130,005,V,,,,
Exn,010,008,S301,,010,011,K,,,,
Exn,010,008,S302,,010,010,J,,,,
Exn,013,018,S303,,013,022,Z,,,,
Exn,100,002,S314,,100,003,D,,,,
Exn,110,001,S337,,110,002,A,,,,
Exn,110,001,S338,,110,002,B,,,,
Exn,110,001,S339,,110,003,C,,,,
Exn,110,001,S340,,110,003,D,,,,
Exn,110,001,S340,,110,003,E,,,,
Exn,123,001,S350,,123,002,A,,,,
Exn,010,008,S500,,010,009,H,,,,
Exn,010,008,Safety Belt Warning Switch,,066,001,,,,,
Exn,010,004,Shift Lock Actuator,,037,001,,,,,
Exn,013,013,Shift Lock Actuator,,037,001,,,,,
Exn,059,006,Shift Lock Actuator,,037,001,,,,,
Exn,090,003,Speed Control,,031,001,,,,,
Exn,010,002,Speed Control Servo,4.0L EI,031,002,,,,,
Exn,010,002,Speed Control Servo,4.0L SOHC,031,002,,,,,
Exn,010,002,Speed Control Servo,5.0L,031,002,,,,,
Exn,013,013,Speed Control Servo,4.0L EI,031,001,,,,,
Exn,013,013,Speed Control Servo,4.0L SOHC,031,001,,,,,
Exn,013,013,Speed Control Servo,5.0L,031,001,,,,,
Exn,055,004,Speed Control Servo,4.0L EI,031,002,,,,,
Exn,055,004,Speed Control Servo,4.0L SOHC,031,002,,,,,
Exn,055,004,Speed Control Servo,5.0L,031,002,,,,,
Exn,059,006,Speed Control Servo,4.0L EI,031,001,,,,,
Exn,059,006,Speed Control Servo,4.0L SOHC,031,001,,,,,
Exn,059,006,Speed Control Servo,5.0L,031,001,,,,,
Exn,062,006,Speed Control Servo,4.0L EI,031,002,,,,,
Exn,062,006,Speed Control Servo,4.0L SOHC,031,002,,,,,
Exn,062,006,Speed Control Servo,5.0L,031,002,,,,,
Exn,064,001,Speed Control Servo,4.0L EI,031,002,,,,,
Exn,064,001,Speed Control Servo,4.0L SOHC,031,002,,,,,
Exn,010,004,Torque On Demand (Tod) Relay,,034,002,,,,,
Exn,100,001,Torque On Demand (Tod) Relay,,034,002,,,,,
Exn,010,010,Trailer Tow Park Lamp Relay,,095,002,,,,,
Exn,013,021,Trailer Tow Park Lamp Relay,,095,002,,,,,
Exn,092,002,Trailer Tow Park Lamp Relay,,095,002,,,,,
Exn,013,014,Trailer/Camper Adapter,,095,002,,,,,
Exn,013,018,Trailer/Camper Adapter,,095,002,,,,,
Exn,090,001,Trailer/Camper Adapter,,095,001,,,,,
Exn,010,004,Transfer Case Shift Relay,,034,002,,,,,
Exn,013,018,Transmission Control Switch (TCS),,029,002,,,,,
Exn,013,018,Transmission Control Switch (TCS),,030,002,,,,,
Exn,023,002,Transmission Controls,,029,003,,,,,
Exn,023,002,Transmission Controls,,029,004,,,,,
Exn,023,006,Transmission Controls,,029,002,,,,,
Exn,023,006,Transmission Controls,,029,003,,,,,
Exn,023,006,Transmission Controls,,029,004,,,,,
Exn,024,005,Transmission Controls,,029,002,,,,,
Exn,024,005,Transmission Controls,,029,003,,,,,
Exn,024,005,Transmission Controls,,029,004,,,,,
Exn,025,005,Transmission Controls,,030,003,,,,,
Exn,025,005,Transmission Controls,,030,004,,,,,
Exn,025,006,Transmission Controls,,030,004,,,,,
Exn,025,007,Transmission Controls,,030,002,,,,,
Exn,025,007,Transmission Controls,,030,003,,,,,
Exn,025,007,Transmission Controls,,030,004,,,,,
Exn,010,003,Turn/Hazard Flasher,,090,001,,,,,
Exn,013,013,Turn/Hazard Flasher,,090,001,,,,,
Exn,013,014,Turn/Hazard Flasher,,090,001,,,,,
Exn,062,005,Turn/Stop/Hazard Lamps,,090,001,,,,,
Exn,095,001,Turn/Stop/Hazard Lamps,,090,003,,,,,
Exn,095,001,Turn/Stop/Hazard Lamps,,090,001,,,,,
Exn,095,001,Turn/Stop/Hazard Lamps,,090,001,,,,,
Exn,023,001,Vehicle Speed Sensor (VSS),,064,001,,,,,
Exn,024,005,Vehicle Speed Sensor (VSS),,064,001,,,,,
Exn,025,004,Vehicle Speed Sensor (VSS),,064,001,,,,,
