EVTM,NAME,QUALIFIER,PARTNO,LOCATION,CONN_NAME,LOCPAGE,ZONE,CONN_CELL,CONN_PAGE,HCCF_CELL,HCCF_PAGE,ITEMID_,FREQUENCY
EXP,ABS control module,manual transmission,,"engine compartment, bottom, LH-side, rear",,19,C2,,,,,,
EXP,ABS control module,manual transmission,,"engine compartment, bottom, LH-side, rear",,19,C2,,,,,,
EXP,ABS control module,manual transmission,,"engine compartment, bottom, LH-side, rear",,19,C2,,,,,,
EXP,ABS control module,manual transmission,,"engine compartment, bottom, LH-side, rear",,5,C1,,,,,,
EXP,ABS control module,manual transmission,,"engine compartment, bottom, LH-side, rear",,5,C1,,,,,,
EXP,ABS control module,manual transmission,,"engine compartment, bottom, LH-side, rear",,5,C1,,,,,,
EXP,ABS control module,manual transmission,,"engine compartment, bottom, LH-side, rear",,2,B2,,,,,,
EXP,ABS control module,manual transmission,,"engine compartment, bottom, LH-side, rear",,2,B2,,,,,,
EXP,ABS control module,manual transmission,,"engine compartment, bottom, LH-side, rear",,2,B2,,,,,,
EXP,ABS control module,automatic transmission,,"engine compartment, bottom, LH-side, rear",,19,C2,,,,,,
EXP,ABS control module,automatic transmission,,"engine compartment, bottom, LH-side, rear",,19,C2,,,,,,
EXP,ABS control module,automatic transmission,,"engine compartment, bottom, LH-side, rear",,19,C2,,,,,,
EXP,ABS control module,automatic transmission,,"engine compartment, bottom, LH-side, rear",,5,C1,,,,,,
EXP,ABS control module,automatic transmission,,"engine compartment, bottom, LH-side, rear",,5,C1,,,,,,
EXP,ABS control module,automatic transmission,,"engine compartment, bottom, LH-side, rear",,5,C1,,,,,,
EXP,ABS control module,automatic transmission,,"engine compartment, bottom, LH-side, rear",,2,B2,,,,,,
EXP,ABS control module,automatic transmission,,"engine compartment, bottom, LH-side, rear",,2,B2,,,,,,
EXP,ABS control module,automatic transmission,,"engine compartment, bottom, LH-side, rear",,2,B2,,,,,,
EXP,ABS control module,"with Bosch 5.3 ABS, Data Link Connector, pins 2, 7, 10 and 13",,"engine compartment, bottom, LH-side, rear",,19,C2,,,,,,
EXP,ABS control module,"with Bosch 5.3 ABS, Data Link Connector, pins 2, 7, 10 and 13",,"engine compartment, bottom, LH-side, rear",,19,C2,,,,,,
EXP,ABS control module,"with Bosch 5.3 ABS, Data Link Connector, pins 2, 7, 10 and 13",,"engine compartment, bottom, LH-side, rear",,19,C2,,,,,,
EXP,ABS control module,"with Bosch 5.3 ABS, Data Link Connector, pins 2, 7, 10 and 13",,"engine compartment, bottom, LH-side, rear",,5,C1,,,,,,
EXP,ABS control module,"with Bosch 5.3 ABS, Data Link Connector, pins 2, 7, 10 and 13",,"engine compartment, bottom, LH-side, rear",,5,C1,,,,,,
EXP,ABS control module,"with Bosch 5.3 ABS, Data Link Connector, pins 2, 7, 10 and 13",,"engine compartment, bottom, LH-side, rear",,5,C1,,,,,,
EXP,ABS control module,"with Bosch 5.3 ABS, Data Link Connector, pins 2, 7, 10 and 13",,"engine compartment, bottom, LH-side, rear",,2,B2,,,,,,
EXP,ABS control module,"with Bosch 5.3 ABS, Data Link Connector, pins 2, 7, 10 and 13",,"engine compartment, bottom, LH-side, rear",,2,B2,,,,,,
EXP,ABS control module,"with Bosch 5.3 ABS, Data Link Connector, pins 2, 7, 10 and 13",,"engine compartment, bottom, LH-side, rear",,2,B2,,,,,,
EXP,ABS control module,with Bosch 5.3 ABS,,"engine compartment, bottom, LH-side, rear",,19,C2,,,,,,
EXP,ABS control module,with Bosch 5.3 ABS,,"engine compartment, bottom, LH-side, rear",,19,C2,,,,,,
EXP,ABS control module,with Bosch 5.3 ABS,,"engine compartment, bottom, LH-side, rear",,19,C2,,,,,,
EXP,ABS control module,with Bosch 5.3 ABS,,"engine compartment, bottom, LH-side, rear",,5,C1,,,,,,
EXP,ABS control module,with Bosch 5.3 ABS,,"engine compartment, bottom, LH-side, rear",,5,C1,,,,,,
EXP,ABS control module,with Bosch 5.3 ABS,,"engine compartment, bottom, LH-side, rear",,5,C1,,,,,,
EXP,ABS control module,with Bosch 5.3 ABS,,"engine compartment, bottom, LH-side, rear",,2,B2,,,,,,
EXP,ABS control module,with Bosch 5.3 ABS,,"engine compartment, bottom, LH-side, rear",,2,B2,,,,,,
EXP,ABS control module,with Bosch 5.3 ABS,,"engine compartment, bottom, LH-side, rear",,2,B2,,,,,,
EXP,ABS control module,Stop Lamps,,"engine compartment, bottom, LH-side, rear",,19,C2,,,,,,
EXP,ABS control module,Stop Lamps,,"engine compartment, bottom, LH-side, rear",,19,C2,,,,,,
EXP,ABS control module,Stop Lamps,,"engine compartment, bottom, LH-side, rear",,19,C2,,,,,,
EXP,ABS control module,Stop Lamps,,"engine compartment, bottom, LH-side, rear",,5,C1,,,,,,
EXP,ABS control module,Stop Lamps,,"engine compartment, bottom, LH-side, rear",,5,C1,,,,,,
EXP,ABS control module,Stop Lamps,,"engine compartment, bottom, LH-side, rear",,5,C1,,,,,,
EXP,ABS control module,Stop Lamps,,"engine compartment, bottom, LH-side, rear",,2,B2,,,,,,
EXP,ABS control module,Stop Lamps,,"engine compartment, bottom, LH-side, rear",,2,B2,,,,,,
EXP,ABS control module,Stop Lamps,,"engine compartment, bottom, LH-side, rear",,2,B2,,,,,,
EXP,ABS control module,Duratec-VE,,"engine compartment, bottom, LH-side, rear",,19,C2,,,,,,
EXP,ABS control module,Duratec-VE,,"engine compartment, bottom, LH-side, rear",,5,C1,,,,,,
EXP,ABS control module,Duratec-VE,,"engine compartment, bottom, LH-side, rear",,2,B2,,,,,,
EXP,ABS control module,Duratec-VE manual transmission,,"engine compartment, bottom, LH-side, rear",,19,C2,,,,,,
EXP,ABS control module,Duratec-VE manual transmission,,"engine compartment, bottom, LH-side, rear",,5,C1,,,,,,
EXP,ABS control module,Duratec-VE manual transmission,,"engine compartment, bottom, LH-side, rear",,2,B2,,,,,,
EXP,ABS control module,ZETEC-VCT manual transmission,,"engine compartment, bottom, LH-side, rear",,19,C2,,,,,,
EXP,ABS control module,ZETEC-VCT manual transmission,,"engine compartment, bottom, LH-side, rear",,5,C1,,,,,,
EXP,ABS control module,ZETEC-VCT manual transmission,,"engine compartment, bottom, LH-side, rear",,2,B2,,,,,,
EXP,ABS control module,Duratec-VE automatic transmission,,"engine compartment, bottom, LH-side, rear",,19,C2,,,,,,
EXP,ABS control module,Duratec-VE automatic transmission,,"engine compartment, bottom, LH-side, rear",,5,C1,,,,,,
EXP,ABS control module,Duratec-VE automatic transmission,,"engine compartment, bottom, LH-side, rear",,2,B2,,,,,,
EXP,ABS control module,ZETEC-VCT automatic transmission,,"engine compartment, bottom, LH-side, rear",,19,C2,,,,,,
EXP,ABS control module,ZETEC-VCT automatic transmission,,"engine compartment, bottom, LH-side, rear",,5,C1,,,,,,
EXP,ABS control module,ZETEC-VCT automatic transmission,,"engine compartment, bottom, LH-side, rear",,2,B2,,,,,,
EXP,ABS control module,ZETEC-VCT,,"engine compartment, bottom, LH-side, rear",,19,C2,,,,,,
EXP,ABS control module,ZETEC-VCT,,"engine compartment, bottom, LH-side, rear",,5,C1,,,,,,
EXP,ABS control module,ZETEC-VCT,,"engine compartment, bottom, LH-side, rear",,2,B2,,,,,,
EXP,ABS control module,,,"engine compartment, bottom, LH-side, rear",,19,C2,,,,,,
EXP,ABS control module,,,"engine compartment, bottom, LH-side, rear",,19,C2,,,,,,
EXP,ABS control module,,,"engine compartment, bottom, LH-side, rear",,19,C2,,,,,,
EXP,ABS control module,,,"engine compartment, bottom, LH-side, rear",,5,C1,,,,,,
EXP,ABS control module,,,"engine compartment, bottom, LH-side, rear",,5,C1,,,,,,
EXP,ABS control module,,,"engine compartment, bottom, LH-side, rear",,5,C1,,,,,,
EXP,ABS control module,,,"engine compartment, bottom, LH-side, rear",,2,B2,,,,,,
EXP,ABS control module,,,"engine compartment, bottom, LH-side, rear",,2,B2,,,,,,
EXP,ABS control module,,,"engine compartment, bottom, LH-side, rear",,2,B2,,,,,,
EXP,Radio,with amplifier,,"dash panel, center",,,,,,,,,
EXP,Radio,with anti-theft alarm,,"dash panel, center",,,,,,,,,
EXP,Radio,without anti-theft alarm,,"dash panel, center",,,,,,,,,
EXP,Radio,Power Operated Antenna,,"dash panel, center",,,,,,,,,
EXP,Radio,,,"dash panel, center",,,,,,,,,
EXP,Radio,,,"dash panel, center",,,,,,,,,
EXP,"Remote amplifier, front",with amplifier,,"behind dash panel, center",,,,,,,,,
EXP,"Remote amplifier, front",higher option content without anti-theft/central locking module,,"behind dash panel, center",,,,,,,,,
EXP,"Remote amplifier, front",lower option content without anti-theft/central locking module,,"behind dash panel, center",,,,,,,,,
EXP,"Remote amplifier, front",higher option content with anti-theft/central locking module,,"behind dash panel, center",,,,,,,,,
EXP,"Remote amplifier, front",lower option content with anti-theft/central locking module,,"behind dash panel, center",,,,,,,,,
EXP,"Remote amplifier, front",,,"behind dash panel, center",,,,,,,,,
EXP,Moonroof unit,,,"in roof panel, front",,14,C2,,,,,,
EXP,Moonroof unit,,,"in roof panel, front",,14,C2,,,,,,
EXP,Speed control module,without ABS,,"engine compartment, LH-side, rear",,5,C5,,,,,,
EXP,Speed control module,with speed control,,"engine compartment, LH-side, rear",,5,C5,,,,,,
EXP,Speed control module,Overspeed warning automatic transmission,,"engine compartment, LH-side, rear",,5,C5,,,,,,
EXP,Speed control module,speed control automatic transmission,,"engine compartment, LH-side, rear",,5,C5,,,,,,
EXP,Speed control module,speed control,,"engine compartment, LH-side, rear",,5,C5,,,,,,
EXP,Speed control module,with Bosch 5.3 ABS,,"engine compartment, LH-side, rear",,5,C5,,,,,,
EXP,Speed control module,higher option content,,"engine compartment, LH-side, rear",,5,C5,,,,,,
EXP,Speed control module,lower option content,,"engine compartment, LH-side, rear",,5,C5,,,,,,
EXP,Speed control module,Overspeed warning manual transmission,,"engine compartment, LH-side, rear",,5,C5,,,,,,
EXP,Air bag diagnostic monitor,manual transmission,,under center console,,9,D1,,,,,,
EXP,Air bag diagnostic monitor,automatic transmission,,under center console,,9,D1,,,,,,
EXP,Air bag diagnostic monitor,"without ABS, Data Link Connector, pins 2, 7, 10 and 13",,under center console,,9,D1,,,,,,
EXP,Air bag diagnostic monitor,"with Bosch 5.3 ABS, Data Link Connector, pins 2, 7, 10 and 13",,under center console,,9,D1,,,,,,
EXP,Air bag diagnostic monitor,,,under center console,,9,D1,,,,,,
EXP,Instrument cluster,with tachometer,,"dash panel, driver side",,19,D5,,,,,,
EXP,Instrument cluster,with tachometer,,"dash panel, driver side",,19,D5,,,,,,
EXP,Instrument cluster,manual transmission,,"dash panel, driver side",,19,D5,,,,,,
EXP,Instrument cluster,manual transmission,,"dash panel, driver side",,19,D5,,,,,,
EXP,Instrument cluster,automatic transmission,,"dash panel, driver side",,19,D5,,,,,,
EXP,Instrument cluster,automatic transmission,,"dash panel, driver side",,19,D5,,,,,,
EXP,Instrument cluster,without ABS,,"dash panel, driver side",,19,D5,,,,,,
EXP,Instrument cluster,without ABS,,"dash panel, driver side",,19,D5,,,,,,
EXP,Instrument cluster,without tachometer,,"dash panel, driver side",,19,D5,,,,,,
EXP,Instrument cluster,without tachometer,,"dash panel, driver side",,19,D5,,,,,,
EXP,Instrument cluster,Overspeed warning automatic transmission,,"dash panel, driver side",,19,D5,,,,,,
EXP,Instrument cluster,speed control automatic transmission,,"dash panel, driver side",,19,D5,,,,,,
EXP,Instrument cluster,Turn Signal and Hazard Lamps,,"dash panel, driver side",,19,D5,,,,,,
EXP,Instrument cluster,with Bosch 5.3 ABS,,"dash panel, driver side",,19,D5,,,,,,
EXP,Instrument cluster,with Bosch 5.3 ABS,,"dash panel, driver side",,19,D5,,,,,,
EXP,Instrument cluster,Fog lamps,,"dash panel, driver side",,19,D5,,,,,,
EXP,Instrument cluster,"Headlamps, higher option content",,"dash panel, driver side",,19,D5,,,,,,
EXP,Instrument cluster,"Headlamps, lower option content",,"dash panel, driver side",,19,D5,,,,,,
EXP,Instrument cluster,Duratec-VE,,"dash panel, driver side",,19,D5,,,,,,
EXP,Instrument cluster,Duratec-VE,,"dash panel, driver side",,19,D5,,,,,,
EXP,Instrument cluster,ZETEC-VCT manual transmission,,"dash panel, driver side",,19,D5,,,,,,
EXP,Instrument cluster,Overspeed warning manual transmission,,"dash panel, driver side",,19,D5,,,,,,
EXP,Instrument cluster,ZETEC-VCT automatic transmission,,"dash panel, driver side",,19,D5,,,,,,
EXP,Instrument cluster,ZETEC-VCT,,"dash panel, driver side",,19,D5,,,,,,
EXP,Instrument cluster,ZETEC-VCT,,"dash panel, driver side",,19,D5,,,,,,
EXP,Instrument cluster,,,"dash panel, driver side",,19,D5,,,,,,
EXP,Instrument cluster,,,"dash panel, driver side",,19,D5,,,,,,
EXP,Fuel tank unit,manual transmission,,on fuel tank,,12,D1,,,,,,
EXP,Fuel tank unit,manual transmission,,on fuel tank,,12,D1,,,,,,
EXP,Fuel tank unit,manual transmission,,on fuel tank,,10,A2,,,,,,
EXP,Fuel tank unit,manual transmission,,on fuel tank,,10,A2,,,,,,
EXP,Fuel tank unit,automatic transmission,,on fuel tank,,12,D1,,,,,,
EXP,Fuel tank unit,automatic transmission,,on fuel tank,,12,D1,,,,,,
EXP,Fuel tank unit,automatic transmission,,on fuel tank,,10,A2,,,,,,
EXP,Fuel tank unit,automatic transmission,,on fuel tank,,10,A2,,,,,,
EXP,Fuel tank unit,Stop Lamps,,on fuel tank,,12,D1,,,,,,
EXP,Fuel tank unit,Stop Lamps,,on fuel tank,,10,A2,,,,,,
EXP,Fuel tank unit,Duratec-VE,,on fuel tank,,12,D1,,,,,,
EXP,Fuel tank unit,Duratec-VE,,on fuel tank,,12,D1,,,,,,
EXP,Fuel tank unit,Duratec-VE,,on fuel tank,,10,A2,,,,,,
EXP,Fuel tank unit,Duratec-VE,,on fuel tank,,10,A2,,,,,,
EXP,Fuel tank unit,ZETEC-VCT,,on fuel tank,,12,D1,,,,,,
EXP,Fuel tank unit,ZETEC-VCT,,on fuel tank,,12,D1,,,,,,
EXP,Fuel tank unit,ZETEC-VCT,,on fuel tank,,10,A2,,,,,,
EXP,Fuel tank unit,ZETEC-VCT,,on fuel tank,,10,A2,,,,,,
EXP,Fuel tank unit,,,on fuel tank,,12,D1,,,,,,
EXP,Fuel tank unit,,,on fuel tank,,12,D1,,,,,,
EXP,Fuel tank unit,,,on fuel tank,,10,A2,,,,,,
EXP,Fuel tank unit,,,on fuel tank,,10,A2,,,,,,
EXP,Instrument interface module,manual transmission,,"behind dash panel, near instrument cluster",,19,F2,,,,,,
EXP,Instrument interface module,automatic transmission,,"behind dash panel, near instrument cluster",,19,F2,,,,,,
EXP,Instrument interface module,Stop Lamps,,"behind dash panel, near instrument cluster",,19,F2,,,,,,
EXP,Instrument interface module,Duratec-VE automatic transmission,,"behind dash panel, near instrument cluster",,19,F2,,,,,,
EXP,Instrument interface module,ZETEC-VCT automatic transmission,,"behind dash panel, near instrument cluster",,19,F2,,,,,,
EXP,Instrument interface module,,,"behind dash panel, near instrument cluster",,19,F2,,,,,,
EXP,Central timer module,with tachometer,,"under dash panel, on Central Junction Box (CJB)",,18,D1,,,,,,
EXP,Central timer module,with variable intermittent wipers,,"under dash panel, on Central Junction Box (CJB)",,18,D1,,,,,,
EXP,Central timer module,Lights-ON-warning,,"under dash panel, on Central Junction Box (CJB)",,18,D1,,,,,,
EXP,Central timer module,without tachometer,,"under dash panel, on Central Junction Box (CJB)",,18,D1,,,,,,
EXP,Central timer module,Parking Lamps,,"under dash panel, on Central Junction Box (CJB)",,18,D1,,,,,,
EXP,Central timer module,without fixed intermittent wipe,,"under dash panel, on Central Junction Box (CJB)",,18,D1,,,,,,
EXP,Central timer module,,,"under dash panel, on Central Junction Box (CJB)",,18,D1,,,,,,
EXP,Transmission hardware unit,with high mounted stop lamp on parcel shelf,,"automatic transmission, Duratec-VE",,32,A3,,,,,,
EXP,Transmission hardware unit,with high mounted stop lamp on parcel shelf,,automatic transmission,,29,E1,,,,,,
EXP,Transmission hardware unit,with high mounted stop lamp in rear spoiler,,"automatic transmission, Duratec-VE",,32,A3,,,,,,
EXP,Transmission hardware unit,with high mounted stop lamp in rear spoiler,,automatic transmission,,29,E1,,,,,,
EXP,Transmission hardware unit,Duratec-VE automatic transmission,,automatic transmission,,32,A3,,,,,,
EXP,Transmission hardware unit,ZETEC-VCT automatic transmission,,automatic transmission,,29,E1,,,,,,
EXP,Illumination dimmer,,,"dash panel, center",,20,D2,,,,,,
EXP,Driver air bag module,,,in steering wheel,,,,,,,,,
EXP,Passenger air bag module,,,above glove box,,19,B5,,,,,,
EXP,Power antenna timing unit,with anti-theft alarm,,"vehicle rear end, in luggage compartment, RH-side",,11,D5,,,,,,
EXP,Power antenna timing unit,without anti-theft alarm,,"vehicle rear end, in luggage compartment, RH-side",,11,D5,,,,,,
EXP,Power antenna timing unit,Power Operated Antenna,,"vehicle rear end, in luggage compartment, RH-side",,11,D5,,,,,,
EXP,Power antenna timing unit,,,"vehicle rear end, in luggage compartment, RH-side",,11,D5,,,,,,
EXP,Anti-theft/central locking module,With anti-theft/central locking module,,"RH A-pillar, center",,8,D5,,,,,,
EXP,Anti-theft/central locking module,with speed control,,"RH A-pillar, center",,8,D5,,,,,,
EXP,Anti-theft/central locking module,without speed control,,"RH A-pillar, center",,8,D5,,,,,,
EXP,Anti-theft/central locking module,with anti-theft alarm,,"RH A-pillar, center",,8,D5,,,,,,
EXP,Anti-theft/central locking module,without anti-theft alarm,,"RH A-pillar, center",,8,D5,,,,,,
EXP,Anti-theft/central locking module,higher option content with anti-theft/central locking module,,"RH A-pillar, center",,8,D5,,,,,,
EXP,Anti-theft/central locking module,lower option content with anti-theft/central locking module,,"RH A-pillar, center",,8,D5,,,,,,
EXP,Anti-theft/central locking module,,,"RH A-pillar, center",,8,D5,,,,,,
EXP,Anti-theft/central locking module,,,"RH A-pillar, center",,8,D5,,,,,,
EXP,Passive anti-theft transceiver module,,,on steering column,,,,,,,,,
EXP,Powertrain control module (PCM),with tachometer,,"on engine bulkhead, RH-side",,1,E5,,,,,,
EXP,Powertrain control module (PCM),manual transmission,,"on engine bulkhead, RH-side",,1,E5,,,,,,
EXP,Powertrain control module (PCM),automatic transmission,,"on engine bulkhead, RH-side",,1,E5,,,,,,
EXP,Powertrain control module (PCM),ZETEC-VCT without air conditioning,,"on engine bulkhead, RH-side",,1,E5,,,,,,
EXP,Powertrain control module (PCM),"without ABS, Data Link Connector, pins 2, 7, 10 and 13",,"on engine bulkhead, RH-side",,1,E5,,,,,,
EXP,Powertrain control module (PCM),Duratec-VE without air conditioning,,"on engine bulkhead, RH-side",,1,E5,,,,,,
EXP,Powertrain control module (PCM),without tachometer,,"on engine bulkhead, RH-side",,1,E5,,,,,,
EXP,Powertrain control module (PCM),with PATS,,"on engine bulkhead, RH-side",,1,E5,,,,,,
EXP,Powertrain control module (PCM),Duratec-VE with air conditioning,,"on engine bulkhead, RH-side",,1,E5,,,,,,
EXP,Powertrain control module (PCM),ZETEC-VCT with air conditioning,,"on engine bulkhead, RH-side",,1,E5,,,,,,
EXP,Powertrain control module (PCM),"with Bosch 5.3 ABS, Data Link Connector, pins 2, 7, 10 and 13",,"on engine bulkhead, RH-side",,1,E5,,,,,,
EXP,Powertrain control module (PCM),Stop Lamps,,"on engine bulkhead, RH-side",,1,E5,,,,,,
EXP,Powertrain control module (PCM),Duratec-VE,,"on engine bulkhead, RH-side",,1,E5,,,,,,
EXP,Powertrain control module (PCM),Duratec-VE manual transmission,,"on engine bulkhead, RH-side",,1,E5,,,,,,
EXP,Powertrain control module (PCM),ZETEC-VCT manual transmission,,"on engine bulkhead, RH-side",,1,E5,,,,,,
EXP,Powertrain control module (PCM),Duratec-VE automatic transmission,,"on engine bulkhead, RH-side",,1,E5,,,,,,
EXP,Powertrain control module (PCM),ZETEC-VCT automatic transmission,,"on engine bulkhead, RH-side",,1,E5,,,,,,
EXP,Powertrain control module (PCM),ZETEC-VCT,,"on engine bulkhead, RH-side",,1,E5,,,,,,
EXP,Powertrain control module (PCM),,,"on engine bulkhead, RH-side",,1,E5,,,,,,
EXP,Inlet manifold runner control (IMRC) module,Turn Signal and Hazard Lamps,,"engine, Duratec-VE automatic transmission",,32,B5,,,,,,
EXP,Inlet manifold runner control (IMRC) module,Turn Signal and Hazard Lamps,,engine,,31,B5,,,,,,
EXP,Inlet manifold runner control (IMRC) module,Parking Lamps,,"engine, Duratec-VE automatic transmission",,32,B5,,,,,,
EXP,Inlet manifold runner control (IMRC) module,Parking Lamps,,engine,,31,B5,,,,,,
EXP,Inlet manifold runner control (IMRC) module,Duratec-VE,,engine,,32,B5,,,,,,
EXP,Inlet manifold runner control (IMRC) module,Duratec-VE,,engine,,32,B5,,,,,,
EXP,Inlet manifold runner control (IMRC) module,Duratec-VE,,engine,,31,B5,,,,,,
EXP,Inlet manifold runner control (IMRC) module,Duratec-VE,,engine,,31,B5,,,,,,
EXP,Overspeed warning module,Overspeed warning automatic transmission,,"under dash panel, LH-side",,,,,,,,,
EXP,Overspeed warning module,higher option content,,"under dash panel, LH-side",,,,,,,,,
EXP,Overspeed warning module,Overspeed warning manual transmission,,"under dash panel, LH-side",,,,,,,,,
EXP,Overspeed warning module,,,"under dash panel, LH-side",,,,,,,,,
EXP,Antenna,,,"rear, RH-side",,,,,,,,,
EXP,Air Charge Temperature (ACT) sensor,with Bosch 5.3 ABS,,"in intake system, ZETEC-VCT manual transmission",,28,F3,,,,,,
EXP,Air Charge Temperature (ACT) sensor,with Bosch 5.3 ABS,,in intake system,,31,A4,,,,,,
EXP,Air Charge Temperature (ACT) sensor,with Bosch 5.3 ABS,,in intake system,,29,F4,,,,,,
EXP,Air Charge Temperature (ACT) sensor,Duratec-VE,,in intake system,,31,A4,,,,,,
EXP,Air Charge Temperature (ACT) sensor,Duratec-VE manual transmission,,in intake system,,31,A4,,,,,,
EXP,Air Charge Temperature (ACT) sensor,ZETEC-VCT manual transmission,,in intake system,,28,F3,,,,,,
EXP,Air Charge Temperature (ACT) sensor,Duratec-VE automatic transmission,,in intake system,,,,,,,,,
EXP,Air Charge Temperature (ACT) sensor,ZETEC-VCT automatic transmission,,in intake system,,29,F4,,,,,,
EXP,Air Charge Temperature (ACT) sensor,ZETEC-VCT,,in intake system,,29,F4,,,,,,
EXP,Air Charge Temperature (ACT) sensor,ZETEC-VCT,,in intake system,,28,F3,,,,,,
EXP,Air Charge Temperature (ACT) sensor,,,"in intake system, ZETEC-VCT manual transmission",,28,F3,,,,,,
EXP,Air Charge Temperature (ACT) sensor,,,in intake system,,31,A4,,,,,,
EXP,Air Charge Temperature (ACT) sensor,,,in intake system,,29,F4,,,,,,
EXP,Engine Coolant Temperature (ECT) sensor,,,"engine, ZETEC-VCT manual transmission",,28,A4,,,,,,
EXP,Engine Coolant Temperature (ECT) sensor,,,"engine, ZETEC-VCT",,28,A4,,,,,,
EXP,Engine Coolant Temperature (ECT) sensor,,,"engine, Duratec-VE automatic transmission",,32,C5,,,,,,
EXP,Engine Coolant Temperature (ECT) sensor,,,engine,,31,A4,,,,,,
EXP,Vehicle Speed Sensor (VSS),Duratec-VE,,transmission,,,,,,,,,
EXP,Vehicle Speed Sensor (VSS),Duratec-VE manual transmission,,transmission,,,,,,,,,
EXP,Vehicle Speed Sensor (VSS),ZETEC-VCT manual transmission,,transmission,,28,E4,,,,,,
EXP,Vehicle Speed Sensor (VSS),Duratec-VE automatic transmission,,transmission,,,,,,,,,
EXP,Vehicle Speed Sensor (VSS),ZETEC-VCT automatic transmission,,transmission,,,,,,,,,
EXP,Vehicle Speed Sensor (VSS),,,"manual transmission, ZETEC-VCT",,28,E4,,,,,,
EXP,Vehicle Speed Sensor (VSS),,,"manual transmission, ZETEC-VCT",,28,E4,,,,,,
EXP,"Wheel speed sensor, right front",with Bosch 5.3 ABS,,"wheel hub, front, RH-side",,7,E2,,,,,,
EXP,"Wheel speed sensor, left front",with Bosch 5.3 ABS,,"wheel hub, front, LH-side",,7,E2,,,,,,
EXP,"Wheel speed sensor, right rear",with Bosch 5.3 ABS,,"wheel hub, rear, RH-side",,13,D1,,,,,,
EXP,"Wheel speed sensor, left rear",with Bosch 5.3 ABS,,"wheel hub, rear, LH-side",,13,D1,,,,,,
EXP,"Wheel speed sensor, left rear",with Bosch 5.3 ABS,,"wheel hub, rear, LH-side",,13,D1,,,,,,
EXP,Mass Air Flow (MAF) sensor,Duratec-VE without air conditioning,,on intake system,,31,A3,,,,,,
EXP,Mass Air Flow (MAF) sensor,without speed control,,"on intake system, ZETEC-VCT automatic transmission",,29,F5,,,,,,
EXP,Mass Air Flow (MAF) sensor,without speed control,,"on intake system, ZETEC-VCT",,28,F4,,,,,,
EXP,Mass Air Flow (MAF) sensor,without speed control,,on intake system,,31,A3,,,,,,
EXP,Camshaft position sensor,Turn Signal and Hazard Lamps,,"cylinder head, ZETEC-VCT automatic transmission",,29,A4,,,,,,
EXP,Camshaft position sensor,Turn Signal and Hazard Lamps,,"cylinder head, Duratec-VE",,33,A2,,,,,,
EXP,Camshaft position sensor,Licence plate lamps,,"cylinder head, ZETEC-VCT manual transmission",,28,A4,,,,,,
EXP,Camshaft position sensor,Licence plate lamps,,"cylinder head, ZETEC-VCT automatic transmission",,29,A4,,,,,,
EXP,Camshaft position sensor,Licence plate lamps,,"cylinder head, Duratec-VE",,33,A2,,,,,,
EXP,Camshaft position sensor,Parking Lamps,,"cylinder head, ZETEC-VCT manual transmission",,28,A4,,,,,,
EXP,Camshaft position sensor,Parking Lamps,,"cylinder head, ZETEC-VCT automatic transmission",,29,A4,,,,,,
EXP,Camshaft position sensor,Parking Lamps,,"cylinder head, Duratec-VE",,33,A2,,,,,,
EXP,Camshaft position sensor,"Headlamps, higher option content",,"cylinder head, ZETEC-VCT automatic transmission",,29,A4,,,,,,
EXP,Camshaft position sensor,"Headlamps, higher option content",,"cylinder head, Duratec-VE",,33,A2,,,,,,
EXP,Camshaft position sensor,"Headlamps, higher option content",,cylinder head ZETEC-VCT manual transmission,,28,A4,,,,,,
EXP,Camshaft position sensor,Duratec-VE,,cylinder head,,33,A2,,,,,,
EXP,Camshaft position sensor,ZETEC-VCT manual transmission,,cylinder head,,28,A4,,,,,,
EXP,Camshaft position sensor,ZETEC-VCT automatic transmission,,cylinder head,,,,,,,,,
EXP,Camshaft position sensor,ZETEC-VCT,,cylinder head,,29,A4,,,,,,
EXP,Camshaft position sensor,ZETEC-VCT,,cylinder head,,29,A4,,,,,,
EXP,Camshaft position sensor,ZETEC-VCT,,cylinder head,,28,A4,,,,,,
EXP,Camshaft position sensor,ZETEC-VCT,,cylinder head,,28,A4,,,,,,
EXP,Crankshaft position sensor,Lights-ON-warning,,"engine, front, ZETEC-VCT manual transmission",,28,C2,,,,,,
EXP,Turbine shaft speed (TSS) sensor,,,"transmission, Duratec-VE automatic transmission",,32,B1,,,,,,
EXP,Turbine shaft speed (TSS) sensor,,,"automatic transmission, ZETEC-VCT",,29,E2,,,,,,
EXP,Heated Oxygen Sensor (HO2S) #21,Duratec-VE,,in exhaust system,,,,,,,,,
EXP,Heated Oxygen Sensor (HO2S) #11,with Bosch 5.3 ABS,,"in exhaust system, ZETEC-VCT manual transmission",,28,A3,,,,,,
EXP,Heated Oxygen Sensor (HO2S) #11,with Bosch 5.3 ABS,,"in exhaust system, ZETEC-VCT automatic transmission",,29,A3,,,,,,
EXP,Heated Oxygen Sensor (HO2S) #11,with Bosch 5.3 ABS,,"in exhaust system, ZETEC-VCT",,30,E5,,,,,,
EXP,Heated Oxygen Sensor (HO2S) #11,with Bosch 5.3 ABS,,"in exhaust system, ZETEC-VCT",,4,F4,,,,,,
EXP,Heated Oxygen Sensor (HO2S) #11,lower option content,,"in exhaust system, ZETEC-VCT manual transmission",,28,A3,,,,,,
EXP,Heated Oxygen Sensor (HO2S) #11,lower option content,,"in exhaust system, ZETEC-VCT automatic transmission",,29,A3,,,,,,
EXP,Heated Oxygen Sensor (HO2S) #11,lower option content,,"in exhaust system, ZETEC-VCT",,30,E5,,,,,,
EXP,Heated Oxygen Sensor (HO2S) #11,lower option content,,"in exhaust system, ZETEC-VCT",,4,F4,,,,,,
EXP,Heated Oxygen Sensor (HO2S) #11,Duratec-VE,,in exhaust system,,,,,,,,,
EXP,Heated Oxygen Sensor (HO2S) #11,ZETEC-VCT,,in exhaust system,,30,E5,,,,,,
EXP,Heated Oxygen Sensor (HO2S) #11,ZETEC-VCT,,in exhaust system,,30,E5,,,,,,
EXP,Heated Oxygen Sensor (HO2S) #11,ZETEC-VCT,,in exhaust system,,29,A3,,,,,,
EXP,Heated Oxygen Sensor (HO2S) #11,ZETEC-VCT,,in exhaust system,,29,A3,,,,,,
EXP,Heated Oxygen Sensor (HO2S) #11,ZETEC-VCT,,in exhaust system,,28,A3,,,,,,
EXP,Heated Oxygen Sensor (HO2S) #11,ZETEC-VCT,,in exhaust system,,28,A3,,,,,,
EXP,Heated Oxygen Sensor (HO2S) #11,ZETEC-VCT,,in exhaust system,,4,F4,,,,,,
EXP,Heated Oxygen Sensor (HO2S) #11,ZETEC-VCT,,in exhaust system,,4,F4,,,,,,
EXP,Transmission range sensor,with illuminated vanity mirrors,,"automatic transmission, ZETEC-VCT",,29,D1,,,,,,
EXP,Transmission range sensor,with illuminated vanity mirrors,,"automatic transmission, Duratec-VE",,32,A4,,,,,,
EXP,Transmission range sensor,with PATS,,"automatic transmission, ZETEC-VCT",,29,D1,,,,,,
EXP,Transmission range sensor,Duratec-VE with air conditioning,,automatic transmission,,32,A4,,,,,,
EXP,Transmission range sensor,ZETEC-VCT with air conditioning,,automatic transmission,,29,D1,,,,,,
EXP,Transmission range sensor,with Bosch 5.3 ABS,,"automatic transmission, ZETEC-VCT",,29,D1,,,,,,
EXP,Transmission range sensor,with Bosch 5.3 ABS,,"automatic transmission, Duratec-VE",,32,A4,,,,,,
EXP,Transmission range sensor,higher option content,,"automatic transmission, ZETEC-VCT",,29,D1,,,,,,
EXP,Transmission range sensor,lower option content,,"automatic transmission, ZETEC-VCT",,29,D1,,,,,,
EXP,Transmission range sensor,Duratec-VE automatic transmission,,automatic transmission,,32,A4,,,,,,
EXP,Transmission range sensor,ZETEC-VCT automatic transmission,,automatic transmission,,29,D1,,,,,,
EXP,Transmission range sensor,,,"automatic transmission, ZETEC-VCT automatic transmission",,29,D1,,,,,,
EXP,Transmission range sensor,,,"automatic transmission, ZETEC-VCT",,29,D1,,,,,,
EXP,Transmission range sensor,,,"automatic transmission, Duratec-VE",,32,A4,,,,,,
EXP,Door lock diagnostic connector,,,"RH A-pillar, center",,8,D4,,,,,,
EXP,Data Link Connector (DLC),"without ABS, Data Link Connector, pins 2, 7, 10 and 13",,"under dash panel, LH-side",,,,,,,,,
EXP,Data Link Connector (DLC),without ABS,,"under dash panel, LH-side",,,,,,,,,
EXP,Data Link Connector (DLC),"with Bosch 5.3 ABS, Data Link Connector, pins 2, 7, 10 and 13",,"under dash panel, LH-side",,,,,,,,,
EXP,"Headlamp, right",,,"front of vehicle (exterior), RH-side",,,,,,,,,
EXP,"Headlamp, right",,,"front of vehicle (exterior), RH-side",,,,,,,,,
EXP,"Lamp assembly, left rear",6-way power seat,,"vehicle rear end, LH-side",,12,C4,,,,,,
EXP,"Lamp assembly, left rear",Power mirrors,,"vehicle rear end, LH-side",,12,C4,,,,,,
EXP,"Lamp assembly, left rear",10-way power seat,,"vehicle rear end, LH-side",,12,C4,,,,,,
EXP,"Lamp assembly, left rear",Without anti-theft/central locking module,,"vehicle rear end, LH-side",,12,C4,,,,,,
EXP,"Lamp assembly, left rear",Power windows,,"vehicle rear end, LH-side",,12,C4,,,,,,
EXP,"Lamp assembly, left rear",Turn Signal and Hazard Lamps,,"vehicle rear end, LH-side",,12,C4,,,,,,
EXP,"Lamp assembly, left rear",Stop Lamps,,"vehicle rear end, LH-side",,12,C4,,,,,,
EXP,"Lamp assembly, left rear",Parking Lamps,,"vehicle rear end, LH-side",,12,C4,,,,,,
EXP,"Lamp assembly, left rear",,,"vehicle rear end, LH-side",,12,C4,,,,,,
EXP,"Lamp assembly, right rear",Turn Signal and Hazard Lamps,,"vehicle rear end, RH-side",,12,A4,,,,,,
EXP,"Lamp assembly, right rear",Turn Signal and Hazard Lamps,,"vehicle rear end, RH-side",,12,A4,,,,,,
EXP,"Lamp assembly, right rear",Turn Signal and Hazard Lamps,,"vehicle rear end, RH-side",,11,E5,,,,,,
EXP,"Lamp assembly, right rear",Turn Signal and Hazard Lamps,,"vehicle rear end, RH-side",,11,E5,,,,,,
EXP,"Lamp assembly, right rear",higher option content,,"vehicle rear end, RH-side",,12,A4,,,,,,
EXP,"Lamp assembly, right rear",higher option content,,"vehicle rear end, RH-side",,11,E5,,,,,,
EXP,"Lamp assembly, right rear",Stop Lamps,,"vehicle rear end, RH-side",,12,A4,,,,,,
EXP,"Lamp assembly, right rear",Stop Lamps,,"vehicle rear end, RH-side",,12,A4,,,,,,
EXP,"Lamp assembly, right rear",Stop Lamps,,"vehicle rear end, RH-side",,11,E5,,,,,,
EXP,"Interior lamp, front",ZETEC-VCT manual transmission,,"in roof panel, front, center",,14,B3,,,,,,
EXP,"Interior lamp, front",ZETEC-VCT automatic transmission,,"in roof panel, front, center",,14,E3,,,,,,
EXP,"Interior lamp, front",ZETEC-VCT automatic transmission,,"in roof panel, front, center",,14,B3,,,,,,
EXP,"Interior lamp, front",,,"in roof panel, front, center",,14,E3,,,,,,
EXP,"Interior lamp, front",,,"in roof panel, front, center",,14,E3,,,,,,
EXP,"Interior lamp, front",,,"in roof panel, front, center",,14,E3,,,,,,
EXP,"Interior lamp, front",,,"in roof panel, front, center",,14,B3,,,,,,
EXP,"Interior lamp, front",,,"in roof panel, front, center",,14,B3,,,,,,
EXP,"Interior lamp, front",,,"in roof panel, front, center",,14,B3,,,,,,
EXP,"Vanity mirror lamp, right",with illuminated vanity mirrors,,below RH sun visor,,14,B5,,,,,,
EXP,"Vanity mirror lamp, right",,,below RH sun visor,,14,B5,,,,,,
EXP,"License plate lamp, left",with high mounted stop lamp on parcel shelf,,"vehicle rear end, center",,,,,,,,,
EXP,"License plate lamp, left",with high mounted stop lamp in rear spoiler,,"vehicle rear end, center",,,,,,,,,
EXP,"License plate lamp, left",Licence plate lamps,,"vehicle rear end, center",,,,,,,,,
EXP,"License plate lamp, left",,,"vehicle rear end, center",,,,,,,,,
EXP,"License plate lamp, right",with high mounted stop lamp on parcel shelf,,"vehicle rear end, center",,,,,,,,,
EXP,"License plate lamp, right",with high mounted stop lamp in rear spoiler,,"vehicle rear end, center",,,,,,,,,
EXP,"License plate lamp, right",Licence plate lamps,,"vehicle rear end, center",,,,,,,,,
EXP,"License plate lamp, right",,,"vehicle rear end, center",,,,,,,,,
EXP,"Fog lamp, right",Fog lamps,,"front bumper, RH-side",,,,,,,,,
EXP,"Fog lamp, right",,,"front bumper, RH-side",,,,,,,,,
EXP,"Footwell lamp, left front",,,in LH front footwell,,20,D2,,,,,,
EXP,"Footwell lamp, left front",,,in LH front footwell,,20,D2,,,,,,
EXP,"Footwell lamp, right front",Overspeed warning automatic transmission,,in RH front footwell,,20,B2,,,,,,
EXP,"Footwell lamp, right front",with anti-theft alarm,,in RH front footwell,,20,B2,,,,,,
EXP,"Footwell lamp, right front",without anti-theft alarm,,in RH front footwell,,20,B2,,,,,,
EXP,"Footwell lamp, right front",Overspeed warning manual transmission,,in RH front footwell,,20,B2,,,,,,
EXP,"Footwell lamp, right front",,,in RH front footwell,,20,B2,,,,,,
EXP,Heater panel illumination lamp,with tachometer,,"dash panel, center",,19,D2,,,,,,
EXP,Heater panel illumination lamp,without ABS,,"dash panel, center",,19,D2,,,,,,
EXP,Heater panel illumination lamp,,,"dash panel, center",,19,D2,,,,,,
EXP,High mounted stop lamp,"manual transmission, Backup Lamps",,"parcel shelf, center",,27,C4,,,,,,
EXP,High mounted stop lamp,manual transmission,,"parcel shelf, center",,27,C4,,,,,,
EXP,High mounted stop lamp,"automatic transmission, Backup Lamps",,"parcel shelf, center",,27,C4,,,,,,
EXP,High mounted stop lamp,automatic transmission,,in rear spoiler,,27,C4,,,,,,
EXP,High mounted stop lamp,with high mounted stop lamp on parcel shelf,,"parcel shelf, center",,27,C4,,,,,,
EXP,High mounted stop lamp,with high mounted stop lamp on parcel shelf,,"parcel shelf, center",,27,C4,,,,,,
EXP,High mounted stop lamp,Lights-ON-warning,,"parcel shelf, center",,27,C4,,,,,,
EXP,High mounted stop lamp,with high mounted stop lamp in rear spoiler,,in rear spoiler,,27,C4,,,,,,
EXP,High mounted stop lamp,"Stop Lamps, higher option content with high mounted stop lamp on parcel shelf",,"parcel shelf, center",,27,C4,,,,,,
EXP,Coolant temperature sensor,Duratec-VE,,"engine, LH-side",,32,A4,,,,,,
EXP,Coolant temperature sensor,ZETEC-VCT manual transmission,,"engine, LH-side",,28,D1,,,,,,
EXP,Coolant temperature sensor,ZETEC-VCT automatic transmission,,"engine, LH-side",,29,A4,,,,,,
EXP,Coolant temperature sensor,,,"engine, LH-side, ZETEC-VCT manual transmission",,28,D1,,,,,,
EXP,Coolant temperature sensor,,,"engine, LH-side, ZETEC-VCT manual transmission",,28,D1,,,,,,
EXP,Coolant temperature sensor,,,"engine, LH-side, ZETEC-VCT automatic transmission",,29,A4,,,,,,
EXP,Coolant temperature sensor,,,"engine, LH-side, ZETEC-VCT automatic transmission",,29,A4,,,,,,
EXP,Coolant temperature sensor,,,"engine, LH-side, ZETEC-VCT",,,,,,,,,
EXP,Coolant temperature sensor,,,"engine, LH-side, ZETEC-VCT",,,,,,,,,
EXP,Coolant temperature sensor,,,"engine, LH-side, Duratec-VE automatic transmission",,32,A4,,,,,,
EXP,Coolant temperature sensor,,,"engine, LH-side, Duratec-VE automatic transmission",,32,A4,,,,,,
EXP,Coolant temperature sensor,,,"engine, LH-side, Duratec-VE",,32,A4,,,,,,
EXP,Coolant temperature sensor,,,"engine, LH-side, Duratec-VE",,32,A4,,,,,,
EXP,Throttle Position Sensor (TPS),Duratec-VE manual transmission,,in intake system,,,,,,,,,
EXP,Throttle Position Sensor (TPS),Duratec-VE automatic transmission,,in intake system,,,,,,,,,
EXP,Throttle Position Sensor (TPS),ZETEC-VCT,,in intake system,,30,A3,,,,,,
EXP,Engine Coolant Temperature (ECT) sensor,Duratec-VE,,engine,,32,C5,,,,,,
EXP,Engine Coolant Temperature (ECT) sensor,Duratec-VE,,engine,,32,C5,,,,,,
EXP,Engine Coolant Temperature (ECT) sensor,Duratec-VE,,engine,,31,A4,,,,,,
EXP,Engine Coolant Temperature (ECT) sensor,Duratec-VE,,engine,,31,A4,,,,,,
EXP,Engine Coolant Temperature (ECT) sensor,ZETEC-VCT,,engine,,28,A4,,,,,,
EXP,Mass Air Flow (MAF) sensor,Duratec-VE,,on intake system,,31,A3,,,,,,
EXP,Mass Air Flow (MAF) sensor,Duratec-VE manual transmission,,on intake system,,31,A3,,,,,,
EXP,Mass Air Flow (MAF) sensor,ZETEC-VCT manual transmission,,on intake system,,28,F4,,,,,,
EXP,Mass Air Flow (MAF) sensor,Duratec-VE automatic transmission,,on intake system,,,,,,,,,
EXP,Mass Air Flow (MAF) sensor,ZETEC-VCT automatic transmission,,on intake system,,29,F5,,,,,,
EXP,Mass Air Flow (MAF) sensor,ZETEC-VCT,,on intake system,,29,F5,,,,,,
EXP,Mass Air Flow (MAF) sensor,ZETEC-VCT,,on intake system,,28,F4,,,,,,
EXP,Mass Air Flow (MAF) sensor,,,"on intake system, ZETEC-VCT manual transmission",,28,F4,,,,,,
EXP,Mass Air Flow (MAF) sensor,,,"on intake system, ZETEC-VCT automatic transmission",,29,F5,,,,,,
EXP,Mass Air Flow (MAF) sensor,,,"on intake system, Duratec-VE",,31,A3,,,,,,
EXP,Exhaust Pressure Transducer (EPT) sensor,with speed control,,"in exhaust system, Duratec-VE automatic transmission",,32,C1,,,,,,
EXP,Exhaust Pressure Transducer (EPT) sensor,with speed control,,in exhaust system,,31,D1,,,,,,
EXP,Exhaust Pressure Transducer (EPT) sensor,"Headlamps, lower option content",,"in exhaust system, Duratec-VE automatic transmission",,32,C1,,,,,,
EXP,Exhaust Pressure Transducer (EPT) sensor,"Headlamps, lower option content",,in exhaust system,,31,D1,,,,,,
EXP,Exhaust Pressure Transducer (EPT) sensor,Duratec-VE manual transmission,,in exhaust system,,31,D1,,,,,,
EXP,Exhaust Pressure Transducer (EPT) sensor,Duratec-VE automatic transmission,,in exhaust system,,32,C1,,,,,,
EXP,Exhaust Pressure Transducer (EPT) sensor,Duratec-VE automatic transmission,,in exhaust system,,32,C1,,,,,,
EXP,Camshaft position sensor,Turn Signal and Hazard Lamps,,"cylinder head, ZETEC-VCT manual transmission",,28,A4,,,,,,
EXP,Crankshaft position sensor,Lights-ON-warning,,"engine, front, ZETEC-VCT automatic transmission",,29,A2,,,,,,
EXP,Crankshaft position sensor,Lights-ON-warning,,"engine, front, Duratec-VE",,33,B1,,,,,,
EXP,Crankshaft position sensor,Fog lamps,,"engine, front, ZETEC-VCT manual transmission",,28,C2,,,,,,
EXP,Crankshaft position sensor,Fog lamps,,"engine, front, ZETEC-VCT automatic transmission",,29,A2,,,,,,
EXP,Crankshaft position sensor,Fog lamps,,"engine, front, Duratec-VE",,33,B1,,,,,,
EXP,Crankshaft position sensor,Duratec-VE,,"engine, front",,33,B1,,,,,,
EXP,Crankshaft position sensor,Duratec-VE manual transmission,,"engine, front",,33,B1,,,,,,
EXP,Crankshaft position sensor,ZETEC-VCT manual transmission,,"engine, front",,28,C2,,,,,,
EXP,Crankshaft position sensor,ZETEC-VCT automatic transmission,,"engine, front",,29,A2,,,,,,
EXP,Crankshaft position sensor,ZETEC-VCT,,"engine, front",,29,A2,,,,,,
EXP,Crankshaft position sensor,ZETEC-VCT,,"engine, front",,29,A2,,,,,,
EXP,Crankshaft position sensor,ZETEC-VCT,,"engine, front",,28,C2,,,,,,
EXP,Crankshaft position sensor,ZETEC-VCT,,"engine, front",,28,C2,,,,,,
EXP,Crankshaft position sensor,,,"engine, front, ZETEC-VCT manual transmission",,28,C2,,,,,,
EXP,Crankshaft position sensor,,,"engine, front, ZETEC-VCT automatic transmission",,29,A2,,,,,,
EXP,Crankshaft position sensor,,,"engine, front, Duratec-VE",,33,B1,,,,,,
EXP,Turbine shaft speed (TSS) sensor,higher option content,,"transmission, Duratec-VE automatic transmission",,32,B1,,,,,,
EXP,Turbine shaft speed (TSS) sensor,higher option content,,"automatic transmission, ZETEC-VCT",,29,E2,,,,,,
EXP,Turbine shaft speed (TSS) sensor,Duratec-VE automatic transmission,,transmission,,32,B1,,,,,,
EXP,Turbine shaft speed (TSS) sensor,ZETEC-VCT automatic transmission,,transmission,,29,E2,,,,,,
EXP,Heated Oxygen Sensor (HO2S) #11,,,"in exhaust system, ZETEC-VCT manual transmission",,28,A3,,,,,,
EXP,Heated Oxygen Sensor (HO2S) #11,,,"in exhaust system, ZETEC-VCT automatic transmission",,29,A3,,,,,,
EXP,Heated Oxygen Sensor (HO2S) #11,,,"in exhaust system, ZETEC-VCT",,30,E5,,,,,,
EXP,Heated Oxygen Sensor (HO2S) #11,,,"in exhaust system, ZETEC-VCT",,4,F4,,,,,,
EXP,Heated Oxygen Sensor (HO2S) #22,Duratec-VE,,in exhaust system,,,,,,,,,
EXP,Heated Oxygen Sensor (HO2S) #12,Duratec-VE,,in exhaust system,,,,,,,,,
EXP,Heated Oxygen Sensor (HO2S) #12,ZETEC-VCT,,in exhaust system,,4,D1,,,,,,
EXP,Knock sensor 1,ZETEC-VCT,,engine,,30,E3,,,,,,
EXP,Knock sensor 1,,,"engine, ZETEC-VCT",,30,E3,,,,,,
EXP,Knock sensor 1,,,"engine, Duratec-VE automatic transmission",,32,D1,,,,,,
EXP,Knock sensor 1,,,engine,,31,E1,,,,,,
EXP,Fuel tank pressure transducer sensor,Duratec-VE manual transmission,,on fuel tank,,,,,,,,,
EXP,Fuel tank pressure transducer sensor,ZETEC-VCT manual transmission,,on fuel tank,,,,,,,,,
EXP,Fuel tank pressure transducer sensor,Duratec-VE automatic transmission,,on fuel tank,,,,,,,,,
EXP,Fuel tank pressure transducer sensor,ZETEC-VCT automatic transmission,,on fuel tank,,,,,,,,,
EXP,Transmission range sensor,"automatic transmission, Backup Lamps",,"automatic transmission, ZETEC-VCT",,29,D1,,,,,,
EXP,Transmission range sensor,without PATS,,"automatic transmission, ZETEC-VCT",,29,D1,,,,,,
EXP,Transmission range sensor,without illuminated vanity mirrors,,"automatic transmission, ZETEC-VCT",,29,D1,,,,,,
EXP,Transmission range sensor,without illuminated vanity mirrors,,"automatic transmission, Duratec-VE",,32,A4,,,,,,
EXP,Transmission range sensor,ZETEC-VCT without air conditioning,,automatic transmission,,29,D1,,,,,,
EXP,Data Link Connector (DLC),with Bosch 5.3 ABS,,"under dash panel, LH-side",,,,,,,,,
EXP,Data Link Connector (DLC),Duratec-VE,,"under dash panel, LH-side",,,,,,,,,
EXP,Data Link Connector (DLC),"Data Link Connector, pins 4, 5 and 16",,"under dash panel, LH-side",,,,,,,,,
EXP,Data Link Connector (DLC),ZETEC-VCT,,"under dash panel, LH-side",,,,,,,,,
EXP,Data Link Connector (DLC),,,"under dash panel, LH-side",,,,,,,,,
EXP,"Headlamp, left","Headlamps, higher option content",,"front of vehicle (exterior), LH-side",,,,,,,,,
EXP,"Headlamp, left","Headlamps, higher option content",,"front of vehicle (exterior), LH-side",,,,,,,,,
EXP,"Headlamp, left","Headlamps, lower option content",,"front of vehicle (exterior), LH-side",,,,,,,,,
EXP,"Headlamp, left","Headlamps, lower option content",,"front of vehicle (exterior), LH-side",,,,,,,,,
EXP,"Headlamp, left",,,"front of vehicle (exterior), LH-side",,,,,,,,,
EXP,"Headlamp, left",,,"front of vehicle (exterior), LH-side",,,,,,,,,
EXP,Headlamp switch panel illumination lamp,,,"dash panel, driver side",,19,D2,,,,,,
EXP,"Headlamp, right",without tachometer,,"front of vehicle (exterior), RH-side",,,,,,,,,
EXP,"Headlamp, right",Turn Signal and Hazard Lamps,,"front of vehicle (exterior), RH-side",,,,,,,,,
EXP,"Headlamp, right",Parking Lamps,,"front of vehicle (exterior), RH-side",,,,,,,,,
EXP,"Headlamp, right","Headlamps, higher option content",,"front of vehicle (exterior), RH-side",,,,,,,,,
EXP,"Headlamp, right","Headlamps, higher option content",,"front of vehicle (exterior), RH-side",,,,,,,,,
EXP,"Headlamp, right","Headlamps, lower option content",,"front of vehicle (exterior), RH-side",,,,,,,,,
EXP,"Headlamp, right","Headlamps, lower option content",,"front of vehicle (exterior), RH-side",,,,,,,,,
EXP,"Headlamp, right",Power Operated Antenna,,"front of vehicle (exterior), RH-side",,,,,,,,,
EXP,"Lamp assembly, right rear",Stop Lamps,,"vehicle rear end, RH-side",,11,E5,,,,,,
EXP,"Lamp assembly, right rear",Parking Lamps,,"vehicle rear end, RH-side",,12,A4,,,,,,
EXP,"Lamp assembly, right rear",Parking Lamps,,"vehicle rear end, RH-side",,12,A4,,,,,,
EXP,"Lamp assembly, right rear",Parking Lamps,,"vehicle rear end, RH-side",,11,E5,,,,,,
EXP,"Lamp assembly, right rear",Parking Lamps,,"vehicle rear end, RH-side",,11,E5,,,,,,
EXP,"Lamp assembly, right rear",ZETEC-VCT,,"vehicle rear end, RH-side",,12,A4,,,,,,
EXP,"Lamp assembly, right rear",ZETEC-VCT,,"vehicle rear end, RH-side",,11,E5,,,,,,
EXP,"Lamp assembly, right rear",,,"vehicle rear end, RH-side",,12,A4,,,,,,
EXP,"Lamp assembly, right rear",,,"vehicle rear end, RH-side",,12,A4,,,,,,
EXP,"Lamp assembly, right rear",,,"vehicle rear end, RH-side",,11,E5,,,,,,
EXP,"Lamp assembly, right rear",,,"vehicle rear end, RH-side",,11,E5,,,,,,
EXP,"Interior lamp, front",without illuminated vanity mirrors,,"in roof panel, front, center",,14,E3,,,,,,
EXP,"Interior lamp, front",without illuminated vanity mirrors,,"in roof panel, front, center",,14,B3,,,,,,
EXP,"Interior lamp, front",with illuminated vanity mirrors,,"in roof panel, front, center",,14,E3,,,,,,
EXP,"Interior lamp, front",with illuminated vanity mirrors,,"in roof panel, front, center",,14,E3,,,,,,
EXP,"Interior lamp, front",with illuminated vanity mirrors,,"in roof panel, front, center",,14,B3,,,,,,
EXP,"Interior lamp, front",with illuminated vanity mirrors,,"in roof panel, front, center",,14,B3,,,,,,
EXP,"Interior lamp, front",with Bosch 5.3 ABS,,"in roof panel, front, center",,14,E3,,,,,,
EXP,"Interior lamp, front",with Bosch 5.3 ABS,,"in roof panel, front, center",,14,B3,,,,,,
EXP,"Interior lamp, front",ZETEC-VCT manual transmission,,"in roof panel, front, center",,14,E3,,,,,,
EXP,"Fog lamp, left",Fog lamps,,"front bumper, LH-side",,,,,,,,,
EXP,"Fog lamp, left",,,"front bumper, LH-side",,,,,,,,,
EXP,Luggage compartment lamp,without illuminated vanity mirrors,,"in luggage compartment, RH-side",,12,D4,,,,,,
EXP,Luggage compartment lamp,with illuminated vanity mirrors,,"in luggage compartment, RH-side",,12,D4,,,,,,
EXP,Luggage compartment lamp,,,"in luggage compartment, RH-side",,12,D4,,,,,,
EXP,"Footwell lamp, left front",speed control automatic transmission,,in LH front footwell,,22,C2,,,,,,
EXP,"Footwell lamp, left front",speed control automatic transmission,,in LH front footwell,,20,D2,,,,,,
EXP,"Footwell lamp, left front",with anti-theft alarm,,in LH front footwell,,22,C2,,,,,,
EXP,"Footwell lamp, left front",with anti-theft alarm,,in LH front footwell,,22,C2,,,,,,
EXP,"Footwell lamp, left front",with anti-theft alarm,,in LH front footwell,,20,D2,,,,,,
EXP,"Footwell lamp, left front",with anti-theft alarm,,in LH front footwell,,20,D2,,,,,,
EXP,"Footwell lamp, left front",without anti-theft alarm,,in LH front footwell,,22,C2,,,,,,
EXP,"Footwell lamp, left front",without anti-theft alarm,,in LH front footwell,,22,C2,,,,,,
EXP,"Footwell lamp, left front",without anti-theft alarm,,in LH front footwell,,20,D2,,,,,,
EXP,"Footwell lamp, left front",without anti-theft alarm,,in LH front footwell,,20,D2,,,,,,
EXP,"Footwell lamp, left front",Duratec-VE,,in LH front footwell,,22,C2,,,,,,
EXP,"Footwell lamp, left front",Duratec-VE,,in LH front footwell,,20,D2,,,,,,
EXP,"Footwell lamp, left front",ZETEC-VCT,,in LH front footwell,,22,C2,,,,,,
EXP,"Footwell lamp, left front",ZETEC-VCT,,in LH front footwell,,20,D2,,,,,,
EXP,"Footwell lamp, left front",,,in LH front footwell,,22,C2,,,,,,
EXP,"Footwell lamp, left front",,,in LH front footwell,,22,C2,,,,,,
EXP,High mounted stop lamp,"Stop Lamps, higher option content with high mounted stop lamp on parcel shelf",,"parcel shelf, center",,27,C4,,,,,,
EXP,High mounted stop lamp,"Stop Lamps, lower option content without PATS",,"parcel shelf, center",,27,C4,,,,,,
EXP,High mounted stop lamp,"Stop Lamps, lower option content without PATS",,in rear spoiler,,27,C4,,,,,,
EXP,High mounted stop lamp,"Stop Lamps, higher option content, with high mounted stop lamp in rear spoiler",,in rear spoiler,,27,C4,,,,,,
EXP,High mounted stop lamp,"Stop Lamps, lower option content with PATS",,"parcel shelf, center",,27,C4,,,,,,
EXP,High mounted stop lamp,"Stop Lamps, lower option content with PATS",,in rear spoiler,,27,C4,,,,,,
EXP,High mounted stop lamp,Stop Lamps,,in rear spoiler,,27,C4,,,,,,
EXP,High mounted stop lamp,Fog lamps,,in rear spoiler,,27,C4,,,,,,
EXP,High mounted stop lamp,Licence plate lamps,,in rear spoiler,,27,C4,,,,,,
EXP,"Reversing lamp, left","manual transmission, Backup Lamps",,"vehicle rear end, LH-side",,,,,,,,,
EXP,"Reversing lamp, left","automatic transmission, Backup Lamps",,"vehicle rear end, LH-side",,,,,,,,,
EXP,"Reversing lamp, left",with high mounted stop lamp on parcel shelf,,"vehicle rear end, LH-side",,,,,,,,,
EXP,"Reversing lamp, left",with high mounted stop lamp in rear spoiler,,"vehicle rear end, LH-side",,,,,,,,,
EXP,"Reversing lamp, right","manual transmission, Backup Lamps",,"vehicle rear end, RH-side",,,,,,,,,
EXP,"Reversing lamp, right","automatic transmission, Backup Lamps",,"vehicle rear end, RH-side",,,,,,,,,
EXP,"Reversing lamp, right",with high mounted stop lamp on parcel shelf,,"vehicle rear end, RH-side",,,,,,,,,
EXP,"Reversing lamp, right",with high mounted stop lamp in rear spoiler,,"vehicle rear end, RH-side",,,,,,,,,
EXP,Anti-theft ON indicator,with anti-theft alarm,,"dash panel, center",,19,D5,,,,,,
EXP,Anti-theft ON indicator,without anti-theft alarm,,"dash panel, center",,19,D5,,,,,,
EXP,Anti-theft ON indicator,,,"dash panel, center",,19,D5,,,,,,
EXP,"Door entry lamp, driver side front",with anti-theft alarm,,in driver door,,25,F2,,,,,,
EXP,"Door entry lamp, driver side front",without anti-theft alarm,,in driver door,,25,F2,,,,,,
EXP,"Door entry lamp, driver side front",,,in driver door,,25,F2,,,,,,
EXP,"Door entry lamp, passenger side front",without anti-theft alarm,,in passenger door,,,,,,,,,
EXP,"Door entry lamp, passenger side front",higher option content without anti-theft/central locking module,,in passenger door,,,,,,,,,
EXP,"Door entry lamp, passenger side front",higher option content with anti-theft/central locking module,,in passenger door,,,,,,,,,
EXP,"Door entry lamp, passenger side front",,,in passenger door,,,,,,,,,
EXP,"Park-/turn lamp, left front",Turn Signal and Hazard Lamps,,"front of vehicle (exterior), LH-side",,2,F3,,,,,,
EXP,"Park-/turn lamp, left front",Parking Lamps,,"front of vehicle (exterior), LH-side",,2,F3,,,,,,
EXP,"Park-/turn lamp, left front",,,"front of vehicle (exterior), LH-side",,2,F3,,,,,,
EXP,"Park-/turn lamp, right front",Turn Signal and Hazard Lamps,,"engine compartment, front, RH-side",,1,A3,,,,,,
EXP,"Park-/turn lamp, right front",Parking Lamps,,"engine compartment, front, RH-side",,1,A3,,,,,,
EXP,"Park-/turn lamp, right front",,,"engine compartment, front, RH-side",,1,A3,,,,,,
EXP,Horn,With anti-theft/central locking module,,"engine compartment, front, LH-side",,,,,,,,,
EXP,Horn,with variable intermittent wipers,,"engine compartment, front, LH-side",,,,,,,,,
EXP,Horn,with speed control,,"engine compartment, front, LH-side",,,,,,,,,
EXP,Horn,without speed control,,"engine compartment, front, LH-side",,,,,,,,,
EXP,Horn relay,without speed control,,in Battery Junction Box (BJB),,15,E5,,,,,,
EXP,Horn relay,without anti-theft alarm,,in Battery Junction Box (BJB),,15,E5,,,,,,
EXP,Horn relay,,,in Battery Junction Box (BJB),,15,E5,,,,,,
EXP,Low beam relay,with tachometer,,in Battery Junction Box (BJB),,15,F4,,,,,,
EXP,Low beam relay,without tachometer,,in Battery Junction Box (BJB),,15,F4,,,,,,
EXP,Low beam relay,with anti-theft alarm,,in Battery Junction Box (BJB),,15,F4,,,,,,
EXP,Low beam relay,higher option content,,in Battery Junction Box (BJB),,15,F4,,,,,,
EXP,Low beam relay,lower option content,,in Battery Junction Box (BJB),,15,F4,,,,,,
EXP,Low beam relay,"Headlamps, higher option content",,in Battery Junction Box (BJB),,15,F4,,,,,,
EXP,Low beam relay,"Headlamps, lower option content",,in Battery Junction Box (BJB),,15,F4,,,,,,
EXP,Low beam relay,Duratec-VE,,in Battery Junction Box (BJB),,15,F4,,,,,,
EXP,Low beam relay,ZETEC-VCT,,in Battery Junction Box (BJB),,15,F4,,,,,,
EXP,Low beam relay,,,in Battery Junction Box (BJB),,15,F4,,,,,,
EXP,High beam relay,"Headlamps, higher option content",,in Battery Junction Box (BJB),,15,F4,,,,,,
EXP,High beam relay,"Headlamps, lower option content",,in Battery Junction Box (BJB),,15,F4,,,,,,
EXP,High beam relay,Duratec-VE,,in Battery Junction Box (BJB),,15,F4,,,,,,
EXP,High beam relay,ZETEC-VCT,,in Battery Junction Box (BJB),,15,F4,,,,,,
EXP,High beam relay,,,in Battery Junction Box (BJB),,15,F4,,,,,,
EXP,Turn signal relay,Turn Signal and Hazard Lamps,,"on steering column, top",,,,,,,,,
EXP,Turn signal relay,ZETEC-VCT manual transmission,,"on steering column, top",,,,,,,,,
EXP,Ignition relay,ZETEC-VCT manual transmission,,in Central Junction Box (CJB),,17,C5,,,,,,
EXP,Ignition relay,ZETEC-VCT automatic transmission,,in Central Junction Box (CJB),,17,C5,,,,,,
EXP,High speed engine cooling fan relay,ZETEC-VCT manual transmission,,in Battery Junction Box (BJB),,15,B1,,,,,,
EXP,High speed engine cooling fan relay,Duratec-VE automatic transmission,,in Battery Junction Box (BJB),,15,B1,,,,,,
EXP,High speed engine cooling fan relay,ZETEC-VCT automatic transmission,,in Battery Junction Box (BJB),,15,B1,,,,,,
EXP,High speed engine cooling fan relay,,,in Battery Junction Box (BJB),,15,B1,,,,,,
EXP,Courtesy lamp relay,Duratec-VE,,in Central Junction Box (CJB),,17,E5,,,,,,
EXP,Courtesy lamp relay,ZETEC-VCT,,in Central Junction Box (CJB),,17,E5,,,,,,
EXP,Courtesy lamp relay,,,"in Central Junction Box (CJB), ZETEC-VCT",,17,E5,,,,,,
EXP,Courtesy lamp relay,,,in Central Junction Box (CJB),,17,E5,,,,,,
EXP,One-touch window relay,"manual transmission, Backup Lamps",,"driver door, Duratec-VE",,25,A4,,,,,,
EXP,One-touch window relay,with power windows,,driver door,,25,A4,,,,,,
EXP,One-touch window relay,Power windows,,driver door,,25,A4,,,,,,
EXP,One-touch window relay,higher option content,,"driver door, Duratec-VE",,25,A4,,,,,,
EXP,One-touch window relay,Duratec-VE,,driver door,,25,A4,,,,,,
EXP,One-touch window relay,,,driver door,,25,A4,,,,,,
EXP,A/C Clutch relay,higher option content,,in Battery Junction Box (BJB),,15,B1,,,,,,
EXP,A/C Clutch relay,lower option content,,in Battery Junction Box (BJB),,15,B1,,,,,,
EXP,A/C Clutch relay,,,in Battery Junction Box (BJB),,15,B1,,,,,,
EXP,Windshield wiper relay,with variable intermittent wipers,,in Central Junction Box (CJB),,17,D5,,,,,,
EXP,Windshield wiper relay,without fixed intermittent wipe,,in Central Junction Box (CJB),,17,D5,,,,,,
EXP,Windshield wiper relay,,,in Central Junction Box (CJB),,17,D5,,,,,,
EXP,PCM power relay,ZETEC-VCT without air conditioning,,in Battery Junction Box (BJB),,15,F2,,,,,,
EXP,Panic alarm headlamp relay,lower option content with anti-theft/central locking module,,"RH A-pillar, center",,8,C5,,,,,,
EXP,Panic alarm headlamp relay,higher option content,,"RH A-pillar, center",,8,C5,,,,,,
EXP,Panic alarm headlamp relay,lower option content,,"RH A-pillar, center",,8,C5,,,,,,
EXP,Panic alarm headlamp relay,,,"RH A-pillar, center",,8,C5,,,,,,
EXP,Panic alarm stop lamp relay,higher option content with anti-theft/central locking module,,"RH A-pillar, center",,8,C4,,,,,,
EXP,Panic alarm stop lamp relay,lower option content with anti-theft/central locking module,,"RH A-pillar, center",,8,C4,,,,,,
EXP,Panic alarm stop lamp relay,Duratec-VE automatic transmission,,"RH A-pillar, center",,8,C4,,,,,,
EXP,Panic alarm stop lamp relay,ZETEC-VCT automatic transmission,,"RH A-pillar, center",,8,C4,,,,,,
EXP,Panic alarm stop lamp relay,,,"RH A-pillar, center",,8,C4,,,,,,
EXP,Power lock control relay,automatic transmission,,RH A-pillar,,,,,,,,,
EXP,Power lock control relay,Without anti-theft/central locking module,,RH A-pillar,,,,,,,,,
EXP,Power lock control relay,higher option content without anti-theft/central locking module,,RH A-pillar,,,,,,,,,
EXP,Power lock control relay,lower option content without anti-theft/central locking module,,RH A-pillar,,,,,,,,,
EXP,Power lock control relay,higher option content,,RH A-pillar,,,,,,,,,
EXP,Power lock control relay,lower option content,,RH A-pillar,,,,,,,,,
EXP,Power lock control relay,,,RH A-pillar,,,,,,,,,
EXP,Heater blower motor,"automatic transmission, Backup Lamps",,"Backup Lamps, automatic transmission, Duratec-VE",,21,E2,,,,,,
EXP,Heater blower motor,"automatic transmission, Backup Lamps",,"Backup Lamps, automatic transmission, Duratec-VE",,20,B5,,,,,,
EXP,Heater blower motor,,,"behind dash panel, center, near air conditioning/heating control unit",,21,E2,,,,,,
EXP,"Door lock motor, left rear",With anti-theft/central locking module,,in RH rear door,,26,E3,,,,,,
EXP,"Door lock motor, left rear",with PATS,,"in RH rear door, Duratec-VE",,26,E3,,,,,,
EXP,"Door lock motor, left rear",Without anti-theft/central locking module,,in RH rear door,,26,E3,,,,,,
EXP,"Door lock motor, left rear",higher option content without anti-theft/central locking module,,in RH rear door,,26,E3,,,,,,
EXP,"Door lock motor, left rear",lower option content without anti-theft/central locking module,,in RH rear door,,26,E3,,,,,,
EXP,"Door lock motor, left rear",higher option content with anti-theft/central locking module,,in RH rear door,,26,E3,,,,,,
EXP,"Door lock motor, left rear",lower option content with anti-theft/central locking module,,in RH rear door,,26,E3,,,,,,
EXP,"Door lock motor, left rear",Duratec-VE,,in RH rear door,,26,E3,,,,,,
EXP,"Door lock motor, left rear",Duratec-VE automatic transmission,,in RH rear door,,26,E3,,,,,,
EXP,"Door lock motor, left rear",,,in RH rear door,,26,E3,,,,,,
EXP,Moonroof motor,higher option content,,"F23, higher option content, Duratec-VE",,,,,,,,,
EXP,Moonroof motor,,,"in roof panel, front, center",,,,,,,,,
EXP,Engine cooling fan motor,ZETEC-VCT without air conditioning,,"engine compartment, front, center",,4,B2,,,,,,
EXP,Engine cooling fan motor,ZETEC-VCT without air conditioning,,"engine compartment, front, center",,3,B2,,,,,,
EXP,Engine cooling fan motor,Duratec-VE without air conditioning,,"engine compartment, front, center",,3,B2,,,,,,
EXP,Engine cooling fan motor,Duratec-VE with air conditioning ZETEC-VCT,,"engine compartment, front, center",,4,B2,,,,,,
EXP,Engine cooling fan motor,Duratec-VE with air conditioning ZETEC-VCT,,"engine compartment, front, center",,4,B2,,,,,,
EXP,Second cooling fan motor,Duratec-VE without air conditioning,,"engine compartment, front, center",,3,D2,,,,,,
EXP,Second cooling fan motor,Duratec-VE with air conditioning ZETEC-VCT,,"engine compartment, front, center",,3,D2,,,,,,
EXP,Second cooling fan motor,Duratec-VE with air conditioning,,"engine compartment, front, center",,3,D2,,,,,,
EXP,Second cooling fan motor,ZETEC-VCT with air conditioning,,"engine compartment, front, center",,3,D2,,,,,,
EXP,Second cooling fan motor,Duratec-VE,,"engine compartment, front, center",,3,D2,,,,,,
EXP,Second cooling fan motor,Duratec-VE manual transmission,,"engine compartment, front, center",,3,D2,,,,,,
EXP,Second cooling fan motor,Duratec-VE automatic transmission,,"engine compartment, front, center",,3,D2,,,,,,
EXP,Second cooling fan motor,,,"engine compartment, front, center",,3,D2,,,,,,
EXP,Decklid motor,with tachometer,,"behind luggage compartment lining, rear, center, Duratec-VE",,12,B2,,,,,,
EXP,Decklid motor,with tachometer,,"behind luggage compartment lining, rear, center, Duratec-VE",,11,F3,,,,,,
EXP,Decklid motor,Duratec-VE automatic transmission,,"behind luggage compartment lining, rear, center",,12,B2,,,,,,
EXP,Decklid motor,Duratec-VE automatic transmission,,"behind luggage compartment lining, rear, center",,11,F3,,,,,,
EXP,Decklid motor,,,"behind luggage compartment lining, rear, center",,12,B2,,,,,,
EXP,Decklid motor,,,"behind luggage compartment lining, rear, center",,12,B2,,,,,,
EXP,Decklid motor,,,"behind luggage compartment lining, rear, center",,11,F3,,,,,,
EXP,Decklid motor,,,"behind luggage compartment lining, rear, center",,11,F3,,,,,,
EXP,Front seat backrest motor,without tachometer,,"driver seat, Duratec-VE",,,,,,,,,
EXP,Front seat backrest motor,10-way power seat,,driver seat,,,,,,,,,
EXP,Front seat lumbar compressor motor,10-way power seat,,driver seat,,,,,,,,,
EXP,"Door lock motor, driver side",with power windows,,in driver door,,25,F3,,,,,,
EXP,"Door lock motor, driver side",Without anti-theft/central locking module,,in driver door,,25,F3,,,,,,
EXP,"Door lock motor, driver side",Duratec-VE with air conditioning,,in driver door,,25,F3,,,,,,
EXP,"Door lock motor, driver side",ZETEC-VCT with air conditioning,,in driver door,,25,F3,,,,,,
EXP,"Door lock motor, driver side",higher option content without anti-theft/central locking module,,in driver door,,25,F3,,,,,,
EXP,"Door lock motor, driver side",lower option content without anti-theft/central locking module,,in driver door,,25,F3,,,,,,
EXP,"Door lock motor, driver side",higher option content with anti-theft/central locking module,,in driver door,,25,F3,,,,,,
EXP,"Door lock motor, driver side",lower option content with anti-theft/central locking module,,in driver door,,25,F3,,,,,,
EXP,"Door lock motor, driver side",,,"in driver door, ZETEC-VCT",,25,F3,,,,,,
EXP,"Door lock motor, passenger side",manual transmission,,in passenger door,,,,,,,,,
EXP,"Door lock motor, passenger side",automatic transmission,,in passenger door,,,,,,,,,
EXP,"Door lock motor, passenger side",With anti-theft/central locking module,,in passenger door,,,,,,,,,
EXP,"Door lock motor, passenger side",Duratec-VE with air conditioning ZETEC-VCT,,"in passenger door, ZETEC-VCT",,,,,,,,,
EXP,"Door lock motor, passenger side",Without anti-theft/central locking module,,in passenger door,,,,,,,,,
EXP,"Door lock motor, passenger side",higher option content without anti-theft/central locking module,,in passenger door,,,,,,,,,
EXP,"Door lock motor, passenger side",lower option content without anti-theft/central locking module,,in passenger door,,,,,,,,,
EXP,"Door lock motor, passenger side",higher option content with anti-theft/central locking module,,in passenger door,,,,,,,,,
EXP,Air temperature actuator,higher option content,,"behind dash panel, center",,21,C5,,,,,,
EXP,Air temperature actuator,higher option content,,"behind dash panel, center",,21,C5,,,,,,
EXP,Air temperature actuator,higher option content,,"behind dash panel, center",,19,B2,,,,,,
EXP,Air temperature actuator,higher option content,,"behind dash panel, center",,19,B2,,,,,,
EXP,Air temperature actuator,lower option content,,"behind dash panel, center",,21,C5,,,,,,
EXP,Air temperature actuator,lower option content,,"behind dash panel, center",,21,C5,,,,,,
EXP,Air temperature actuator,lower option content,,"behind dash panel, center",,19,B2,,,,,,
EXP,Air temperature actuator,lower option content,,"behind dash panel, center",,19,B2,,,,,,
EXP,Air temperature actuator,Duratec-VE,,"behind dash panel, center",,21,C5,,,,,,
EXP,Air temperature actuator,Duratec-VE,,"behind dash panel, center",,19,B2,,,,,,
EXP,Air temperature actuator,ZETEC-VCT manual transmission,,"behind dash panel, center",,21,C5,,,,,,
EXP,Air temperature actuator,ZETEC-VCT manual transmission,,"behind dash panel, center",,19,B2,,,,,,
EXP,Air temperature actuator,ZETEC-VCT automatic transmission,,"behind dash panel, center",,21,C5,,,,,,
EXP,Air temperature actuator,ZETEC-VCT automatic transmission,,"behind dash panel, center",,19,B2,,,,,,
EXP,Air temperature actuator,ZETEC-VCT,,"behind dash panel, center",,21,C5,,,,,,
EXP,Air temperature actuator,ZETEC-VCT,,"behind dash panel, center",,19,B2,,,,,,
EXP,Air temperature actuator,,,"behind dash panel, center",,21,C5,,,,,,
EXP,Air temperature actuator,,,"behind dash panel, center",,21,C5,,,,,,
EXP,Air temperature actuator,,,"behind dash panel, center",,19,B2,,,,,,
EXP,Air temperature actuator,,,"behind dash panel, center",,19,B2,,,,,,
EXP,"Window regulator motor, driver side front",Power windows,,in driver door,,25,D1,,,,,,
EXP,Horn,without fixed intermittent wipe,,"engine compartment, front, LH-side",,,,,,,,,
EXP,Horn,,,"engine compartment, front, LH-side",,,,,,,,,
EXP,Rear window defrost relay,,,in Central Junction Box (CJB),,17,F4,,,,,,
EXP,Fuel pump relay,Duratec-VE,,in Battery Junction Box (BJB),,15,E5,,,,,,
EXP,Fuel pump relay,ZETEC-VCT,,in Battery Junction Box (BJB),,15,E5,,,,,,
EXP,Fuel pump relay,,,in Battery Junction Box (BJB),,15,E5,,,,,,
EXP,Daytime running lamps (DRL) relay,higher option content,,in Battery Junction Box (BJB),,15,A4,,,,,,
EXP,Daytime running lamps (DRL) relay,ZETEC-VCT,,in Battery Junction Box (BJB),,15,A4,,,,,,
EXP,Daytime running lamps (DRL) relay,,,"in Battery Junction Box (BJB), ZETEC-VCT",,15,A4,,,,,,
EXP,Daytime running lamps (DRL) relay,,,in Battery Junction Box (BJB),,15,A4,,,,,,
EXP,Heater blower relay,with Bosch 5.3 ABS,,in Central Junction Box (CJB),,17,D5,,,,,,
EXP,Heater blower relay,,,in Central Junction Box (CJB),,17,D5,,,,,,
EXP,Starter relay,,,in Battery Junction Box (BJB),,15,C1,,,,,,
EXP,Fog lamp relay,with anti-theft alarm,,"under dash panel, LH-side",,19,D1,,,,,,
EXP,Fog lamp relay,higher option content,,"under dash panel, LH-side",,19,D1,,,,,,
EXP,Fog lamp relay,Fog lamps,,"under dash panel, LH-side",,19,D1,,,,,,
EXP,Fog lamp relay,lower option content,,"under dash panel, LH-side",,19,D1,,,,,,
EXP,Fog lamp relay,,,"under dash panel, LH-side",,19,D1,,,,,,
EXP,A/C Wide Open Throttle (WOT) relay,Duratec-VE,,in Battery Junction Box (BJB),,15,C5,,,,,,
EXP,A/C Wide Open Throttle (WOT) relay,ZETEC-VCT,,in Battery Junction Box (BJB),,15,C5,,,,,,
EXP,A/C Wide Open Throttle (WOT) relay,,,in Battery Junction Box (BJB),,15,C5,,,,,,
EXP,Horn relay,with speed control,,in Battery Junction Box (BJB),,15,E5,,,,,,
EXP,Ignition relay,,,"in Central Junction Box (CJB), ZETEC-VCT",,17,C5,,,,,,
EXP,Ignition relay,,,in Central Junction Box (CJB),,17,C5,,,,,,
EXP,Engine cooling fan relay,ZETEC-VCT without air conditioning,,in Battery Junction Box (BJB),,15,C1,,,,,,
EXP,Engine cooling fan relay,Duratec-VE without air conditioning,,in Battery Junction Box (BJB),,15,C1,,,,,,
EXP,Engine cooling fan relay,Duratec-VE with air conditioning,,in Battery Junction Box (BJB),,15,C1,,,,,,
EXP,Engine cooling fan relay,ZETEC-VCT with air conditioning,,in Battery Junction Box (BJB),,15,C1,,,,,,
EXP,Engine cooling fan relay,Duratec-VE,,in Battery Junction Box (BJB),,15,C1,,,,,,
EXP,Engine cooling fan relay,Duratec-VE manual transmission,,in Battery Junction Box (BJB),,15,C1,,,,,,
EXP,Engine cooling fan relay,ZETEC-VCT manual transmission,,in Battery Junction Box (BJB),,15,C1,,,,,,
EXP,Engine cooling fan relay,Duratec-VE automatic transmission,,in Battery Junction Box (BJB),,15,C1,,,,,,
EXP,Engine cooling fan relay,ZETEC-VCT automatic transmission,,in Battery Junction Box (BJB),,15,C1,,,,,,
EXP,Engine cooling fan relay,ZETEC-VCT,,in Battery Junction Box (BJB),,15,C1,,,,,,
EXP,Engine cooling fan relay,,,in Battery Junction Box (BJB),,15,C1,,,,,,
EXP,High speed engine cooling fan relay,ZETEC-VCT without air conditioning,,in Battery Junction Box (BJB),,15,B1,,,,,,
EXP,High speed engine cooling fan relay,Duratec-VE without air conditioning,,in Battery Junction Box (BJB),,15,B1,,,,,,
EXP,High speed engine cooling fan relay,Duratec-VE with air conditioning,,in Battery Junction Box (BJB),,15,B1,,,,,,
EXP,High speed engine cooling fan relay,ZETEC-VCT with air conditioning,,in Battery Junction Box (BJB),,15,B1,,,,,,
EXP,High speed engine cooling fan relay,Duratec-VE manual transmission,,in Battery Junction Box (BJB),,15,B1,,,,,,
EXP,PCM power relay,Duratec-VE without air conditioning,,in Battery Junction Box (BJB),,15,F2,,,,,,
EXP,PCM power relay,Duratec-VE with air conditioning,,in Battery Junction Box (BJB),,15,F2,,,,,,
EXP,PCM power relay,ZETEC-VCT with air conditioning,,in Battery Junction Box (BJB),,15,F2,,,,,,
EXP,PCM power relay,with anti-theft alarm,,in Battery Junction Box (BJB),,15,F2,,,,,,
EXP,PCM power relay,without anti-theft alarm,,in Battery Junction Box (BJB),,15,F2,,,,,,
EXP,PCM power relay,higher option content without anti-theft/central locking module,,in Battery Junction Box (BJB),,15,F2,,,,,,
EXP,PCM power relay,lower option content without anti-theft/central locking module,,in Battery Junction Box (BJB),,15,F2,,,,,,
EXP,PCM power relay,higher option content with anti-theft/central locking module,,in Battery Junction Box (BJB),,15,F2,,,,,,
EXP,PCM power relay,lower option content with anti-theft/central locking module,,in Battery Junction Box (BJB),,15,F2,,,,,,
EXP,PCM power relay,lower option content,,in Battery Junction Box (BJB),,15,F2,,,,,,
EXP,PCM power relay,Duratec-VE,,in Battery Junction Box (BJB),,15,F2,,,,,,
EXP,PCM power relay,ZETEC-VCT manual transmission,,in Battery Junction Box (BJB),,15,F2,,,,,,
EXP,PCM power relay,Duratec-VE automatic transmission,,in Battery Junction Box (BJB),,15,F2,,,,,,
EXP,PCM power relay,ZETEC-VCT automatic transmission,,in Battery Junction Box (BJB),,15,F2,,,,,,
EXP,PCM power relay,ZETEC-VCT,,in Battery Junction Box (BJB),,15,F2,,,,,,
EXP,PCM power relay,,,in Battery Junction Box (BJB),,15,F2,,,,,,
EXP,Panic alarm headlamp relay,without ABS,,"RH A-pillar, center",,8,C5,,,,,,
EXP,Panic alarm headlamp relay,higher option content with anti-theft/central locking module,,"RH A-pillar, center",,8,C5,,,,,,
EXP,Panic alarm headlamp relay,with Bosch 5.3 ABS,,"RH A-pillar, center",,8,C5,,,,,,
EXP,Heater blower motor,,,"behind dash panel, center, near air conditioning/heating control unit",,21,E2,,,,,,
EXP,Heater blower motor,,,"behind dash panel, center, near air conditioning/heating control unit",,20,B5,,,,,,
EXP,Heater blower motor,,,"behind dash panel, center, near air conditioning/heating control unit",,20,B5,,,,,,
EXP,Starter motor,with Bosch 5.3 ABS,,engine,,,,,,,,,
EXP,Starter motor,Duratec-VE,,engine,,,,,,,,,
EXP,Starter motor,ZETEC-VCT,,engine,,,,,,,,,
EXP,Starter motor,,,engine,,,,,,,,,
EXP,Starter motor,,,engine,,,,,,,,,
EXP,"Door lock motor, right rear",With anti-theft/central locking module,,in RH rear door,,26,E3,,,,,,
EXP,"Door lock motor, right rear",Without anti-theft/central locking module,,in RH rear door,,26,E3,,,,,,
EXP,"Door lock motor, right rear",higher option content without anti-theft/central locking module,,in RH rear door,,26,E3,,,,,,
EXP,"Door lock motor, right rear",lower option content without anti-theft/central locking module,,in RH rear door,,26,E3,,,,,,
EXP,"Door lock motor, right rear",higher option content with anti-theft/central locking module,,in RH rear door,,26,E3,,,,,,
EXP,"Door lock motor, right rear",lower option content with anti-theft/central locking module,,in RH rear door,,26,E3,,,,,,
EXP,"Door lock motor, right rear",Duratec-VE,,in RH rear door,,26,E3,,,,,,
EXP,"Door lock motor, right rear",ZETEC-VCT manual transmission,,in RH rear door,,26,E3,,,,,,
EXP,"Door lock motor, right rear",ZETEC-VCT automatic transmission,,in RH rear door,,26,E3,,,,,,
EXP,"Door lock motor, right rear",ZETEC-VCT,,in RH rear door,,26,E3,,,,,,
EXP,"Door lock motor, right rear",,,in RH rear door,,26,E3,,,,,,
EXP,"Door lock motor, left rear",without PATS,,"without PATS, Duratec-VE",,26,E3,,,,,,
EXP,Engine cooling fan motor,Duratec-VE with air conditioning ZETEC-VCT,,"engine compartment, front, center",,3,B2,,,,,,
EXP,Engine cooling fan motor,Duratec-VE with air conditioning ZETEC-VCT,,"engine compartment, front, center",,3,B2,,,,,,
EXP,Engine cooling fan motor,Duratec-VE with air conditioning,,"engine compartment, front, center",,3,B2,,,,,,
EXP,Engine cooling fan motor,ZETEC-VCT with air conditioning,,"engine compartment, front, center",,4,B2,,,,,,
EXP,Engine cooling fan motor,ZETEC-VCT with air conditioning,,"engine compartment, front, center",,4,B2,,,,,,
EXP,Engine cooling fan motor,ZETEC-VCT with air conditioning,,"engine compartment, front, center",,3,B2,,,,,,
EXP,Engine cooling fan motor,ZETEC-VCT with air conditioning,,"engine compartment, front, center",,3,B2,,,,,,
EXP,Engine cooling fan motor,lower option content,,"engine compartment, front, center, Duratec-VE",,3,B2,,,,,,
EXP,Engine cooling fan motor,Duratec-VE,,"engine compartment, front, center",,3,B2,,,,,,
EXP,Engine cooling fan motor,Duratec-VE manual transmission,,"engine compartment, front, center",,3,B2,,,,,,
EXP,Engine cooling fan motor,Duratec-VE automatic transmission,,"engine compartment, front, center",,3,B2,,,,,,
EXP,Engine cooling fan motor,ZETEC-VCT automatic transmission,,"engine compartment, front, center",,4,B2,,,,,,
EXP,Engine cooling fan motor,ZETEC-VCT automatic transmission,,"engine compartment, front, center",,3,B2,,,,,,
EXP,Engine cooling fan motor,,,"engine compartment, front, center, ZETEC-VCT",,4,B2,,,,,,
EXP,Engine cooling fan motor,,,"engine compartment, front, center, ZETEC-VCT",,4,B2,,,,,,
EXP,Engine cooling fan motor,,,"engine compartment, front, center",,3,B2,,,,,,
EXP,Engine cooling fan motor,,,"engine compartment, front, center",,3,B2,,,,,,
EXP,Front seat lumbar compressor motor,,,"driver seat, ZETEC-VCT",,,,,,,,,
EXP,Front seat forward/rearward motor,6-way power seat,,driver seat,,,,,,,,,
EXP,Front seat forward/rearward motor,ZETEC-VCT without air conditioning,,driver seat,,,,,,,,,
EXP,Front seat forward/rearward motor,10-way power seat,,driver seat,,,,,,,,,
EXP,Front seat forward/rearward motor,ZETEC-VCT with air conditioning,,driver seat,,,,,,,,,
EXP,Front seat front height motor,6-way power seat,,under driver seat,,,,,,,,,
EXP,Front seat front height motor,Duratec-VE without air conditioning,,under driver seat,,,,,,,,,
EXP,Front seat front height motor,10-way power seat,,under driver seat,,,,,,,,,
EXP,Front seat front height motor,Duratec-VE with air conditioning,,under driver seat,,,,,,,,,
EXP,Front seat rear height motor,6-way power seat,,under driver seat,,,,,,,,,
EXP,Front seat rear height motor,Duratec-VE with air conditioning ZETEC-VCT,,under driver seat,,,,,,,,,
EXP,Front seat rear height motor,10-way power seat,,under driver seat,,,,,,,,,
EXP,Front seat rear height motor,,,"under driver seat, ZETEC-VCT",,,,,,,,,
EXP,Power antenna motor,Duratec-VE without air conditioning,,"in luggage compartment, behind trim panel, RH-side",,11,E4,,,,,,
EXP,Power antenna motor,Power Operated Antenna,,"in luggage compartment, behind trim panel, RH-side",,11,E4,,,,,,
EXP,"Door lock motor, driver side",without power windows,,in driver door,,25,F3,,,,,,
EXP,"Door lock motor, driver side",ZETEC-VCT without air conditioning,,in driver door,,25,F3,,,,,,
EXP,"Door lock motor, driver side",Duratec-VE without air conditioning,,in driver door,,25,F3,,,,,,
EXP,"Door lock motor, driver side",With anti-theft/central locking module,,in driver door,,25,F3,,,,,,
EXP,"Door lock motor, driver side",Duratec-VE with air conditioning ZETEC-VCT,,"in driver door, ZETEC-VCT",,25,F3,,,,,,
EXP,"Door lock motor, passenger side","with Bosch 5.3 ABS, Data Link Connector, pins 2, 7, 10 and 13",,in passenger door,,,,,,,,,
EXP,"Door lock motor, passenger side",with Bosch 5.3 ABS,,in passenger door,,,,,,,,,
EXP,"Door lock motor, passenger side",lower option content with anti-theft/central locking module,,in passenger door,,,,,,,,,
EXP,"Door lock motor, passenger side",Stop Lamps,,in passenger door,,,,,,,,,
EXP,"Door lock motor, passenger side",,,in passenger door,,,,,,,,,
EXP,"Mirror motor, driver side",Power mirrors,,driver door,,25,B5,,,,,,
EXP,"Mirror motor, driver side",,,driver door,,25,B5,,,,,,
EXP,"Mirror motor, passenger side",Power mirrors,,passenger door,,,,,,,,,
EXP,"Mirror motor, passenger side",with Bosch 5.3 ABS,,passenger door,,,,,,,,,
EXP,Windshield wiper motor,with variable intermittent wipers,,"on engine bulkhead, center",,6,C2,,,,,,
EXP,Windshield wiper motor,lower option content,,"on engine bulkhead, center, Duratec-VE",,6,C2,,,,,,
EXP,Windshield wiper motor,Duratec-VE,,"on engine bulkhead, center",,6,C2,,,,,,
EXP,Windshield wiper motor,ZETEC-VCT manual transmission,,"on engine bulkhead, center",,6,C2,,,,,,
EXP,Windshield wiper motor,without fixed intermittent wipe,,"on engine bulkhead, center",,6,C2,,,,,,
EXP,Windshield wiper motor,ZETEC-VCT,,"on engine bulkhead, center",,6,C2,,,,,,
EXP,Windshield wiper motor,,,"on engine bulkhead, center",,6,C2,,,,,,
EXP,Windshield washer pump motor,with variable intermittent wipers,,"wheel well, front, RH-side",,,,,,,,,
EXP,Windshield washer pump motor,ZETEC-VCT automatic transmission,,"wheel well, front, RH-side",,,,,,,,,
EXP,Windshield washer pump motor,without fixed intermittent wipe,,"wheel well, front, RH-side",,,,,,,,,
EXP,Windshield washer pump motor,ZETEC-VCT,,"wheel well, front, RH-side",,,,,,,,,
EXP,"Window regulator motor, driver side front",Duratec-VE,,in driver door,,25,D1,,,,,,
EXP,"Window regulator motor, passenger side front",Power windows,,in passenger door,,,,,,,,,
EXP,"Window regulator motor, passenger side front",ZETEC-VCT manual transmission,,in passenger door,,,,,,,,,
EXP,"Window regulator motor, LH side rear",Power windows,,"LH-side, rear, behind trim panel",,26,A2,,,,,,
EXP,"Window regulator motor, LH side rear",ZETEC-VCT automatic transmission,,"LH-side, rear, behind trim panel",,26,A2,,,,,,
EXP,"Window regulator motor, RH side rear",Power windows,,"RH-side, rear, behind trim panel",,26,A2,,,,,,
EXP,"Window regulator motor, RH side rear",ZETEC-VCT,,"RH-side, rear, behind trim panel",,26,A2,,,,,,
EXP,Brake fluid level switch,without ABS,,"engine compartment, rear, driver side",,2,A4,,,,,,
EXP,Brake fluid level switch,with Bosch 5.3 ABS,,"engine compartment, rear, driver side",,2,A4,,,,,,
EXP,Brake fluid level switch,,,"engine compartment, rear, driver side",,2,A4,,,,,,
EXP,Rear window defrost switch,,,"dash panel, center",,20,D5,,,,,,
EXP,Heater blower switch,,,"dash panel, center",,19,C5,,,,,,
EXP,Stop lamp switch,manual transmission,,on brake pedal support,,23,E2,,,,,,
EXP,Stop lamp switch,automatic transmission,,on brake pedal support,,23,E2,,,,,,
EXP,Stop lamp switch,speed control automatic transmission,,on brake pedal support,,23,E2,,,,,,
EXP,Stop lamp switch,Turn Signal and Hazard Lamps,,on brake pedal support,,23,E2,,,,,,
EXP,Stop lamp switch,with Bosch 5.3 ABS,,on brake pedal support,,23,E2,,,,,,
EXP,Stop lamp switch,Stop Lamps,,on brake pedal support,,23,E2,,,,,,
EXP,Stop lamp switch,Duratec-VE,,on brake pedal support,,23,E2,,,,,,
EXP,Stop lamp switch,ZETEC-VCT,,on brake pedal support,,23,E2,,,,,,
EXP,Stop lamp switch,,,on brake pedal support,,23,E2,,,,,,
EXP,Oil pressure switch,with tachometer,,"engine, ZETEC-VCT",,30,E2,,,,,,
EXP,Oil pressure switch,with tachometer,,"engine, ZETEC-VCT",,30,E2,,,,,,
EXP,Oil pressure switch,without tachometer,,"engine, ZETEC-VCT",,30,E2,,,,,,
EXP,Oil pressure switch,without tachometer,,"engine, ZETEC-VCT",,30,E2,,,,,,
EXP,Horn switch,without speed control,,in steering wheel,,,,,,,,,
EXP,Inertia Fuel Shutoff (IFS) switch,Duratec-VE,,"LH A-pillar, bottom",,8,E2,,,,,,
EXP,Inertia Fuel Shutoff (IFS) switch,ZETEC-VCT,,"LH A-pillar, bottom",,8,E2,,,,,,
EXP,Inertia Fuel Shutoff (IFS) switch,,,"LH A-pillar, bottom",,8,E2,,,,,,
EXP,Park brake switch,without ABS,,under center console,,19,B2,,,,,,
EXP,Park brake switch,without ABS,,under center console,,19,B2,,,,,,
EXP,Park brake switch,without ABS,,under center console,,9,E1,,,,,,
EXP,Park brake switch,without ABS,,under center console,,9,E1,,,,,,
EXP,Park brake switch,with Bosch 5.3 ABS,,under center console,,19,B2,,,,,,
EXP,Park brake switch,with Bosch 5.3 ABS,,under center console,,19,B2,,,,,,
EXP,Park brake switch,with Bosch 5.3 ABS,,under center console,,9,E1,,,,,,
EXP,Park brake switch,with Bosch 5.3 ABS,,under center console,,9,E1,,,,,,
EXP,Park brake switch,,,under center console,,19,B2,,,,,,
EXP,Park brake switch,,,under center console,,19,B2,,,,,,
EXP,Park brake switch,,,under center console,,9,E1,,,,,,
EXP,Park brake switch,,,under center console,,9,E1,,,,,,
EXP,Power mirror adjust switch,Power mirrors,,in driver door,,19,E3,,,,,,
EXP,Power mirror adjust switch,with anti-theft alarm,,in driver door,,19,E3,,,,,,
EXP,Power mirror adjust switch,without anti-theft alarm,,in driver door,,19,E3,,,,,,
EXP,Power mirror adjust switch,,,in driver door,,19,E3,,,,,,
EXP,Traction Control System (TCS) disable switch,with Bosch 5.3 ABS,,"dash panel, center",,,,,,,,,
EXP,Traction Control System (TCS) disable switch,,,"dash panel, center",,,,,,,,,
EXP,"Door ajar switch, left front",with anti-theft alarm,,in driver door,,25,F4,,,,,,
EXP,"Door ajar switch, left front",,,in driver door,,25,F4,,,,,,
EXP,"Door ajar switch, right front",with power windows,,in passenger door,,,,,,,,,
EXP,"Door ajar switch, right front",,,in passenger door,,,,,,,,,
EXP,"Door ajar switch, left rear",with anti-theft alarm,,in LH rear door,,26,E2,,,,,,
EXP,"Door ajar switch, left rear",,,in LH rear door,,26,E2,,,,,,
EXP,"Door ajar switch, right rear",with anti-theft alarm,,in RH rear door,,26,E2,,,,,,
EXP,"Door ajar switch, right rear",,,in RH rear door,,26,E2,,,,,,
EXP,Low coolant level switch,,,"engine compartment, front, center",,1,D2,,,,,,
EXP,Turn signal switch,Turn Signal and Hazard Lamps,,on steering column,,22,E3,,,,,,
EXP,Turn signal switch,Turn Signal and Hazard Lamps,,on steering column,,22,E3,,,,,,
EXP,Turn signal switch,higher option content,,on steering column,,22,E3,,,,,,
EXP,Turn signal switch,Stop Lamps,,on steering column,,22,E3,,,,,,
EXP,Turn signal switch,Fog lamps,,on steering column,,22,E3,,,,,,
EXP,Turn signal switch,lower option content,,on steering column,,22,E3,,,,,,
EXP,Turn signal switch,"Headlamps, higher option content",,on steering column,,22,E3,,,,,,
EXP,Turn signal switch,"Headlamps, lower option content",,on steering column,,22,E3,,,,,,
EXP,Turn signal switch,,,on steering column,,22,E3,,,,,,
EXP,Gearshift lever unit,automatic transmission,,under center console,,20,D1,,,,,,
EXP,Gearshift lever unit,automatic transmission,,under center console,,20,D1,,,,,,
EXP,Gearshift lever unit,Duratec-VE automatic transmission,,under center console,,9,C1,,,,,,
EXP,Gearshift lever unit,ZETEC-VCT automatic transmission,,under center console,,20,D1,,,,,,
EXP,Gearshift lever unit,ZETEC-VCT automatic transmission,,under center console,,20,D1,,,,,,
EXP,Gearshift lever unit,ZETEC-VCT automatic transmission,,under center console,,9,C1,,,,,,
EXP,Gearshift lever unit,ZETEC-VCT automatic transmission,,under center console,,9,C1,,,,,,
EXP,Gearshift lever unit,,,under center console,,20,D1,,,,,,
EXP,Gearshift lever unit,,,under center console,,20,D1,,,,,,
EXP,Gearshift lever unit,,,under center console,,9,C1,,,,,,
EXP,Gearshift lever unit,,,under center console,,9,C1,,,,,,
EXP,Power steering pressure switch,Duratec-VE manual transmission,,"engine, rear",,33,A3,,,,,,
EXP,Power steering pressure switch,Duratec-VE automatic transmission,,"engine, rear",,33,A3,,,,,,
EXP,Power steering pressure switch,ZETEC-VCT,,"engine, rear",,30,F4,,,,,,
EXP,Power seat switch,6-way power seat,,driver seat,,,,,,,,,
EXP,Power seat switch,6-way power seat,,driver seat,,,,,,,,,
EXP,Power seat switch,6-way power seat,,driver seat,,,,,,,,,
EXP,Power seat switch,10-way power seat,,driver seat,,,,,,,,,
EXP,Power seat switch,10-way power seat,,driver seat,,,,,,,,,
EXP,Power seat switch,10-way power seat,,driver seat,,,,,,,,,
EXP,Power seat switch,10-way power seat,,driver seat,,,,,,,,,
EXP,Power seat switch,10-way power seat,,driver seat,,,,,,,,,
EXP,Power seat switch,,,driver seat,,,,,,,,,
EXP,Power seat switch,,,driver seat,,,,,,,,,
EXP,Right front door courtesy lamp switch,,,RH A-pillar,,8,C3,,,,,,
EXP,Right rear door courtesy lamp switch,,,"RH B-pillar, center",,9,D4,,,,,,
EXP,Light switch,higher option content,,"dash panel, driver side",,19,F2,,,,,,
EXP,Light switch,Fog lamps,,"dash panel, driver side",,19,F2,,,,,,
EXP,Light switch,Licence plate lamps,,"dash panel, driver side",,19,F2,,,,,,
EXP,Light switch,Parking Lamps,,"dash panel, driver side",,19,F2,,,,,,
EXP,Light switch,lower option content,,"dash panel, driver side",,19,F2,,,,,,
EXP,Light switch,"Headlamps, higher option content",,"dash panel, driver side",,19,F2,,,,,,
EXP,Light switch,"Headlamps, lower option content",,"dash panel, driver side",,19,F2,,,,,,
EXP,Light switch,,,"dash panel, driver side",,19,F2,,,,,,
EXP,Seat belt buckle switch,with tachometer,,"seat belt buckle, front, driver side",,24,B1,,,,,,
EXP,Seat belt buckle switch,with tachometer,,"seat belt buckle, front, driver side",,24,B1,,,,,,
EXP,Seat belt buckle switch,with tachometer,,"seat belt buckle, front, driver side",,10,E4,,,,,,
EXP,Seat belt buckle switch,with tachometer,,"seat belt buckle, front, driver side",,10,E4,,,,,,
EXP,Seat belt buckle switch,without tachometer,,"seat belt buckle, front, driver side",,24,B1,,,,,,
EXP,Seat belt buckle switch,without tachometer,,"seat belt buckle, front, driver side",,24,B1,,,,,,
EXP,Seat belt buckle switch,without tachometer,,"seat belt buckle, front, driver side",,10,E4,,,,,,
EXP,Seat belt buckle switch,without tachometer,,"seat belt buckle, front, driver side",,10,E4,,,,,,
EXP,Seat belt buckle switch,,,"seat belt buckle, front, driver side",,24,B1,,,,,,
EXP,Seat belt buckle switch,,,"seat belt buckle, front, driver side",,24,B1,,,,,,
EXP,Seat belt buckle switch,,,"seat belt buckle, front, driver side",,10,E4,,,,,,
EXP,Seat belt buckle switch,,,"seat belt buckle, front, driver side",,10,E4,,,,,,
EXP,"Door lock/unlock switch, driver",without power windows,,in driver door,,25,D5,,,,,,
EXP,"Door lock switch, passenger side",with power windows,,in passenger door,,,,,,,,,
EXP,"Door lock switch, passenger side",,,in passenger door,,,,,,,,,
EXP,Start inhibit switch,without PATS,,on clutch pedal support,,23,B1,,,,,,
EXP,Start inhibit switch,with PATS,,on clutch pedal support,,23,B1,,,,,,
EXP,Start inhibit switch,ZETEC-VCT manual transmission,,on clutch pedal support,,23,B1,,,,,,
EXP,Moonroof adjust switch,,,"roof, front, center",,,,,,,,,
EXP,Park-/neutral position (PNP) switch,"manual transmission, Backup Lamps",,"manual transmission, ZETEC-VCT",,28,E3,,,,,,
EXP,Park-/neutral position (PNP) switch,"manual transmission, Backup Lamps",,"manual transmission, ZETEC-VCT",,28,E3,,,,,,
EXP,Park-/neutral position (PNP) switch,higher option content,,"manual transmission, ZETEC-VCT",,28,E3,,,,,,
EXP,Park-/neutral position (PNP) switch,higher option content,,"manual transmission, ZETEC-VCT",,28,E3,,,,,,
EXP,Park-/neutral position (PNP) switch,lower option content,,"manual transmission, ZETEC-VCT",,28,E3,,,,,,
EXP,Park-/neutral position (PNP) switch,lower option content,,"manual transmission, ZETEC-VCT",,28,E3,,,,,,
EXP,Ignition switch,without ABS,,on steering column,,22,D3,,,,,,
EXP,Ignition switch,with Bosch 5.3 ABS,,on steering column,,22,D3,,,,,,
EXP,Ignition switch,,,on steering column,,22,D3,,,,,,
EXP,"Window operating switch, passenger side front",with power windows,,in passenger door,,,,,,,,,
EXP,"Window operating switch, passenger side front",Power windows,,in passenger door,,,,,,,,,
EXP,"Window operating switch, passenger side front",,,in passenger door,,,,,,,,,
EXP,"Window operating switch, LH side rear",Power windows,,"LH-side, rear",,26,B5,,,,,,
EXP,"Window operating switch, LH side rear",,,"LH-side, rear",,26,B5,,,,,,
EXP,Generator,ZETEC-VCT,,engine,,30,E1,,,,,,
EXP,Generator,ZETEC-VCT,,engine,,30,C1,,,,,,
EXP,Generator,ZETEC-VCT,,engine,,30,C1,,,,,,
EXP,Generator,,,"engine, ZETEC-VCT",,30,E1,,,,,,
EXP,Generator,,,"engine, ZETEC-VCT",,30,E1,,,,,,
EXP,Generator,,,"engine, ZETEC-VCT",,30,E1,,,,,,
EXP,Generator,,,"engine, ZETEC-VCT",,30,E1,,,,,,
EXP,Generator,,,"engine, ZETEC-VCT",,30,E1,,,,,,
EXP,Generator,,,"engine, ZETEC-VCT",,30,E1,,,,,,
EXP,Generator,,,"engine, ZETEC-VCT",,30,C1,,,,,,
EXP,Generator,,,"engine, ZETEC-VCT",,30,C1,,,,,,
EXP,Generator,,,"engine, ZETEC-VCT",,30,C1,,,,,,
EXP,Generator,,,"engine, ZETEC-VCT",,30,C1,,,,,,
EXP,Generator,,,"engine, ZETEC-VCT",,30,C1,,,,,,
EXP,Generator,,,"engine, ZETEC-VCT",,30,C1,,,,,,
EXP,Generator,,,"engine, Duratec-VE",,32,D2,,,,,,
EXP,Generator,,,"engine, Duratec-VE",,32,D2,,,,,,
EXP,Generator,,,"engine, Duratec-VE",,32,D2,,,,,,
EXP,Generator,,,"engine, Duratec-VE",,32,D2,,,,,,
EXP,Generator,,,"engine, Duratec-VE",,32,D2,,,,,,
EXP,Generator,,,"engine, Duratec-VE",,32,D2,,,,,,
EXP,Generator,,,"engine, Duratec-VE",,31,E2,,,,,,
EXP,Generator,,,"engine, Duratec-VE",,31,E2,,,,,,
EXP,Generator,,,"engine, Duratec-VE",,31,E2,,,,,,
EXP,Generator,,,"engine, Duratec-VE",,31,E2,,,,,,
EXP,Generator,,,"engine, Duratec-VE",,31,E2,,,,,,
EXP,Generator,,,"engine, Duratec-VE",,31,E2,,,,,,
EXP,Busbar,without ABS,,"engine compartment, LH-side, rear",,5,C5,,,,,,
EXP,Busbar,with Bosch 5.3 ABS,,"engine compartment, LH-side, rear",,5,C5,,,,,,
EXP,Busbar,higher option content,,"engine compartment, LH-side, rear",,5,C5,,,,,,
EXP,Busbar,lower option content,,"engine compartment, LH-side, rear",,5,C5,,,,,,
EXP,Central Junction Box (CJB),automatic transmission,,"under dash panel, LH-side",,18,A2,,,,,,
EXP,Central Junction Box (CJB),automatic transmission,,"under dash panel, LH-side",,18,A2,,,,,,
EXP,Central Junction Box (CJB),automatic transmission,,"under dash panel, LH-side",,17,F2,,,,,,
EXP,Central Junction Box (CJB),automatic transmission,,"under dash panel, LH-side",,17,F2,,,,,,
EXP,Central Junction Box (CJB),automatic transmission,,"under dash panel, LH-side",,17,F2,,,,,,
EXP,Central Junction Box (CJB),automatic transmission,,"under dash panel, LH-side",,17,F2,,,,,,
EXP,Central Junction Box (CJB),6-way power seat,,"under dash panel, LH-side",,18,A2,,,,,,
EXP,Central Junction Box (CJB),6-way power seat,,"under dash panel, LH-side",,17,F2,,,,,,
EXP,Central Junction Box (CJB),without ABS,,"under dash panel, LH-side",,18,A2,,,,,,
EXP,Central Junction Box (CJB),without ABS,,"under dash panel, LH-side",,17,F2,,,,,,
EXP,Central Junction Box (CJB),With anti-theft/central locking module,,"under dash panel, LH-side",,18,A2,,,,,,
EXP,Central Junction Box (CJB),With anti-theft/central locking module,,"under dash panel, LH-side",,17,F2,,,,,,
EXP,Central Junction Box (CJB),with variable intermittent wipers,,"under dash panel, LH-side",,18,A2,,,,,,
EXP,Central Junction Box (CJB),with variable intermittent wipers,,"under dash panel, LH-side",,18,A2,,,,,,
EXP,Central Junction Box (CJB),with variable intermittent wipers,,"under dash panel, LH-side",,17,F2,,,,,,
EXP,Central Junction Box (CJB),with variable intermittent wipers,,"under dash panel, LH-side",,17,F2,,,,,,
EXP,Central Junction Box (CJB),Lights-ON-warning,,"under dash panel, LH-side",,18,A2,,,,,,
EXP,Central Junction Box (CJB),Lights-ON-warning,,"under dash panel, LH-side",,17,F2,,,,,,
EXP,Central Junction Box (CJB),Turn Signal and Hazard Lamps,,"under dash panel, LH-side",,18,A2,,,,,,
EXP,Central Junction Box (CJB),Turn Signal and Hazard Lamps,,"under dash panel, LH-side",,18,A2,,,,,,
EXP,Central Junction Box (CJB),Turn Signal and Hazard Lamps,,"under dash panel, LH-side",,18,A2,,,,,,
EXP,Central Junction Box (CJB),Turn Signal and Hazard Lamps,,"under dash panel, LH-side",,18,A2,,,,,,
EXP,Central Junction Box (CJB),Turn Signal and Hazard Lamps,,"under dash panel, LH-side",,17,F2,,,,,,
EXP,Central Junction Box (CJB),Turn Signal and Hazard Lamps,,"under dash panel, LH-side",,17,F2,,,,,,
EXP,Central Junction Box (CJB),Turn Signal and Hazard Lamps,,"under dash panel, LH-side",,17,F2,,,,,,
EXP,Central Junction Box (CJB),Turn Signal and Hazard Lamps,,"under dash panel, LH-side",,17,F2,,,,,,
EXP,Central Junction Box (CJB),with anti-theft alarm,,"under dash panel, LH-side",,18,A2,,,,,,
EXP,Central Junction Box (CJB),with anti-theft alarm,,"under dash panel, LH-side",,18,A2,,,,,,
EXP,Central Junction Box (CJB),with anti-theft alarm,,"under dash panel, LH-side",,18,A2,,,,,,
EXP,Central Junction Box (CJB),with anti-theft alarm,,"under dash panel, LH-side",,18,A2,,,,,,
EXP,Central Junction Box (CJB),with anti-theft alarm,,"under dash panel, LH-side",,18,A2,,,,,,
EXP,Central Junction Box (CJB),with anti-theft alarm,,"under dash panel, LH-side",,17,F2,,,,,,
EXP,Central Junction Box (CJB),with anti-theft alarm,,"under dash panel, LH-side",,17,F2,,,,,,
EXP,Central Junction Box (CJB),with anti-theft alarm,,"under dash panel, LH-side",,17,F2,,,,,,
EXP,Central Junction Box (CJB),with anti-theft alarm,,"under dash panel, LH-side",,17,F2,,,,,,
EXP,Central Junction Box (CJB),with anti-theft alarm,,"under dash panel, LH-side",,17,F2,,,,,,
EXP,Heater mode switch,higher option content,,"dash panel, center",,20,C5,,,,,,
EXP,Heater mode switch,lower option content,,"dash panel, center",,20,C5,,,,,,
EXP,Heater mode switch,,,"dash panel, center",,20,C5,,,,,,
EXP,A/C compressor cycling switch,,,"engine compartment, front, center, ZETEC-VCT",,4,A3,,,,,,
EXP,A/C compressor cycling switch,,,"engine compartment, front, center, ZETEC-VCT",,4,A3,,,,,,
EXP,A/C compressor cycling switch,,,"engine compartment, front, center",,3,B3,,,,,,
EXP,A/C compressor cycling switch,,,"engine compartment, front, center",,3,B3,,,,,,
EXP,Dual pressure switch,Duratec-VE with air conditioning,,"engine compartment, front, center",,1,B4,,,,,,
EXP,Dual pressure switch,ZETEC-VCT with air conditioning,,"engine compartment, front, center",,1,B4,,,,,,
EXP,Dual pressure switch,Duratec-VE,,"engine compartment, front, center",,1,B4,,,,,,
EXP,Dual pressure switch,ZETEC-VCT,,"engine compartment, front, center",,1,B4,,,,,,
EXP,Dual pressure switch,,,"engine compartment, front, center",,1,B4,,,,,,
EXP,Steering wheel/speed control switch,with speed control,,in steering wheel,,,,,,,,,
EXP,Steering wheel/speed control switch,speed control,,in steering wheel,,,,,,,,,
EXP,Clutch pedal position switch,Duratec-VE manual transmission,,on clutch pedal support,,23,B2,,,,,,
EXP,Clutch pedal position switch,ZETEC-VCT manual transmission,,on clutch pedal support,,23,B2,,,,,,
EXP,Brake pedal position switch,manual transmission,,on brake pedal support,,23,E3,,,,,,
EXP,Brake pedal position switch,automatic transmission,,on brake pedal support,,23,E3,,,,,,
EXP,Brake pedal position switch,speed control automatic transmission,,on brake pedal support,,23,E3,,,,,,
EXP,Brake pedal position switch,,,on brake pedal support,,23,E3,,,,,,
EXP,Gearshift lever unit,automatic transmission,,under center console,,9,C1,,,,,,
EXP,Gearshift lever unit,automatic transmission,,under center console,,9,C1,,,,,,
EXP,Gearshift lever unit,with anti-theft alarm,,under center console,,20,D1,,,,,,
EXP,Gearshift lever unit,with anti-theft alarm,,under center console,,20,D1,,,,,,
EXP,Gearshift lever unit,with anti-theft alarm,,under center console,,9,C1,,,,,,
EXP,Gearshift lever unit,with anti-theft alarm,,under center console,,9,C1,,,,,,
EXP,Gearshift lever unit,without anti-theft alarm,,under center console,,20,D1,,,,,,
EXP,Gearshift lever unit,without anti-theft alarm,,under center console,,20,D1,,,,,,
EXP,Gearshift lever unit,without anti-theft alarm,,under center console,,9,C1,,,,,,
EXP,Gearshift lever unit,without anti-theft alarm,,under center console,,9,C1,,,,,,
EXP,Gearshift lever unit,higher option content,,under center console,,20,D1,,,,,,
EXP,Gearshift lever unit,higher option content,,under center console,,20,D1,,,,,,
EXP,Gearshift lever unit,higher option content,,under center console,,9,C1,,,,,,
EXP,Gearshift lever unit,higher option content,,under center console,,9,C1,,,,,,
EXP,Gearshift lever unit,lower option content,,under center console,,20,D1,,,,,,
EXP,Gearshift lever unit,lower option content,,under center console,,20,D1,,,,,,
EXP,Gearshift lever unit,lower option content,,under center console,,9,C1,,,,,,
EXP,Gearshift lever unit,lower option content,,under center console,,9,C1,,,,,,
EXP,Gearshift lever unit,Duratec-VE automatic transmission,,under center console,,20,D1,,,,,,
EXP,Gearshift lever unit,Duratec-VE automatic transmission,,under center console,,20,D1,,,,,,
EXP,Gearshift lever unit,Duratec-VE automatic transmission,,under center console,,9,C1,,,,,,
EXP,Left rear door courtesy lamp switch,,,"RH B-pillar, center",,10,C4,,,,,,
EXP,Left front door courtesy lamp switch,,,LH A-pillar,,8,D3,,,,,,
EXP,Wiper/washer switch,with variable intermittent wipers,,on steering column,,22,D3,,,,,,
EXP,Wiper/washer switch,without fixed intermittent wipe,,on steering column,,22,D3,,,,,,
EXP,Wiper/washer switch,,,on steering column,,22,D3,,,,,,
EXP,Luggage compartment lamp switch,with high mounted stop lamp on parcel shelf,,"in luggage compartment, rear",,12,B2,,,,,,
EXP,Luggage compartment lamp switch,with high mounted stop lamp on parcel shelf,,"in luggage compartment, rear",,12,B2,,,,,,
EXP,Luggage compartment lamp switch,with high mounted stop lamp on parcel shelf,,"in luggage compartment, rear",,11,E1,,,,,,
EXP,Luggage compartment lamp switch,with high mounted stop lamp on parcel shelf,,"in luggage compartment, rear",,11,E1,,,,,,
EXP,Luggage compartment lamp switch,with high mounted stop lamp in rear spoiler,,"in luggage compartment, rear",,12,B2,,,,,,
EXP,Luggage compartment lamp switch,with high mounted stop lamp in rear spoiler,,"in luggage compartment, rear",,12,B2,,,,,,
EXP,Luggage compartment lamp switch,with high mounted stop lamp in rear spoiler,,"in luggage compartment, rear",,11,E1,,,,,,
EXP,Luggage compartment lamp switch,with high mounted stop lamp in rear spoiler,,"in luggage compartment, rear",,11,E1,,,,,,
EXP,Luggage compartment lamp switch,,,"in luggage compartment, rear",,12,B2,,,,,,
EXP,Luggage compartment lamp switch,,,"in luggage compartment, rear",,12,B2,,,,,,
EXP,Luggage compartment lamp switch,,,"in luggage compartment, rear",,11,E1,,,,,,
EXP,Luggage compartment lamp switch,,,"in luggage compartment, rear",,11,E1,,,,,,
EXP,Light switch,Lights-ON-warning,,"dash panel, driver side",,19,F2,,,,,,
EXP,"Door lock/unlock switch, driver",With anti-theft/central locking module,,in driver door,,25,D5,,,,,,
EXP,"Door lock/unlock switch, driver",with power windows,,in driver door,,25,D5,,,,,,
EXP,"Door lock/unlock switch, driver",Without anti-theft/central locking module,,in driver door,,25,D5,,,,,,
EXP,"Door lock/unlock switch, driver",higher option content without anti-theft/central locking module,,in driver door,,25,D5,,,,,,
EXP,"Door lock/unlock switch, driver",lower option content without anti-theft/central locking module,,in driver door,,25,D5,,,,,,
EXP,"Door lock/unlock switch, driver",higher option content with anti-theft/central locking module,,in driver door,,25,D5,,,,,,
EXP,"Door lock/unlock switch, driver",lower option content with anti-theft/central locking module,,in driver door,,25,D5,,,,,,
EXP,"Door lock/unlock switch, driver",,,in driver door,,25,D5,,,,,,
EXP,"Door lock/unlock switch, passenger",With anti-theft/central locking module,,in passenger door,,,,,,,,,
EXP,"Door lock/unlock switch, passenger",with power windows,,in passenger door,,,,,,,,,
EXP,"Door lock/unlock switch, passenger",Without anti-theft/central locking module,,in passenger door,,,,,,,,,
EXP,"Door lock/unlock switch, passenger",higher option content without anti-theft/central locking module,,in passenger door,,,,,,,,,
EXP,"Door lock/unlock switch, passenger",lower option content without anti-theft/central locking module,,in passenger door,,,,,,,,,
EXP,"Door lock/unlock switch, passenger",higher option content with anti-theft/central locking module,,in passenger door,,,,,,,,,
EXP,"Door lock/unlock switch, passenger",lower option content with anti-theft/central locking module,,in passenger door,,,,,,,,,
EXP,"Door lock/unlock switch, passenger",,,in passenger door,,,,,,,,,
EXP,"Door lock switch, driver side",,,in driver door,,,,,,,,,
EXP,"Window operating switch, RH side rear",Power windows,,"RH-side, rear",,26,B5,,,,,,
EXP,"Window operating switch, RH side rear",,,"RH-side, rear",,26,B5,,,,,,
EXP,"Window operating switch, driver side front",with power windows,,in driver door,,25,D5,,,,,,
EXP,"Window operating switch, driver side front",Power windows,,in driver door,,25,D5,,,,,,
EXP,"Window operating switch, driver side front",Power windows,,in driver door,,25,D5,,,,,,
EXP,"Window operating switch, driver side front",,,in driver door,,25,D5,,,,,,
EXP,"Window operating switch, driver side front",,,in driver door,,25,D5,,,,,,
EXP,Battery,without ABS,,"engine compartment, LH-side",,2,E4,,,,,,
EXP,Battery,with Bosch 5.3 ABS,,"engine compartment, LH-side",,2,E4,,,,,,
EXP,Battery,"Headlamps, higher option content",,"engine compartment, LH-side",,2,E4,,,,,,
EXP,Battery,"Headlamps, lower option content",,"engine compartment, LH-side",,2,E4,,,,,,
EXP,Battery,Duratec-VE,,"engine compartment, LH-side",,2,E4,,,,,,
EXP,Battery,ZETEC-VCT,,"engine compartment, LH-side",,2,E4,,,,,,
EXP,Battery,,,"engine compartment, LH-side",,2,E4,,,,,,
EXP,Generator,Duratec-VE,,engine,,32,D2,,,,,,
EXP,Generator,Duratec-VE,,engine,,32,D2,,,,,,
EXP,Generator,Duratec-VE,,engine,,32,D2,,,,,,
EXP,Generator,Duratec-VE,,engine,,32,D2,,,,,,
EXP,Generator,Duratec-VE,,engine,,32,D2,,,,,,
EXP,Generator,Duratec-VE,,engine,,32,D2,,,,,,
EXP,Generator,Duratec-VE,,engine,,31,E2,,,,,,
EXP,Generator,Duratec-VE,,engine,,31,E2,,,,,,
EXP,Generator,Duratec-VE,,engine,,31,E2,,,,,,
EXP,Generator,Duratec-VE,,engine,,31,E2,,,,,,
EXP,Generator,Duratec-VE,,engine,,31,E2,,,,,,
EXP,Generator,Duratec-VE,,engine,,31,E2,,,,,,
EXP,Generator,ZETEC-VCT,,engine,,30,E1,,,,,,
EXP,Shorting bar connector 1,,,"behind dash panel, LH-side",,,,,,,,,
EXP,Clock spring,without ABS,,in steering wheel,,22,E5,,,,,,
EXP,Clock spring,with speed control,,in steering wheel,,22,E5,,,,,,
EXP,Clock spring,speed control,,in steering wheel,,22,E5,,,,,,
EXP,Clock spring,without speed control,,in steering wheel,,22,E5,,,,,,
EXP,Clock spring,with Bosch 5.3 ABS,,in steering wheel,,22,E5,,,,,,
EXP,Clock spring,,,in steering wheel,,22,E5,,,,,,
EXP,Non-Daytime running lamps jumper,"Headlamps, higher option content",,in Battery Junction Box (BJB),,,,,,,,,
EXP,Central Junction Box (CJB),with tachometer,,"under dash panel, LH-side",,18,A2,,,,,,
EXP,Central Junction Box (CJB),with tachometer,,"under dash panel, LH-side",,18,A2,,,,,,
EXP,Central Junction Box (CJB),with tachometer,,"under dash panel, LH-side",,17,F2,,,,,,
EXP,Central Junction Box (CJB),with tachometer,,"under dash panel, LH-side",,17,F2,,,,,,
EXP,Central Junction Box (CJB),"manual transmission, Backup Lamps",,"under dash panel, LH-side",,18,A2,,,,,,
EXP,Central Junction Box (CJB),"manual transmission, Backup Lamps",,"under dash panel, LH-side",,17,F2,,,,,,
EXP,Central Junction Box (CJB),manual transmission,,"under dash panel, LH-side",,18,A2,,,,,,
EXP,Central Junction Box (CJB),manual transmission,,"under dash panel, LH-side",,17,F2,,,,,,
EXP,Central Junction Box (CJB),"automatic transmission, Backup Lamps",,"under dash panel, LH-side",,18,A2,,,,,,
EXP,Central Junction Box (CJB),"automatic transmission, Backup Lamps",,"under dash panel, LH-side",,17,F2,,,,,,
EXP,Central Junction Box (CJB),automatic transmission,,"under dash panel, LH-side",,18,A2,,,,,,
EXP,Central Junction Box (CJB),automatic transmission,,"under dash panel, LH-side",,18,A2,,,,,,
EXP,Central Junction Box (CJB),without tachometer,,"under dash panel, LH-side",,18,A2,,,,,,
EXP,Central Junction Box (CJB),without tachometer,,"under dash panel, LH-side",,18,A2,,,,,,
EXP,Central Junction Box (CJB),without tachometer,,"under dash panel, LH-side",,17,F2,,,,,,
EXP,Central Junction Box (CJB),without tachometer,,"under dash panel, LH-side",,17,F2,,,,,,
EXP,Central Junction Box (CJB),Overspeed warning automatic transmission,,"under dash panel, LH-side",,18,A2,,,,,,
EXP,Central Junction Box (CJB),Overspeed warning automatic transmission,,"under dash panel, LH-side",,17,F2,,,,,,
EXP,Central Junction Box (CJB),speed control automatic transmission,,"under dash panel, LH-side",,18,A2,,,,,,
EXP,Central Junction Box (CJB),speed control automatic transmission,,"under dash panel, LH-side",,17,F2,,,,,,
EXP,Central Junction Box (CJB),Power mirrors,,"under dash panel, LH-side",,18,A2,,,,,,
EXP,Central Junction Box (CJB),Power mirrors,,"under dash panel, LH-side",,17,F2,,,,,,
EXP,Central Junction Box (CJB),10-way power seat,,"under dash panel, LH-side",,18,A2,,,,,,
EXP,Central Junction Box (CJB),10-way power seat,,"under dash panel, LH-side",,17,F2,,,,,,
EXP,Central Junction Box (CJB),Without anti-theft/central locking module,,"under dash panel, LH-side",,18,A2,,,,,,
EXP,Central Junction Box (CJB),Without anti-theft/central locking module,,"under dash panel, LH-side",,17,F2,,,,,,
EXP,Central Junction Box (CJB),Power windows,,"under dash panel, LH-side",,18,A2,,,,,,
EXP,Central Junction Box (CJB),Power windows,,"under dash panel, LH-side",,18,A2,,,,,,
EXP,Central Junction Box (CJB),Power windows,,"under dash panel, LH-side",,17,F2,,,,,,
EXP,Central Junction Box (CJB),Power windows,,"under dash panel, LH-side",,17,F2,,,,,,
EXP,Central Junction Box (CJB),without anti-theft alarm,,"under dash panel, LH-side",,18,A2,,,,,,
EXP,Central Junction Box (CJB),without anti-theft alarm,,"under dash panel, LH-side",,18,A2,,,,,,
EXP,Central Junction Box (CJB),without anti-theft alarm,,"under dash panel, LH-side",,18,A2,,,,,,
EXP,Central Junction Box (CJB),without anti-theft alarm,,"under dash panel, LH-side",,18,A2,,,,,,
EXP,Central Junction Box (CJB),without anti-theft alarm,,"under dash panel, LH-side",,18,A2,,,,,,
EXP,Central Junction Box (CJB),without anti-theft alarm,,"under dash panel, LH-side",,17,F2,,,,,,
EXP,Central Junction Box (CJB),without anti-theft alarm,,"under dash panel, LH-side",,17,F2,,,,,,
EXP,Central Junction Box (CJB),without anti-theft alarm,,"under dash panel, LH-side",,17,F2,,,,,,
EXP,Central Junction Box (CJB),without anti-theft alarm,,"under dash panel, LH-side",,17,F2,,,,,,
EXP,Central Junction Box (CJB),without anti-theft alarm,,"under dash panel, LH-side",,17,F2,,,,,,
EXP,Central Junction Box (CJB),higher option content without anti-theft/central locking module,,"under dash panel, LH-side",,18,A2,,,,,,
EXP,Central Junction Box (CJB),higher option content without anti-theft/central locking module,,"under dash panel, LH-side",,17,F2,,,,,,
EXP,Central Junction Box (CJB),lower option content without anti-theft/central locking module,,"under dash panel, LH-side",,18,A2,,,,,,
EXP,Central Junction Box (CJB),lower option content without anti-theft/central locking module,,"under dash panel, LH-side",,17,F2,,,,,,
EXP,Central Junction Box (CJB),higher option content with anti-theft/central locking module,,"under dash panel, LH-side",,18,A2,,,,,,
EXP,Central Junction Box (CJB),higher option content with anti-theft/central locking module,,"under dash panel, LH-side",,17,F2,,,,,,
EXP,Central Junction Box (CJB),with Bosch 5.3 ABS,,"under dash panel, LH-side",,18,A2,,,,,,
EXP,Central Junction Box (CJB),with Bosch 5.3 ABS,,"under dash panel, LH-side",,18,A2,,,,,,
EXP,Central Junction Box (CJB),with Bosch 5.3 ABS,,"under dash panel, LH-side",,18,A2,,,,,,
EXP,Central Junction Box (CJB),with Bosch 5.3 ABS,,"under dash panel, LH-side",,18,A2,,,,,,
EXP,Central Junction Box (CJB),with Bosch 5.3 ABS,,"under dash panel, LH-side",,17,F2,,,,,,
EXP,Central Junction Box (CJB),with Bosch 5.3 ABS,,"under dash panel, LH-side",,17,F2,,,,,,
EXP,Central Junction Box (CJB),with Bosch 5.3 ABS,,"under dash panel, LH-side",,17,F2,,,,,,
EXP,Central Junction Box (CJB),with Bosch 5.3 ABS,,"under dash panel, LH-side",,17,F2,,,,,,
EXP,Central Junction Box (CJB),lower option content with anti-theft/central locking module,,"under dash panel, LH-side",,18,A2,,,,,,
EXP,Central Junction Box (CJB),lower option content with anti-theft/central locking module,,"under dash panel, LH-side",,17,F2,,,,,,
EXP,Central Junction Box (CJB),higher option content,,"under dash panel, LH-side",,18,A2,,,,,,
EXP,Central Junction Box (CJB),higher option content,,"under dash panel, LH-side",,18,A2,,,,,,
EXP,Central Junction Box (CJB),higher option content,,"under dash panel, LH-side",,18,A2,,,,,,
EXP,Central Junction Box (CJB),higher option content,,"under dash panel, LH-side",,18,A2,,,,,,
EXP,Central Junction Box (CJB),higher option content,,"under dash panel, LH-side",,18,A2,,,,,,
EXP,Central Junction Box (CJB),higher option content,,"under dash panel, LH-side",,17,F2,,,,,,
EXP,Central Junction Box (CJB),higher option content,,"under dash panel, LH-side",,17,F2,,,,,,
EXP,Central Junction Box (CJB),higher option content,,"under dash panel, LH-side",,17,F2,,,,,,
EXP,Central Junction Box (CJB),lower option content,,"under dash panel, LH-side",,17,F2,,,,,,
EXP,Central Junction Box (CJB),lower option content,,"under dash panel, LH-side",,17,F2,,,,,,
EXP,Central Junction Box (CJB),lower option content,,"under dash panel, LH-side",,17,F2,,,,,,
EXP,Central Junction Box (CJB),lower option content,,"under dash panel, LH-side",,17,F2,,,,,,
EXP,Central Junction Box (CJB),"Headlamps, higher option content",,"under dash panel, LH-side",,18,A2,,,,,,
EXP,Central Junction Box (CJB),"Headlamps, higher option content",,"under dash panel, LH-side",,17,F2,,,,,,
EXP,Central Junction Box (CJB),"Headlamps, lower option content",,"under dash panel, LH-side",,18,A2,,,,,,
EXP,Central Junction Box (CJB),"Headlamps, lower option content",,"under dash panel, LH-side",,17,F2,,,,,,
EXP,Central Junction Box (CJB),Duratec-VE,,"under dash panel, LH-side",,18,A2,,,,,,
EXP,Central Junction Box (CJB),Duratec-VE,,"under dash panel, LH-side",,18,A2,,,,,,
EXP,Central Junction Box (CJB),Duratec-VE,,"under dash panel, LH-side",,17,F2,,,,,,
EXP,Central Junction Box (CJB),Duratec-VE,,"under dash panel, LH-side",,17,F2,,,,,,
EXP,Central Junction Box (CJB),"Data Link Connector, pins 4, 5 and 16",,"under dash panel, LH-side",,18,A2,,,,,,
EXP,Central Junction Box (CJB),"Data Link Connector, pins 4, 5 and 16",,"under dash panel, LH-side",,17,F2,,,,,,
EXP,Central Junction Box (CJB),ZETEC-VCT manual transmission,,"under dash panel, LH-side",,18,A2,,,,,,
EXP,Central Junction Box (CJB),ZETEC-VCT manual transmission,,"under dash panel, LH-side",,17,F2,,,,,,
EXP,Central Junction Box (CJB),Overspeed warning manual transmission,,"under dash panel, LH-side",,18,A2,,,,,,
EXP,Central Junction Box (CJB),Overspeed warning manual transmission,,"under dash panel, LH-side",,17,F2,,,,,,
EXP,Central Junction Box (CJB),,,"under dash panel, LH-side",,18,A2,,,,,,
EXP,Central Junction Box (CJB),,,"under dash panel, LH-side",,18,A2,,,,,,
EXP,Central Junction Box (CJB),,,"under dash panel, LH-side",,18,A2,,,,,,
EXP,Central Junction Box (CJB),,,"under dash panel, LH-side",,18,A2,,,,,,
EXP,Central Junction Box (CJB),,,"under dash panel, LH-side",,18,A2,,,,,,
EXP,Central Junction Box (CJB),,,"under dash panel, LH-side",,18,A2,,,,,,
EXP,Central Junction Box (CJB),,,"under dash panel, LH-side",,18,A2,,,,,,
EXP,Central Junction Box (CJB),,,"under dash panel, LH-side",,18,A2,,,,,,
EXP,Central Junction Box (CJB),,,"under dash panel, LH-side",,18,A2,,,,,,
EXP,Central Junction Box (CJB),,,"under dash panel, LH-side",,17,F2,,,,,,
EXP,Central Junction Box (CJB),,,"under dash panel, LH-side",,17,F2,,,,,,
EXP,Central Junction Box (CJB),,,"under dash panel, LH-side",,17,F2,,,,,,
EXP,Central Junction Box (CJB),,,"under dash panel, LH-side",,17,F2,,,,,,
EXP,Central Junction Box (CJB),,,"under dash panel, LH-side",,17,F2,,,,,,
EXP,Central Junction Box (CJB),,,"under dash panel, LH-side",,17,F2,,,,,,
EXP,Central Junction Box (CJB),,,"under dash panel, LH-side",,17,F2,,,,,,
EXP,Central Junction Box (CJB),,,"under dash panel, LH-side",,17,F2,,,,,,
EXP,Central Junction Box (CJB),,,"under dash panel, LH-side",,17,F2,,,,,,
EXP,Central Junction Box (CJB),,,"under dash panel, LH-side",,17,F2,,,,,,
EXP,Central Junction Box (CJB),,,"under dash panel, LH-side",,17,F2,,,,,,
EXP,Central Junction Box (CJB),,,"under dash panel, LH-side",,17,F2,,,,,,
EXP,Central Junction Box (CJB),,,"under dash panel, LH-side",,17,F2,,,,,,
EXP,Battery Junction Box (BJB),ZETEC-VCT without air conditioning,,"engine compartment, LH-side",,16,A3,,,,,,
EXP,Battery Junction Box (BJB),higher option content,,"engine compartment, LH-side",,15,F1,,,,,,
EXP,Battery Junction Box (BJB),Fog lamps,,"engine compartment, LH-side",,16,A3,,,,,,
EXP,Battery Junction Box (BJB),Fog lamps,,"engine compartment, LH-side",,15,F1,,,,,,
EXP,Battery Junction Box (BJB),Licence plate lamps,,"engine compartment, LH-side",,16,A3,,,,,,
EXP,Battery Junction Box (BJB),Licence plate lamps,,"engine compartment, LH-side",,15,F1,,,,,,
EXP,Battery Junction Box (BJB),Parking Lamps,,"engine compartment, LH-side",,16,A3,,,,,,
EXP,Battery Junction Box (BJB),Parking Lamps,,"engine compartment, LH-side",,15,F1,,,,,,
EXP,Battery Junction Box (BJB),lower option content,,"engine compartment, LH-side",,16,A3,,,,,,
EXP,Battery Junction Box (BJB),lower option content,,"engine compartment, LH-side",,15,F1,,,,,,
EXP,Battery Junction Box (BJB),"Headlamps, higher option content",,"engine compartment, LH-side",,16,A3,,,,,,
EXP,Battery Junction Box (BJB),"Headlamps, higher option content",,"engine compartment, LH-side",,16,A3,,,,,,
EXP,Battery Junction Box (BJB),"Headlamps, higher option content",,"engine compartment, LH-side",,15,F1,,,,,,
EXP,Battery Junction Box (BJB),"Headlamps, higher option content",,"engine compartment, LH-side",,15,F1,,,,,,
EXP,Battery Junction Box (BJB),"Headlamps, lower option content",,"engine compartment, LH-side",,16,A3,,,,,,
EXP,Battery Junction Box (BJB),"Headlamps, lower option content",,"engine compartment, LH-side",,16,A3,,,,,,
EXP,Battery Junction Box (BJB),"Headlamps, lower option content",,"engine compartment, LH-side",,15,F1,,,,,,
EXP,Battery Junction Box (BJB),"Headlamps, lower option content",,"engine compartment, LH-side",,15,F1,,,,,,
EXP,Battery Junction Box (BJB),Duratec-VE,,"engine compartment, LH-side",,16,A3,,,,,,
EXP,Battery Junction Box (BJB),,,"engine compartment, LH-side",,15,F1,,,,,,
EXP,Battery Junction Box (BJB),,,"engine compartment, LH-side",,15,F1,,,,,,
EXP,Battery Junction Box (BJB),,,"engine compartment, LH-side",,15,F1,,,,,,
EXP,Battery Junction Box (BJB),,,"engine compartment, LH-side",,15,F1,,,,,,
EXP,Battery Junction Box (BJB),,,"engine compartment, LH-side",,15,F1,,,,,,
EXP,Spark plugs,Duratec-VE,,cylinder head,,,,,,,,,
EXP,Spark plugs,ZETEC-VCT,,cylinder head,,,,,,,,,
EXP,Rear window defrost grid,,,rear window,,12,E4,,,,,,
EXP,Rear window defrost grid,,,rear window,,12,E4,,,,,,
EXP,Rear window defrost grid,,,rear window,,11,C5,,,,,,
EXP,Rear window defrost grid,,,rear window,,11,C5,,,,,,
EXP,Heater blower series resistor,,,"behind dash panel, center, near air conditioning/heating control unit",,21,D2,,,,,,
EXP,Heater blower series resistor,,,"behind dash panel, center, near air conditioning/heating control unit",,21,D2,,,,,,
EXP,Heater blower series resistor,,,"behind dash panel, center, near air conditioning/heating control unit",,20,B5,,,,,,
EXP,Heater blower series resistor,,,"behind dash panel, center, near air conditioning/heating control unit",,20,B5,,,,,,
EXP,Temperature door variable resistor,,,"dash panel, center",,20,D5,,,,,,
EXP,Engine cooling fan resistor,ZETEC-VCT without air conditioning,,"engine compartment, front, center",,4,C2,,,,,,
EXP,Engine cooling fan resistor,ZETEC-VCT without air conditioning,,"engine compartment, front, center",,3,C2,,,,,,
EXP,Engine cooling fan resistor,Duratec-VE without air conditioning,,"engine compartment, front, center",,3,C2,,,,,,
EXP,Engine cooling fan resistor,Duratec-VE with air conditioning,,"engine compartment, front, center",,3,C2,,,,,,
EXP,Ignition transformer capacitor,ZETEC-VCT,,cylinder head,,29,E3,,,,,,
EXP,Ignition transformer capacitor,ZETEC-VCT,,cylinder head,,28,E4,,,,,,
EXP,Ignition transformer capacitor,ZETEC-VCT,,cylinder head,,28,E4,,,,,,
EXP,A/C Compressor clutch diode,Duratec-VE with air conditioning ZETEC-VCT,,"engine compartment, front, center",,4,D2,,,,,,
EXP,A/C Compressor clutch diode,Duratec-VE with air conditioning ZETEC-VCT,,"engine compartment, front, center",,4,D2,,,,,,
EXP,A/C Compressor clutch diode,Duratec-VE with air conditioning ZETEC-VCT,,"engine compartment, front, center",,3,E2,,,,,,
EXP,A/C Compressor clutch diode,Duratec-VE with air conditioning ZETEC-VCT,,"engine compartment, front, center",,3,E2,,,,,,
EXP,A/C Compressor clutch diode,,,"engine compartment, front, center",,4,D2,,,,,,
EXP,A/C Compressor clutch diode,,,"engine compartment, front, center",,4,D2,,,,,,
EXP,A/C Compressor clutch diode,,,"engine compartment, front, center",,3,E2,,,,,,
EXP,A/C Compressor clutch diode,,,"engine compartment, front, center",,3,E2,,,,,,
EXP,Starter relay diode,,,in Battery Junction Box (BJB),,15,D5,,,,,,
EXP,Ignition relay diode,,,in Central Junction Box (CJB),,,,,,,,,
EXP,High beam blocking diode,"Headlamps, higher option content",,"behind dash panel, LH-side",,,,,,,,,
EXP,High beam blocking diode,,,"behind dash panel, LH-side",,,,,,,,,
EXP,Low beam blocking diode,higher option content,,"behind dash panel, LH-side",,,,,,,,,
EXP,Low beam blocking diode,"Headlamps, higher option content",,"behind dash panel, LH-side",,,,,,,,,
EXP,Low beam blocking diode,,,"behind dash panel, LH-side",,,,,,,,,
EXP,Canister purge solenoid valve,Duratec-VE,,"engine compartment, front, RH-side",,1,D2,,,,,,
EXP,Canister purge solenoid valve,Duratec-VE manual transmission,,"engine compartment, front, RH-side",,1,D2,,,,,,
EXP,"Speaker, right rear",with amplifier,,"in rear, RH-side, behind trim panel",,26,A3,,,,,,
EXP,"Speaker, right rear",,,"in rear, RH-side, behind trim panel",,26,A3,,,,,,
EXP,"Speaker, left front",with amplifier,,in bottom of LH front door,,25,C1,,,,,,
EXP,"Speaker, left front",,,in bottom of LH front door,,25,C1,,,,,,
EXP,Key removal inhibit solenoid,automatic transmission,,on steering column,,,,,,,,,
EXP,Key removal inhibit solenoid,,,on steering column,,,,,,,,,
EXP,Electr. Vacuum Regulator (EVR) solenoid valve,Duratec-VE,,"engine, rear",,32,E5,,,,,,
EXP,Electr. Vacuum Regulator (EVR) solenoid valve,Duratec-VE,,"engine, rear",,32,E5,,,,,,
EXP,Electr. Vacuum Regulator (EVR) solenoid valve,Duratec-VE,,"engine, rear",,31,E5,,,,,,
EXP,Electr. Vacuum Regulator (EVR) solenoid valve,Duratec-VE,,"engine, rear",,31,E5,,,,,,
EXP,Electr. Vacuum Regulator (EVR) solenoid valve,Duratec-VE manual transmission,,"engine, rear",,31,E5,,,,,,
EXP,Electr. Vacuum Regulator (EVR) solenoid valve,Duratec-VE automatic transmission,,"engine, rear",,32,E5,,,,,,
EXP,Electr. Vacuum Regulator (EVR) solenoid valve,Duratec-VE automatic transmission,,"engine, rear",,32,E5,,,,,,
EXP,Injector 1,Duratec-VE,,cylinder head,,32,E5,,,,,,
EXP,Injector 1,Duratec-VE,,cylinder head,,32,E5,,,,,,
EXP,Injector 1,Duratec-VE,,cylinder head,,31,D5,,,,,,
EXP,Injector 1,Duratec-VE,,cylinder head,,31,D5,,,,,,
EXP,Injector 1,ZETEC-VCT manual transmission,,cylinder head,,30,D5,,,,,,
EXP,Injector 1,ZETEC-VCT automatic transmission,,cylinder head,,30,D5,,,,,,
EXP,Injector 1,ZETEC-VCT,,cylinder head,,30,D5,,,,,,
EXP,Injector 2,Duratec-VE,,cylinder head,,32,D5,,,,,,
EXP,Injector 2,Duratec-VE,,cylinder head,,32,D5,,,,,,
EXP,Injector 2,Duratec-VE,,cylinder head,,31,D5,,,,,,
EXP,Camshaft timing actuator,ZETEC-VCT,,"engine, top",,30,E5,,,,,,
EXP,Camshaft timing actuator,ZETEC-VCT,,"engine, top",,30,E5,,,,,,
EXP,Camshaft timing actuator,ZETEC-VCT,,"engine, top",,30,E5,,,,,,
EXP,Camshaft timing actuator,ZETEC-VCT,,"engine, top",,29,A5,,,,,,
EXP,Camshaft timing actuator,ZETEC-VCT,,"engine, top",,29,A5,,,,,,
EXP,Camshaft timing actuator,ZETEC-VCT,,"engine, top",,29,A5,,,,,,
EXP,Camshaft timing actuator,ZETEC-VCT,,"engine, top",,28,A5,,,,,,
EXP,Camshaft timing actuator,ZETEC-VCT,,"engine, top",,28,A5,,,,,,
EXP,Camshaft timing actuator,ZETEC-VCT,,"engine, top",,28,A5,,,,,,
EXP,Evaporative emission (EVAP) canister vent valve,Duratec-VE,,"under luggage compartment floor lining, center",,12,C2,,,,,,
EXP,Evaporative emission (EVAP) canister vent valve,Duratec-VE,,"under luggage compartment floor lining, center",,12,C2,,,,,,
EXP,Evaporative emission (EVAP) canister vent valve,Duratec-VE,,"under luggage compartment floor lining, center",,11,E1,,,,,,
EXP,Evaporative emission (EVAP) canister vent valve,Duratec-VE,,"under luggage compartment floor lining, center",,11,E1,,,,,,
EXP,Evaporative emission (EVAP) canister vent valve,Duratec-VE manual transmission,,"under luggage compartment floor lining, center",,12,C2,,,,,,
EXP,Evaporative emission (EVAP) canister vent valve,Duratec-VE manual transmission,,"under luggage compartment floor lining, center",,12,C2,,,,,,
EXP,Evaporative emission (EVAP) canister vent valve,Duratec-VE manual transmission,,"under luggage compartment floor lining, center",,11,E1,,,,,,
EXP,Evaporative emission (EVAP) canister vent valve,Duratec-VE manual transmission,,"under luggage compartment floor lining, center",,11,E1,,,,,,
EXP,Evaporative emission (EVAP) canister vent valve,ZETEC-VCT manual transmission,,"under luggage compartment floor lining, center",,12,C2,,,,,,
EXP,Central Junction Box (CJB),higher option content,,"under dash panel, LH-side",,17,F2,,,,,,
EXP,Central Junction Box (CJB),higher option content,,"under dash panel, LH-side",,17,F2,,,,,,
EXP,Central Junction Box (CJB),Stop Lamps,,"under dash panel, LH-side",,18,A2,,,,,,
EXP,Central Junction Box (CJB),Stop Lamps,,"under dash panel, LH-side",,17,F2,,,,,,
EXP,Central Junction Box (CJB),Fog lamps,,"under dash panel, LH-side",,18,A2,,,,,,
EXP,Central Junction Box (CJB),Fog lamps,,"under dash panel, LH-side",,17,F2,,,,,,
EXP,Central Junction Box (CJB),Licence plate lamps,,"under dash panel, LH-side",,18,A2,,,,,,
EXP,Central Junction Box (CJB),Licence plate lamps,,"under dash panel, LH-side",,18,A2,,,,,,
EXP,Central Junction Box (CJB),Licence plate lamps,,"under dash panel, LH-side",,17,F2,,,,,,
EXP,Central Junction Box (CJB),Licence plate lamps,,"under dash panel, LH-side",,17,F2,,,,,,
EXP,Central Junction Box (CJB),Parking Lamps,,"under dash panel, LH-side",,18,A2,,,,,,
EXP,Central Junction Box (CJB),Parking Lamps,,"under dash panel, LH-side",,18,A2,,,,,,
EXP,Central Junction Box (CJB),Parking Lamps,,"under dash panel, LH-side",,17,F2,,,,,,
EXP,Central Junction Box (CJB),Parking Lamps,,"under dash panel, LH-side",,17,F2,,,,,,
EXP,Central Junction Box (CJB),lower option content,,"under dash panel, LH-side",,18,A2,,,,,,
EXP,Central Junction Box (CJB),lower option content,,"under dash panel, LH-side",,18,A2,,,,,,
EXP,Central Junction Box (CJB),lower option content,,"under dash panel, LH-side",,18,A2,,,,,,
EXP,Central Junction Box (CJB),lower option content,,"under dash panel, LH-side",,18,A2,,,,,,
EXP,Central Junction Box (CJB),lower option content,,"under dash panel, LH-side",,18,A2,,,,,,
EXP,Central Junction Box (CJB),lower option content,,"under dash panel, LH-side",,17,F2,,,,,,
EXP,Central Junction Box (CJB),Power Operated Antenna,,"under dash panel, LH-side",,18,A2,,,,,,
EXP,Central Junction Box (CJB),Power Operated Antenna,,"under dash panel, LH-side",,18,A2,,,,,,
EXP,Central Junction Box (CJB),Power Operated Antenna,,"under dash panel, LH-side",,18,A2,,,,,,
EXP,Central Junction Box (CJB),Power Operated Antenna,,"under dash panel, LH-side",,17,F2,,,,,,
EXP,Central Junction Box (CJB),Power Operated Antenna,,"under dash panel, LH-side",,17,F2,,,,,,
EXP,Central Junction Box (CJB),Power Operated Antenna,,"under dash panel, LH-side",,17,F2,,,,,,
EXP,Central Junction Box (CJB),ZETEC-VCT automatic transmission,,"under dash panel, LH-side",,18,A2,,,,,,
EXP,Central Junction Box (CJB),ZETEC-VCT automatic transmission,,"under dash panel, LH-side",,17,F2,,,,,,
EXP,Central Junction Box (CJB),without fixed intermittent wipe,,"under dash panel, LH-side",,18,A2,,,,,,
EXP,Central Junction Box (CJB),without fixed intermittent wipe,,"under dash panel, LH-side",,18,A2,,,,,,
EXP,Central Junction Box (CJB),without fixed intermittent wipe,,"under dash panel, LH-side",,17,F2,,,,,,
EXP,Central Junction Box (CJB),without fixed intermittent wipe,,"under dash panel, LH-side",,17,F2,,,,,,
EXP,Central Junction Box (CJB),ZETEC-VCT,,"under dash panel, LH-side",,18,A2,,,,,,
EXP,Central Junction Box (CJB),ZETEC-VCT,,"under dash panel, LH-side",,18,A2,,,,,,
EXP,Central Junction Box (CJB),ZETEC-VCT,,"under dash panel, LH-side",,17,F2,,,,,,
EXP,Central Junction Box (CJB),ZETEC-VCT,,"under dash panel, LH-side",,17,F2,,,,,,
EXP,Central Junction Box (CJB),,,"under dash panel, LH-side",,18,A2,,,,,,
EXP,Central Junction Box (CJB),,,"under dash panel, LH-side",,18,A2,,,,,,
EXP,Central Junction Box (CJB),,,"under dash panel, LH-side",,18,A2,,,,,,
EXP,Central Junction Box (CJB),,,"under dash panel, LH-side",,18,A2,,,,,,
EXP,Battery Junction Box (BJB),ZETEC-VCT without air conditioning,,"engine compartment, LH-side",,15,F1,,,,,,
EXP,Battery Junction Box (BJB),Duratec-VE without air conditioning,,"engine compartment, LH-side",,16,A3,,,,,,
EXP,Battery Junction Box (BJB),Duratec-VE without air conditioning,,"engine compartment, LH-side",,15,F1,,,,,,
EXP,Battery Junction Box (BJB),Lights-ON-warning,,"engine compartment, LH-side",,16,A3,,,,,,
EXP,Battery Junction Box (BJB),Lights-ON-warning,,"engine compartment, LH-side",,15,F1,,,,,,
EXP,Battery Junction Box (BJB),with speed control,,"engine compartment, LH-side",,16,A3,,,,,,
EXP,Battery Junction Box (BJB),with speed control,,"engine compartment, LH-side",,15,F1,,,,,,
EXP,Battery Junction Box (BJB),Duratec-VE with air conditioning,,"engine compartment, LH-side",,16,A3,,,,,,
EXP,Battery Junction Box (BJB),Duratec-VE with air conditioning,,"engine compartment, LH-side",,15,F1,,,,,,
EXP,Battery Junction Box (BJB),ZETEC-VCT with air conditioning,,"engine compartment, LH-side",,16,A3,,,,,,
EXP,Battery Junction Box (BJB),ZETEC-VCT with air conditioning,,"engine compartment, LH-side",,15,F1,,,,,,
EXP,Battery Junction Box (BJB),Turn Signal and Hazard Lamps,,"engine compartment, LH-side",,16,A3,,,,,,
EXP,Battery Junction Box (BJB),Turn Signal and Hazard Lamps,,"engine compartment, LH-side",,15,F1,,,,,,
EXP,Battery Junction Box (BJB),without speed control,,"engine compartment, LH-side",,16,A3,,,,,,
EXP,Battery Junction Box (BJB),without speed control,,"engine compartment, LH-side",,15,F1,,,,,,
EXP,Battery Junction Box (BJB),with Bosch 5.3 ABS,,"engine compartment, LH-side",,16,A3,,,,,,
EXP,Battery Junction Box (BJB),with Bosch 5.3 ABS,,"engine compartment, LH-side",,15,F1,,,,,,
EXP,Battery Junction Box (BJB),higher option content,,"engine compartment, LH-side",,16,A3,,,,,,
EXP,Battery Junction Box (BJB),Duratec-VE,,"engine compartment, LH-side",,16,A3,,,,,,
EXP,Battery Junction Box (BJB),Duratec-VE,,"engine compartment, LH-side",,15,F1,,,,,,
EXP,Battery Junction Box (BJB),Duratec-VE,,"engine compartment, LH-side",,15,F1,,,,,,
EXP,Battery Junction Box (BJB),Duratec-VE manual transmission,,"engine compartment, LH-side",,16,A3,,,,,,
EXP,Battery Junction Box (BJB),Duratec-VE manual transmission,,"engine compartment, LH-side",,15,F1,,,,,,
EXP,Battery Junction Box (BJB),ZETEC-VCT manual transmission,,"engine compartment, LH-side",,16,A3,,,,,,
EXP,Battery Junction Box (BJB),ZETEC-VCT manual transmission,,"engine compartment, LH-side",,15,F1,,,,,,
EXP,Battery Junction Box (BJB),Duratec-VE automatic transmission,,"engine compartment, LH-side",,16,A3,,,,,,
EXP,Battery Junction Box (BJB),Duratec-VE automatic transmission,,"engine compartment, LH-side",,15,F1,,,,,,
EXP,Battery Junction Box (BJB),ZETEC-VCT automatic transmission,,"engine compartment, LH-side",,16,A3,,,,,,
EXP,Battery Junction Box (BJB),ZETEC-VCT automatic transmission,,"engine compartment, LH-side",,15,F1,,,,,,
EXP,Battery Junction Box (BJB),ZETEC-VCT,,"engine compartment, LH-side",,16,A3,,,,,,
EXP,Battery Junction Box (BJB),ZETEC-VCT,,"engine compartment, LH-side",,16,A3,,,,,,
EXP,Battery Junction Box (BJB),ZETEC-VCT,,"engine compartment, LH-side",,15,F1,,,,,,
EXP,Battery Junction Box (BJB),ZETEC-VCT,,"engine compartment, LH-side",,15,F1,,,,,,
EXP,Battery Junction Box (BJB),,,"engine compartment, LH-side",,16,A3,,,,,,
EXP,Battery Junction Box (BJB),,,"engine compartment, LH-side",,16,A3,,,,,,
EXP,Battery Junction Box (BJB),,,"engine compartment, LH-side",,16,A3,,,,,,
EXP,Battery Junction Box (BJB),,,"engine compartment, LH-side",,16,A3,,,,,,
EXP,Battery Junction Box (BJB),,,"engine compartment, LH-side",,16,A3,,,,,,
EXP,Engine cooling fan resistor,ZETEC-VCT with air conditioning,,"engine compartment, front, center",,4,C2,,,,,,
EXP,Engine cooling fan resistor,ZETEC-VCT with air conditioning,,"engine compartment, front, center",,4,C2,,,,,,
EXP,Engine cooling fan resistor,ZETEC-VCT with air conditioning,,"engine compartment, front, center",,3,C2,,,,,,
EXP,Engine cooling fan resistor,ZETEC-VCT with air conditioning,,"engine compartment, front, center",,3,C2,,,,,,
EXP,Engine cooling fan resistor,,,"engine compartment, front, center, ZETEC-VCT",,4,C2,,,,,,
EXP,Engine cooling fan resistor,,,"engine compartment, front, center, ZETEC-VCT",,4,C2,,,,,,
EXP,Engine cooling fan resistor,,,"engine compartment, front, center",,3,C2,,,,,,
EXP,Engine cooling fan resistor,,,"engine compartment, front, center",,3,C2,,,,,,
EXP,Front cigar lighter,,,"dash panel, center",,20,C2,,,,,,
EXP,Resistor,with high mounted stop lamp in rear spoiler,,under parcel shelf,,,,,,,,,
EXP,Resistor,"Stop Lamps, higher option content, with high mounted stop lamp in rear spoiler",,under parcel shelf,,,,,,,,,
EXP,Ignition transformer,Duratec-VE,,cylinder head,,32,F5,,,,,,
EXP,Ignition transformer,Duratec-VE,,cylinder head,,32,F5,,,,,,
EXP,Ignition transformer,Duratec-VE,,cylinder head,,31,F4,,,,,,
EXP,Ignition transformer,Duratec-VE,,cylinder head,,31,F4,,,,,,
EXP,Ignition transformer,ZETEC-VCT,,cylinder head,,28,E2,,,,,,
EXP,Ignition transformer capacitor,Duratec-VE,,cylinder head,,32,F4,,,,,,
EXP,Ignition transformer capacitor,Duratec-VE,,cylinder head,,32,F4,,,,,,
EXP,Ignition transformer capacitor,Duratec-VE,,cylinder head,,31,F4,,,,,,
EXP,Ignition transformer capacitor,Duratec-VE,,cylinder head,,31,F4,,,,,,
EXP,Ignition transformer capacitor,ZETEC-VCT,,cylinder head,,29,E3,,,,,,
EXP,Canister purge solenoid valve,ZETEC-VCT manual transmission,,"engine compartment, front, RH-side",,1,D2,,,,,,
EXP,Canister purge solenoid valve,Duratec-VE automatic transmission,,"engine compartment, front, RH-side",,1,D2,,,,,,
EXP,Canister purge solenoid valve,ZETEC-VCT automatic transmission,,"engine compartment, front, RH-side",,1,D2,,,,,,
EXP,Idle speed control valve,Duratec-VE,,"engine, rear",,31,E5,,,,,,
EXP,Idle speed control valve,ZETEC-VCT manual transmission,,"engine, rear",,30,B2,,,,,,
EXP,Idle speed control valve,ZETEC-VCT automatic transmission,,"engine, rear",,30,B2,,,,,,
EXP,Idle speed control valve,ZETEC-VCT,,"engine, rear",,30,B2,,,,,,
EXP,A/C Compressor clutch,Duratec-VE with air conditioning ZETEC-VCT,,"engine compartment, front, center",,4,F2,,,,,,
EXP,A/C Compressor clutch,Duratec-VE with air conditioning ZETEC-VCT,,"engine compartment, front, center",,4,F2,,,,,,
EXP,A/C Compressor clutch,Duratec-VE with air conditioning ZETEC-VCT,,"engine compartment, front, center",,3,E2,,,,,,
EXP,A/C Compressor clutch,Duratec-VE with air conditioning ZETEC-VCT,,"engine compartment, front, center",,3,E2,,,,,,
EXP,A/C Compressor clutch,,,"engine compartment, front, center, ZETEC-VCT",,4,F2,,,,,,
EXP,A/C Compressor clutch,,,"engine compartment, front, center, ZETEC-VCT",,4,F2,,,,,,
EXP,A/C Compressor clutch,,,"engine compartment, front, center",,3,E2,,,,,,
EXP,A/C Compressor clutch,,,"engine compartment, front, center",,3,E2,,,,,,
EXP,"Speaker, left rear",with amplifier,,"in rear, LH-side, behind trim panel",,26,A3,,,,,,
EXP,"Speaker, left rear",,,"in rear, LH-side, behind trim panel",,26,A3,,,,,,
EXP,"Speaker, right front",with amplifier,,in bottom of RH front door,,,,,,,,,
EXP,"Speaker, right front",,,in bottom of RH front door,,,,,,,,,
EXP,Injector 2,Duratec-VE,,cylinder head,,31,D5,,,,,,
EXP,Injector 2,ZETEC-VCT manual transmission,,cylinder head,,30,C5,,,,,,
EXP,Injector 2,ZETEC-VCT automatic transmission,,cylinder head,,30,C5,,,,,,
EXP,Injector 2,ZETEC-VCT,,cylinder head,,30,C5,,,,,,
EXP,Injector 3,Duratec-VE,,cylinder head,,32,D5,,,,,,
EXP,Injector 3,Duratec-VE,,cylinder head,,32,D5,,,,,,
EXP,Injector 3,Duratec-VE,,cylinder head,,31,C5,,,,,,
EXP,Injector 3,Duratec-VE,,cylinder head,,31,C5,,,,,,
EXP,Injector 3,ZETEC-VCT manual transmission,,cylinder head,,30,C5,,,,,,
EXP,Injector 3,ZETEC-VCT automatic transmission,,cylinder head,,30,C5,,,,,,
EXP,Injector 3,ZETEC-VCT,,cylinder head,,30,C5,,,,,,
EXP,Injector 4,Duratec-VE,,cylinder head,,,,,,,,,
EXP,Injector 4,ZETEC-VCT manual transmission,,cylinder head,,30,B5,,,,,,
EXP,Injector 4,ZETEC-VCT automatic transmission,,cylinder head,,30,B5,,,,,,
EXP,Injector 4,ZETEC-VCT,,cylinder head,,30,B5,,,,,,
EXP,Injector 5,Duratec-VE,,cylinder head,,,,,,,,,
EXP,Injector 6,Duratec-VE,,cylinder head,,,,,,,,,
EXP,Camshaft timing actuator,ZETEC-VCT manual transmission,,"engine, top",,30,E5,,,,,,
EXP,Camshaft timing actuator,ZETEC-VCT manual transmission,,"engine, top",,30,E5,,,,,,
EXP,Camshaft timing actuator,ZETEC-VCT manual transmission,,"engine, top",,28,A5,,,,,,
EXP,Camshaft timing actuator,ZETEC-VCT manual transmission,,"engine, top",,28,A5,,,,,,
EXP,Camshaft timing actuator,ZETEC-VCT automatic transmission,,"engine, top",,30,E5,,,,,,
EXP,Camshaft timing actuator,ZETEC-VCT automatic transmission,,"engine, top",,30,E5,,,,,,
EXP,Camshaft timing actuator,ZETEC-VCT automatic transmission,,"engine, top",,29,A5,,,,,,
EXP,Camshaft timing actuator,ZETEC-VCT automatic transmission,,"engine, top",,29,A5,,,,,,
EXP,Evaporative emission (EVAP) canister vent valve,ZETEC-VCT manual transmission,,"under luggage compartment floor lining, center",,12,C2,,,,,,
EXP,Evaporative emission (EVAP) canister vent valve,ZETEC-VCT manual transmission,,"under luggage compartment floor lining, center",,11,E1,,,,,,
EXP,Evaporative emission (EVAP) canister vent valve,ZETEC-VCT manual transmission,,"under luggage compartment floor lining, center",,11,E1,,,,,,
EXP,Evaporative emission (EVAP) canister vent valve,Duratec-VE automatic transmission,,"under luggage compartment floor lining, center",,12,C2,,,,,,
EXP,Evaporative emission (EVAP) canister vent valve,Duratec-VE automatic transmission,,"under luggage compartment floor lining, center",,12,C2,,,,,,
EXP,Evaporative emission (EVAP) canister vent valve,Duratec-VE automatic transmission,,"under luggage compartment floor lining, center",,11,E1,,,,,,
EXP,Evaporative emission (EVAP) canister vent valve,Duratec-VE automatic transmission,,"under luggage compartment floor lining, center",,11,E1,,,,,,
EXP,Evaporative emission (EVAP) canister vent valve,ZETEC-VCT automatic transmission,,"under luggage compartment floor lining, center",,12,C2,,,,,,
EXP,Evaporative emission (EVAP) canister vent valve,ZETEC-VCT automatic transmission,,"under luggage compartment floor lining, center",,12,C2,,,,,,
EXP,Evaporative emission (EVAP) canister vent valve,ZETEC-VCT automatic transmission,,"under luggage compartment floor lining, center",,11,E1,,,,,,
EXP,Evaporative emission (EVAP) canister vent valve,ZETEC-VCT automatic transmission,,"under luggage compartment floor lining, center",,11,E1,,,,,,
