EVTM,CELL,PAGE,NAME,QUALIFIER,REFCELL,REFPAGE,CARROT,PAGEID1,PAGEID2,ITEMID_,CELLID2
EWH,013,025,#1 Coil On Plug (COP),3.4L SHO,026,008,,,,,
EWH,021,003,#1 Coil On Plug (COP),3.4L SHO,026,008,,,,,
EWH,013,025,#2 Coil On Plug (COP),3.4L SHO,026,008,,,,,
EWH,021,003,#2 Coil On Plug (COP),3.4L SHO,026,008,,,,,
EWH,013,025,#3 Coil On Plug (COP),3.4L SHO,026,008,,,,,
EWH,021,003,#3 Coil On Plug (COP),3.4L SHO,026,008,,,,,
EWH,013,025,#4 Coil On Plug (COP),3.4L SHO,026,008,,,,,
EWH,021,003,#4 Coil On Plug (COP),3.4L SHO,026,008,,,,,
EWH,013,025,#5 Coil On Plug (COP),3.4L SHO,026,008,,,,,
EWH,021,003,#5 Coil On Plug (COP),3.4L SHO,026,008,,,,,
EWH,013,025,#6 Coil On Plug (COP),3.4L SHO,026,008,,,,,
EWH,021,003,#6 Coil On Plug (COP),3.4L SHO,026,008,,,,,
EWH,013,025,#7 Coil On Plug (COP),3.4L SHO,026,008,,,,,
EWH,021,003,#7 Coil On Plug (COP),3.4L SHO,026,008,,,,,
EWH,013,025,#8 Coil On Plug (COP),3.4L SHO,026,008,,,,,
EWH,021,003,#8 Coil On Plug (COP),3.4L SHO,026,008,,,,,
EWH,010,003,A/C Clutch Field Coil,3.0L 2V,023,001,,,,,
EWH,010,003,A/C Clutch Field Coil,3.0L 4V,024,001,,,,,
EWH,010,003,A/C Clutch Field Coil,3.0L 2V FFV,025,001,,,,,
EWH,010,003,A/C Clutch Field Coil,3.4L SHO,026,001,,,,,
EWH,010,005,A/C Clutch Field Coil,3.0L 2V,033,001,,,,,
EWH,010,005,A/C Clutch Field Coil,3.0L 4V,033,001,,,,,
EWH,010,005,A/C Clutch Field Coil,3.0L 2V FFV,033,001,,,,,
EWH,010,005,A/C Clutch Field Coil,3.4L SHO,033,001,,,,,
EWH,010,005,A/C Clutch Relay,,033,001,,,,,
EWH,013,003,A/C Clutch Relay,,054,003,,,,,
EWH,010,003,A/C High Pressure Switch,3.0L 2V,054,002,,,,,
EWH,010,003,A/C High Pressure Switch,3.0L 4V,054,002,,,,,
EWH,010,003,A/C High Pressure Switch,3.0L 2V FFV,054,002,,,,,
EWH,010,003,A/C High Pressure Switch,3.4L SHO,054,002,,,,,
EWH,023,004,A/C High Pressure Switch,3.0L 2V,054,002,,,,,
EWH,023,004,A/C High Pressure Switch,3.0L 2V,055,002,,,,,
EWH,025,004,A/C High Pressure Switch,3.0L 2V FFV,054,002,,,,,
EWH,025,004,A/C High Pressure Switch,3.0L 2V FFV,055,002,,,,,
EWH,029,003,A/C High Pressure Switch,3.0L 2V,054,002,,,,,
EWH,029,003,A/C High Pressure Switch,3.0L 2V FFV,054,002,,,,,
EWH,029,003,A/C High Pressure Switch,3.0L 4V,054,002,,,,,
EWH,029,003,A/C High Pressure Switch,3.4L SHO,054,002,,,,,
EWH,029,003,A/C High Pressure Switch,3.0L 2V,055,002,,,,,
EWH,029,003,A/C High Pressure Switch,3.0L 2V FFV,055,002,,,,,
EWH,029,003,A/C High Pressure Switch,3.0L 4V,055,002,,,,,
EWH,029,003,A/C High Pressure Switch,3.4L SHO,055,002,,,,,
EWH,059,004,Accessory Delay Relay,,013,019,,,,,
EWH,071,001,Accessory Delay Relay,,013,019,,,,,
EWH,100,001,Accessory Delay Relay,,013,019,,,,,
EWH,100,002,Accessory Delay Relay,,013,019,,,,,
EWH,010,008,Air Bag Diagnostic Monitor,,046,001,,,,,
EWH,010,009,Air Bag Diagnostic Monitor,,046,001,,,,,
EWH,013,004,Air Bag Diagnostic Monitor,,046,001,,,,,
EWH,013,010,Air Bag Diagnostic Monitor,,046,001,,,,,
EWH,014,001,Air Bag Diagnostic Monitor,,046,002,,,,,
EWH,059,004,Air Bag Diagnostic Monitor,,046,001,,,,,
EWH,060,005,Air Bag Diagnostic Monitor,,046,001,,,,,
EWH,061,004,Air Bag Diagnostic Monitor,,046,001,,,,,
EWH,066,002,Air Bag Diagnostic Monitor,,046,001,,,,,
EWH,024,010,Air Conditioner/Heater,,054,002,,,,,
EWH,026,010,Air Conditioner/Heater,,054,002,,,,,
EWH,010,009,All Door Lock Relay,,110,001,,,,,
EWH,013,022,All Door Lock Relay,,110,001,,,,,
EWH,111,001,All Door Lock Relay,,110,001,,,,,
EWH,010,009,All Door Unlock Relay,,110,001,,,,,
EWH,013,022,All Door Unlock Relay,,110,001,,,,,
EWH,013,024,All Door Unlock Relay,,110,001,,,,,
EWH,111,001,All Door Unlock Relay,,110,001,,,,,
EWH,010,001,Anti-Lock Brake Control Module,,042,001,,,,,
EWH,010,002,Anti-Lock Brake Control Module,,042,003,,,,,
EWH,010,004,Anti-Lock Brake Control Module,,042,001,,,,,
EWH,013,002,Anti-Lock Brake Control Module,,042,003,,,,,
EWH,013,014,Anti-Lock Brake Control Module,,042,001,,,,,
EWH,013,018,Anti-Lock Brake Control Module,,042,001,,,,,
EWH,014,001,Anti-Lock Brake Control Module,,042,002,,,,,
EWH,023,009,Anti-Lock Brake Control Module,,042,001,,,,,
EWH,024,009,Anti-Lock Brake Control Module,,042,001,,,,,
EWH,024,011,Anti-Lock Brake Control Module,,042,001,,,,,
EWH,025,009,Anti-lock Brake Control Module,,042,001,,,,,
EWH,026,009,Anti-Lock Brake Control Module,,042,001,,,,,
EWH,026,009,Anti-Lock Brake Control Module,,042,001,,,,,
EWH,026,011,Anti-Lock Brake Control Module,,042,001,,,,,
EWH,031,002,Anti-Lock Brake Control Module,,042,001,,,,,
EWH,043,003,Anti-Lock Brake Control Module,,092,001,,,,,
EWH,060,004,Anti-Lock Brake Control Module,,042,001,,,,,
EWH,060,005,Anti-Lock Brake Control Module,,042,001,,,,,
EWH,061,004,Anti-Lock Brake Control Module,,042,001,,,,,
EWH,064,001,Anti-Lock Brake Control Module,,042,001,,,,,
EWH,064,002,Anti-Lock Brake Control Module,,042,001,,,,,
EWH,090,002,Anti-Lock Brake Control Module,,042,001,,,,,
EWH,043,002,Anti-Lock Brakes,,042,002,,,,,
EWH,044,001,Anti-Theft,,112,003,,,,,
EWH,059,003,Anti-Theft,,112,004,,,,,
EWH,010,013,Anti-Theft Disarm Switch,,110,005,,,,,
EWH,013,008,Anti-Theft Disarm Switch,,110,005,,,,,
EWH,010,007,Ashtray Lamp,Sedan,044,002,,,,,
EWH,010,007,Ashtray Lamp,Wagon,044,002,,,,,
EWH,097,001,Autolamp Headlamp Relay,,087,002,,,,,
EWH,013,006,Autolamp Park Relay,,087,003,,,,,
EWH,013,016,Autolamp Park Relay,,087,003,,,,,
EWH,092,001,Autolamp Park Relay,,087,003,,,,,
EWH,112,003,Autolamp Park Relay,,087,003,,,,,
EWH,059,003,Autolamps/Delayed Exit,,087,004,,,,,
EWH,071,003,Autolamps/Delayed Exit,,087,004,,,,,
EWH,071,004,Autolamps/Delayed Exit,,087,003,,,,,
EWH,071,004,Autolamps/Delayed Exit,,087,005,,,,,
EWH,085,001,Autolamps/Delayed Exit,,087,001,,,,,
EWH,085,001,Autolamps/Delayed Exit,,087,002,,,,,
EWH,090,005,Autolamps/Delayed Exit,,087,003,,,,,
EWH,111,002,Autolamps/Delayed Exit,,087,002,,,,,
EWH,112,003,Autolamps/Delayed Exit,,087,002,,,,,
EWH,130,001,Autolamps/Delayed Exit,,087,004,,,,,
EWH,130,004,Autolamps/Delayed Exit,,087,004,,,,,
EWH,130,008,Autolamps/Delayed Exit,,087,004,,,,,
EWH,023,003,AX4S/AX4N Transaxle,3.0L 2V,029,002,,,,,
EWH,023,004,AX4S/AX4N Transaxle,3.0L 2V,029,002,,,,,
EWH,025,003,AX4S/AX4N Transaxle,3.0L 2V FFV,029,002,,,,,
EWH,025,004,AX4S/AX4N Transaxle,3.0L 2V FFV,029,002,,,,,
EWH,029,004,Backup Lamps,,093,001,,,,,
EWH,029,005,Backup Lamps,,093,002,,,,,
EWH,111,002,Backup Lamps,,093,002,,,,,
EWH,112,005,Backup Lamps,,093,001,,,,,
EWH,112,005,Backup Lamps,,093,002,,,,,
EWH,059,002,Battery Saver Relay,,013,021,,,,,
EWH,094,002,Battery Saver Relay,,089,001,,,,,
EWH,010,007,Blend Door Actuator,Without EATC,054,001,,,,,
EWH,013,011,Blend Door Actuator,Without EATC,054,001,,,,,
EWH,013,006,Blower Motor Relay,,054,002,,,,,
EWH,013,006,Blower Motor Relay,,055,001,,,,,
EWH,013,010,Blower Motor Relay,,054,002,,,,,
EWH,013,010,Blower Motor Relay,,055,001,,,,,
EWH,010,006,Blower Motor Speed Controller,,055,002,,,,,
EWH,010,007,Blower Resistor,,054,002,,,,,
EWH,010,007,Blower Switch,,054,002,,,,,
EWH,010,004,Brake Fluid Level Switch,,060,001,,,,,
EWH,010,004,Brake Fluid Level Switch,,061,001,,,,,
EWH,013,007,Brake Pedal Position (BPP) Switch,,090,002,,,,,
EWH,025,005,C1008,3.0L 2V FFV,025,006,O,,,,
EWH,026,004,C1009,3.4L SHO,026,006,P,,,,
EWH,024,004,C1015,3.0L 4V,024,005,L,,,,
EWH,024,012,C1015,3.0L 4V,024,005,O,,,,
EWH,026,006,C1015,3.4L SHO,026,005,S,,,,
EWH,026,012,C1015,3.4L SHO,026,005,U,,,,
EWH,024,012,C1024,3.0L 4V,024,005,N,,,,
EWH,026,012,C1024,3.4L SHO,026,005,T,,,,
EWH,026,004,C1028,3.4L SHO,026,007,O,,,,
EWH,024,006,C103,3.0L 4V,024,008,Q,,,,
EWH,026,004,C103,3.4L SHO,026,005,N,,,,
EWH,010,004,C109,,010,002,R,,,,
EWH,023,005,C110,,023,001,A,,,,
EWH,024,005,C110,,024,001,A,,,,
EWH,025,005,C110,,025,001,A,,,,
EWH,026,005,C110,,026,001,A,,,,
EWH,010,004,C112,,010,005,D,,,,
EWH,023,005,C112,,023,002,E,,,,
EWH,024,005,C112,,024,002,E,,,,
EWH,025,005,C112,,025,002,E,,,,
EWH,026,005,C112,,026,002,E,,,,
EWH,023,005,C113,,023,002,D,,,,
EWH,023,010,C113,,023,002,F,,,,
EWH,024,005,C113,,024,002,D,,,,
EWH,024,013,C113,,024,002,U,,,,
EWH,025,005,C113,,025,002,D,,,,
EWH,025,010,C113,,025,002,F,,,,
EWH,026,005,C113,,026,002,D,,,,
EWH,026,013,C113,,026,002,F,,,,
EWH,023,005,C114,,023,001,C,,,,
EWH,024,005,C114,,024,001,C,,,,
EWH,025,005,C114,,025,001,C,,,,
EWH,026,005,C114,,026,001,C,,,,
EWH,023,005,C115,,023,001,B,,,,
EWH,024,005,C115,,024,001,B,,,,
EWH,025,005,C115,,025,001,B,,,,
EWH,026,005,C115,,026,001,B,,,,
EWH,010,004,C117,,010,005,B,,,,
EWH,010,004,C117,,010,005,C,,,,
EWH,087,002,C122,,087,003,D,,,,
EWH,087,002,C122,,087,003,B,,,,
EWH,087,003,C123,,087,002,D,,,,
EWH,081,002,C125,,081,001,A,,,,
EWH,081,002,C126,,081,001,B,,,,
EWH,081,002,C128,,081,001,C,,,,
EWH,013,025,C130,,013,014,V,,,,
EWH,023,004,C130,,023,010,J,,,,
EWH,023,005,C130,,023,010,L,,,,
EWH,023,007,C130,,023,010,M,,,,
EWH,024,004,C130,,024,013,K,,,,
EWH,024,006,C130,,024,013,H,,,,
EWH,024,007,C130,,024,013,R,,,,
EWH,025,004,C130,,025,010,M,,,,
EWH,025,005,C130,,025,010,K,,,,
EWH,025,007,C130,,025,010,P,,,,
EWH,026,004,C130,,026,013,L,,,,
EWH,026,004,C130,,026,013,K,,,,
EWH,026,007,C130,,026,013,W,,,,
EWH,025,005,C137,3.0L 2V FFV,025,006,N,,,,
EWH,026,004,C143,3.4L SHO,026,006,Q,,,,
EWH,024,005,C168,3.0L 4V,024,004,I,,,,
EWH,024,005,C168,3.0L 4V,024,004,J,,,,
EWH,026,005,C168,3.4L SHO,026,004,H,,,,
EWH,026,005,C168,3.4L SHO,026,004,I,,,,
EWH,023,005,C178,3.0L 2V,023,003,G,,,,
EWH,025,005,C178,3.0L 2V FFV,025,003,G,,,,
EWH,024,003,C179,3.0L 4V,024,004,G,,,,
EWH,013,016,C186,With Daytime Running Lamps,013,017,T,,,,
EWH,013,016,C186,Without Daytime Running Lamps,013,017,T,,,,
EWH,024,003,C189,3.0L 4V,024,004,H,,,,
EWH,023,010,C191,3.0L 2V,023,007,M,,,,
EWH,024,013,C191,3.0L 4V,024,007,R,,,,
EWH,025,010,C191,3.0L 2V FFV,025,007,P,,,,
EWH,026,013,C191,3.4L SHO,026,007,W,,,,
EWH,087,002,C2007,,087,005,C,,,,
EWH,087,002,C2037,,087,004,P,,,,
EWH,061,001,C2040,,061,002,Z,,,,
EWH,023,007,C214,,023,010,N,,,,
EWH,024,007,C214,,024,013,S,,,,
EWH,026,007,C214,,026,013,V,,,,
EWH,090,001,C214,,090,003,C,,,,
EWH,090,001,C214,,090,003,A,,,,
EWH,090,001,C214,,090,004,C,,,,
EWH,090,001,C214,,090,004,A,,,,
EWH,112,004,C214,,112,001,A,,,,
EWH,013,016,C221,,013,017,T,,,,
EWH,090,001,C221,,090,005,B,,,,
EWH,090,001,C221,,090,005,D,,,,
EWH,010,001,C222,,010,002,S,,,,
EWH,023,002,C222,,023,010,F,,,,
EWH,023,005,C222,,023,008,K,,,,
EWH,024,002,C222,,024,013,U,,,,
EWH,025,002,C222,,025,010,F,,,,
EWH,026,002,C222,,026,013,F,,,,
EWH,087,003,C222,,087,002,B,,,,
EWH,081,001,C223,,081,002,A,,,,
EWH,081,001,C223,,081,002,B,,,,
EWH,081,001,C223,,081,002,C,,,,
EWH,081,001,C223,,081,002,D,,,,
EWH,013,001,C225,,013,007,Z,,,,
EWH,013,023,C247,,013,021,L,,,,
EWH,013,024,C247,,013,022,Q,,,,
EWH,089,003,C247,,089,001,S,,,,
EWH,092,002,C247,,092,001,A,,,,
EWH,092,003,C247,,092,001,C,,,,
EWH,092,004,C247,,092,001,B,,,,
EWH,110,001,C254,,110,004,C,,,,
EWH,112,001,C254,,112,004,A,,,,
EWH,110,003,C255,,110,001,A,,,,
EWH,110,003,C256,,110,001,B,,,,
EWH,110,002,C257,,110,001,D,,,,
EWH,110,004,C257,,110,001,C,,,,
EWH,090,003,C269,,090,001,A,,,,
EWH,090,003,C269,,090,001,C,,,,
EWH,090,004,C269,,090,001,A,,,,
EWH,090,004,C269,,090,001,C,,,,
EWH,090,005,C269,,090,001,B,,,,
EWH,090,005,C269,,090,001,D,,,,
EWH,023,010,C436,Sedan,023,009,O,,,,
EWH,023,010,C436,Wagon,023,009,O,,,,
EWH,024,013,C436,Sedan,024,009,T,,,,
EWH,024,013,C436,Wagon,024,009,T,,,,
EWH,026,013,C436,Sedan,026,009,X,,,,
EWH,026,013,C436,Wagon,026,009,X,,,,
EWH,090,002,C438,,090,004,H,,,,
EWH,010,014,C443,,010,015,M,,,,
EWH,090,002,C443,,090,003,F,,,,
EWH,010,014,C444,,010,015,N,,,,
EWH,090,002,C444,,090,003,E,,,,
EWH,090,002,C458,,090,004,G,,,,
EWH,089,003,C476,,089,002,D,,,,
EWH,010,012,C477,,010,013,K,,,,
EWH,110,001,C477,,110,002,D,,,,
EWH,023,009,C496,Sedan,023,010,O,,,,
EWH,023,009,C496,Wagon,023,010,O,,,,
EWH,024,009,C496,Sedan,024,013,T,,,,
EWH,024,009,C496,Wagon,024,013,T,,,,
EWH,026,009,C496,Sedan,026,013,X,,,,
EWH,026,009,C496,Wagon,026,013,X,,,,
EWH,110,003,C502,Sedan (M),110,005,E,,,,
EWH,110,003,C502,Sedan (F),110,005,E,,,,
EWH,110,003,C502,Wagon (M),110,005,E,,,,
EWH,110,003,C502,Wagon (F),110,005,E,,,,
EWH,071,001,C509,Sedan,071,002,A,,,,
EWH,010,010,C600,Sedan,010,011,J,,,,
EWH,010,010,C600,Wagon,010,011,J,,,,
EWH,110,003,C600,Sedan,110,005,F,,,,
EWH,110,003,C600,Wagon,110,005,F,,,,
EWH,010,008,C701,Sedan,010,009,H,,,,
EWH,010,008,C701,Wagon,010,009,H,,,,
EWH,089,003,C900,Sedan,089,005,C,,,,
EWH,089,003,C900,Wagon,089,005,C,,,,
EWH,089,001,C901,Sedan,089,003,S,,,,
EWH,089,001,C901,Wagon,089,003,S,,,,
EWH,089,002,C901,Sedan,089,003,E,,,,
EWH,089,002,C901,Wagon,089,003,E,,,,
EWH,089,005,C901,Sedan,089,003,C,,,,
EWH,089,005,C901,Wagon,089,003,C,,,,
EWH,010,003,Camshaft Position (CMP) Sensor Shield,,023,003,,,,,
EWH,010,003,Camshaft Position (CMP) Sensor Shield,,024,008,,,,,
EWH,010,003,Camshaft Position (CMP) Sensor Shield,,025,003,,,,,
EWH,010,003,Camshaft Position (CMP) Sensor Shield,,026,005,,,,,
EWH,010,012,Cargo Lamp,,089,002,,,,,
EWH,013,021,Cargo Lamp,,089,002,,,,,
EWH,010,012,Cargo Lamp Relay,,089,002,,,,,
EWH,013,023,Cargo Lamp Relay,,089,002,,,,,
EWH,010,016,Cellular Phone Support Electronics,Sedan,135,001,,,,,
EWH,010,016,Cellular Phone Support Electronics,Wagon,135,001,,,,,
EWH,013,004,Cellular Phone Support Electronics,Sedan,135,001,,,,,
EWH,013,004,Cellular Phone Support Electronics,Wagon,135,001,,,,,
EWH,013,012,Cellular Phone Support Electronics,Sedan,135,001,,,,,
EWH,013,012,Cellular Phone Support Electronics,Wagon,135,001,,,,,
EWH,130,001,Cellular Telephone,,135,001,,,,,
EWH,130,002,Cellular Telephone,,135,001,,,,,
EWH,130,004,Cellular Telephone,,135,001,,,,,
EWH,130,006,Cellular Telephone,,135,001,,,,,
EWH,130,008,Cellular Telephone,,135,001,,,,,
EWH,130,009,Cellular Telephone,,135,001,,,,,
EWH,130,010,Cellular Telephone,,135,001,,,,,
EWH,010,002,Charging System,,012,001,,,,,
EWH,010,002,Charging System,,012,002,,,,,
EWH,010,007,Cigar Lighter,Sedan,044,002,,,,,
EWH,010,007,Cigar Lighter,Wagon,044,002,,,,,
EWH,013,008,Cigar Lighter,Sedan,044,002,,,,,
EWH,013,008,Cigar Lighter,Wagon,044,002,,,,,
EWH,010,016,Compact Disc Changer,Sedan,130,010,,,,,
EWH,010,016,Compact Disc Changer,Wagon,130,010,,,,,
EWH,013,004,Compact Disc Changer,Sedan,130,010,,,,,
EWH,013,004,Compact Disc Changer,Wagon,130,010,,,,,
EWH,059,002,Courtesy Lamps,,089,001,,,,,
EWH,071,003,Courtesy Lamps,,089,001,,,,,
EWH,087,004,Courtesy Lamps,,089,001,,,,,
EWH,094,002,Courtesy Lamps,,089,001,,,,,
EWH,102,002,Courtesy Lamps,,089,003,,,,,
EWH,113,001,Courtesy Lamps,,089,005,,,,,
EWH,113,001,Courtesy Lamps,,089,005,,,,,
EWH,010,003,Crankshaft Position (CKP) Sensor Shield,,023,007,,,,,
EWH,010,003,Crankshaft Position (CKP) Sensor Shield,,024,007,,,,,
EWH,010,003,Crankshaft Position (CKP) Sensor Shield,,025,007,,,,,
EWH,010,003,Crankshaft Position (CKP) Sensor Shield,,026,007,,,,,
EWH,010,001,Data Link Connector,,014,001,,,,,
EWH,010,006,Data Link Connector,,014,001,,,,,
EWH,013,007,Data Link Connector,,014,001,,,,,
EWH,023,007,Data Link Connector,,014,002,,,,,
EWH,024,007,Data Link Connector,,014,002,,,,,
EWH,025,007,Data Link Connector,,014,002,,,,,
EWH,026,007,Data Link connector,,014,002,,,,,
EWH,013,009,Daytime Running Lamps (DRL),,097,002,,,,,
EWH,060,005,Daytime Running Lamps (DRL),,097,001,,,,,
EWH,061,004,Daytime Running Lamps (DRL),,097,002,,,,,
EWH,085,001,Daytime Running Lamps (DRL),,097,001,,,,,
EWH,013,017,Daytime Running Lamps (DRL) Jumper,Without Daytime Running Lamps,085,001,,,,,
EWH,013,017,Daytime Running Lamps (DRL) Jumper,Without Daytime Running Lamps,085,002,,,,,
EWH,013,005,Daytime Running Lamps (Drl) Module,With Daytime Running Lamps,097,002,,,,,
EWH,013,011,Daytime Running Lamps (DRL) Module,With Daytime Running Lamps,097,002,,,,,
EWH,013,015,Daytime Running Lamps (DRL) Module,With Daytime Running Lamps,097,002,,,,,
EWH,013,017,Daytime Running Lamps (DRL) Module,With Daytime Running Lamps,097,001,,,,,
EWH,013,017,Daytime Running Lamps (DRL) Module,With Daytime Running Lamps,097,002,,,,,
EWH,060,001,Daytime Running Lamps (DRL) Module,With Daytime Running Lamps,097,001,,,,,
EWH,061,001,Daytime Running Lamps (DRL) Module,With Daytime Running Lamps,097,002,,,,,
EWH,085,002,Daytime Running Lamps (DRL) Module,With Daytime Running Lamps,097,002,,,,,
EWH,087,002,Daytime Running Lamps (DRL) Module,With Daytime Running Lamps,097,002,,,,,
EWH,013,010,Digital Transmission Range (DTR) Sensor,Per Ford Powertrain,029,004,,,,,
EWH,013,010,Digital Transmission Range (DTR) Sensor,Except Per Ford Powertrain,029,004,,,,,
EWH,013,010,Digital Transmission Range (DTR) Sensor,Per Ford Powertrain,029,004,,,,,
EWH,013,010,Digital Transmission Range (DTR) Sensor,Except Per Ford Powertrain,029,004,,,,,
EWH,013,011,Digital Transmission Range (DTR) Sensor,Per Ford Powertrain,029,004,,,,,
EWH,013,011,Digital Transmission Range (DTR) Sensor,Except Per Ford Powertrain,029,004,,,,,
EWH,020,001,Digital Transmission Range (DTR) Sensor,Per Ford Powertrain,029,004,,,,,
EWH,020,001,Digital Transmission Range (DTR) Sensor,Except Per Ford Powertrain,029,004,,,,,
EWH,023,007,Digital Transmission Range (DTR) Sensor,Per Ford Powertrain,029,004,,,,,
EWH,023,007,Digital Transmission Range (DTR) Sensor,Except Per Ford Powertrain,029,004,,,,,
EWH,023,010,Digital Transmission Range (DTR) Sensor,Per Ford Powertrain,029,005,,,,,
EWH,023,010,Digital Transmission Range (DTR) Sensor,Except Per Ford Powertrain,029,005,,,,,
EWH,025,007,Digital Transmission Range (DTR) Sensor,Per Ford Powertrain,029,004,,,,,
EWH,025,007,Digital Transmission Range (DTR) Sensor,Except Per Ford Powertrain,029,004,,,,,
EWH,025,010,Digital Transmission Range (DTR) Sensor,Per Ford Powertrain,029,004,,,,,
EWH,025,010,Digital Transmission Range (DTR) Sensor,Except Per Ford Powertrain,029,004,,,,,
EWH,093,001,Digital Transmission Range (DTR) Sensor,Per Ford Powertrain,029,004,,,,,
EWH,093,001,Digital Transmission Range (DTR) Sensor,Except Per Ford Powertrain,029,004,,,,,
EWH,059,001,Diode Center,,089,002,,,,,
EWH,066,003,Diode Center,,089,002,,,,,
EWH,110,004,Diode Center,,089,002,,,,,
EWH,061,002,Distance To Empty (DTE) Module,,061,003,U,,,,
EWH,061,002,Distance To Empty (DTE) Module,,061,003,V,,,,
EWH,061,002,Distance To Empty (DTE) Module,,061,003,W,,,,
EWH,061,002,Distance To Empty (DTE) Module,,061,003,T,,,,
EWH,061,002,Distance To Empty (DTE) Module,,061,003,Y,,,,
EWH,061,002,Distance To Empty (DTE) Module,,061,003,X,,,,
EWH,010,009,Dome Switch/Lamp,Sedan,102,002,,,,,
EWH,010,009,Dome Switch/Lamp,Wagon,102,002,,,,,
EWH,013,021,Dome Switch/Lamp,Sedan,089,003,,,,,
EWH,013,021,Dome Switch/Lamp,Wagon,089,003,,,,,
EWH,013,023,Dome Switch/Lamp,Sedan,089,003,,,,,
EWH,013,023,Dome Switch/Lamp,Wagon,089,003,,,,,
EWH,010,009,Dome/Map Lamp,Sedan,089,003,,,,,
EWH,010,009,Dome/Map Lamp,Wagon,089,003,,,,,
EWH,013,021,Dome/Map Lamp,Sedan,089,003,,,,,
EWH,013,021,Dome/Map Lamp,Wagon,089,003,,,,,
EWH,013,023,Dome/Map Lamp,Sedan,089,003,,,,,
EWH,013,023,Dome/Map Lamp,Wagon,089,003,,,,,
EWH,059,005,Drivers Unlock Relay,,013,022,,,,,
EWH,110,002,Drivers Unlock Relay,,013,022,,,,,
EWH,010,003,EAM Air Pump,3.0L 2V,023,011,,,,,
EWH,010,003,EAM Air Pump,3.0L 2V FFV,025,006,,,,,
EWH,010,003,EAM Air Pump,3.4L SHO,026,010,,,,,
EWH,010,003,EAM Solid State Relay,3.0L 2V,023,011,,,,,
EWH,010,003,EAM Solid State Relay,3.0L 2V FFV,025,006,,,,,
EWH,010,003,EAM Solid State Relay,3.4L SHO,026,010,,,,,
EWH,013,006,EAM Solid State Relay,3.0L 2V,023,011,,,,,
EWH,013,006,EAM Solid State Relay,3.0L 2V FFV,025,006,,,,,
EWH,013,006,EAM Solid State Relay,3.4L SHO,026,010,,,,,
EWH,024,010,Electronic Automatic Temperature Control,,055,002,,,,,
EWH,026,010,Electronic Automatic Temperature Control,,055,002,,,,,
EWH,130,001,Electronic Automatic Temperature Control,,055,002,,,,,
EWH,130,004,Electronic Automatic Temperature Control,,055,002,,,,,
EWH,130,008,Electronic Automatic Temperature Control,,055,002,,,,,
EWH,140,005,Electronic Automatic Temperature Control,,055,005,,,,,
EWH,010,006,Electronic Flasher,,090,001,,,,,
EWH,010,004,Engine Compartment Fuse/Relay Box,,013,009,,,,,
EWH,010,005,Engine Compartment Fuse/Relay Box,,013,003,,,,,
EWH,010,005,Engine Compartment Fuse/Relay Box,,033,001,,,,,
EWH,012,001,Engine Compartment Fuse/Relay Box,,013,001,,,,,
EWH,012,002,Engine Compartment Fuse/Relay Box,,013,001,,,,,
EWH,013,002,Engine Compartment Fuse/Relay Box,,013,003,A,,,,
EWH,013,003,Engine Compartment Fuse/Relay Box,,013,002,A,,,,
EWH,013,004,Engine Compartment Fuse/Relay Box,,013,005,B,,,,
EWH,013,005,Engine Compartment Fuse/Relay Box,,013,004,B,,,,
EWH,013,007,Engine Compartment Fuse/Relay Box,,013,001,Z,,,,
EWH,013,009,Engine Compartment Fuse/Relay Box,,013,003,,,,,
EWH,020,001,Engine Compartment Fuse/Relay Box,,013,003,,,,,
EWH,020,001,Engine Compartment Fuse/Relay Box,,013,009,,,,,
EWH,020,002,Engine Compartment Fuse/Relay Box,,013,003,,,,,
EWH,020,002,Engine Compartment Fuse/Relay Box,,013,009,,,,,
EWH,021,001,Engine Compartment Fuse/Relay Box,,013,003,,,,,
EWH,021,001,Engine Compartment Fuse/Relay Box,,013,003,,,,,
EWH,021,002,Engine Compartment Fuse/Relay Box,,013,003,,,,,
EWH,021,002,Engine Compartment Fuse/Relay Box,,013,003,,,,,
EWH,021,003,Engine Compartment Fuse/Relay Box,,013,003,,,,,
EWH,021,003,Engine Compartment Fuse/Relay Box,,013,003,,,,,
EWH,023,001,Engine Compartment Fuse/Relay Box,,013,003,,,,,
EWH,023,001,Engine Compartment Fuse/Relay Box,,013,003,,,,,
EWH,023,002,Engine Compartment Fuse/Relay Box,,013,003,,,,,
EWH,023,002,Engine Compartment Fuse/Relay Box,,013,014,,,,,
EWH,023,007,Engine Compartment Fuse/Relay Box,,013,005,,,,,
EWH,023,008,Engine Compartment Fuse/Relay Box,,023,005,K,,,,
EWH,023,011,Engine Compartment Fuse/Relay Box,,013,003,,,,,
EWH,024,001,Engine Compartment Fuse/Relay Box,,013,003,,,,,
EWH,024,002,Engine Compartment Fuse/Relay Box,,013,003,,,,,
EWH,024,002,Engine Compartment Fuse/Relay Box,,013,014,,,,,
EWH,024,007,Engine Compartment Fuse/Relay Box,,013,005,,,,,
EWH,025,001,Engine Compartment Fuse/Relay Box,,013,003,,,,,
EWH,025,002,Engine Compartment Fuse/Relay Box,,013,003,,,,,
EWH,025,002,Engine Compartment Fuse/Relay Box,,013,014,,,,,
EWH,025,006,Engine Compartment Fuse/Relay Box,,013,006,,,,,
EWH,025,006,Engine Compartment Fuse/Relay Box,,025,005,Q,,,,
EWH,025,007,Engine Compartment Fuse/Relay Box,,013,005,J,,,,
EWH,026,001,Engine Compartment Fuse/Relay Box,,013,003,,,,,
EWH,026,001,Engine Compartment Fuse/Relay Box,,013,003,,,,,
EWH,026,002,Engine Compartment Fuse/Relay Box,,013,003,,,,,
EWH,026,002,Engine Compartment Fuse/Relay Box,,013,014,,,,,
EWH,026,007,Engine Compartment Fuse/Relay Box,,013,005,,,,,
EWH,026,010,Engine Compartment Fuse/Relay Box,,013,006,,,,,
EWH,029,002,Engine Compartment Fuse/Relay Box,,013,003,,,,,
EWH,033,001,Engine Compartment Fuse/Relay Box,,013,003,,,,,
EWH,041,001,Engine Compartment Fuse/Relay Box,,013,001,,,,,
EWH,042,003,Engine Compartment Fuse/Relay Box,,013,002,,,,,
EWH,043,002,Engine Compartment Fuse/Relay Box,,013,001,,,,,
EWH,044,001,Engine Compartment Fuse/Relay Box,,013,005,,,,,
EWH,046,001,Engine Compartment Fuse/Relay Box,,013,004,,,,,
EWH,054,002,Engine Compartment Fuse/Relay Box,,013,006,,,,,
EWH,054,003,Engine Compartment Fuse/Relay Box,,013,003,,,,,
EWH,055,001,Engine Compartment Fuse/Relay Box,,013,006,,,,,
EWH,055,001,Engine Compartment Fuse/Relay Box,,013,010,,,,,
EWH,055,004,Engine Compartment Fuse/Relay Box,,013,003,,,,,
EWH,071,004,Engine Compartment Fuse/Relay Box,,013,002,,,,,
EWH,071,004,Engine Compartment Fuse/Relay Box,,013,006,,,,,
EWH,085,001,Engine Compartment Fuse/Relay Box,,013,002,,,,,
EWH,087,001,Engine Compartment Fuse/Relay Box,,013,002,,,,,
EWH,087,005,Engine Compartment Fuse/Relay Box,,013,001,,,,,
EWH,087,005,Engine Compartment Fuse/Relay Box,,013,003,,,,,
EWH,087,005,Engine Compartment Fuse/Relay Box,,013,009,,,,,
EWH,092,001,Engine Compartment Fuse/Relay Box,,013,006,,,,,
EWH,097,001,Engine Compartment Fuse/Relay Box,,013,002,,,,,
EWH,097,002,Engine Compartment Fuse/Relay Box,,013,005,,,,,
EWH,101,001,Engine Compartment Fuse/Relay Box,,013,002,,,,,
EWH,102,001,Engine Compartment Fuse/Relay Box,,013,002,,,,,
EWH,110,001,Engine Compartment Fuse/Relay Box,,013,019,,,,,
EWH,112,001,Engine Compartment Fuse/Relay Box,,013,003,,,,,
EWH,120,001,Engine Compartment Fuse/Relay Box,,013,002,,,,,
EWH,120,002,Engine Compartment Fuse/Relay Box,,013,002,,,,,
EWH,130,002,Engine Compartment Fuse/Relay Box,,013,004,,,,,
EWH,130,006,Engine Compartment Fuse/Relay Box,,013,004,,,,,
EWH,130,010,Engine Compartment Fuse/Relay Box,,013,004,,,,,
EWH,135,001,Engine Compartment Fuse/Relay Box,,013,004,,,,,
EWH,021,001,Engine Controls,,023,005,,,,,
EWH,021,001,Engine Controls,,025,005,,,,,
EWH,021,002,Engine Controls,,026,005,,,,,
EWH,021,003,Engine Controls,,026,005,,,,,
EWH,029,002,Engine Controls,,023,002,,,,,
EWH,029,002,Engine Controls,,023,003,,,,,
EWH,029,002,Engine Controls,,023,004,,,,,
EWH,029,002,Engine Controls,,023,005,,,,,
EWH,029,002,Engine Controls,,024,002,,,,,
EWH,029,002,Engine Controls,,024,004,,,,,
EWH,029,002,Engine Controls,,024,006,,,,,
EWH,029,002,Engine Controls,,025,002,,,,,
EWH,029,002,Engine Controls,,025,003,,,,,
EWH,029,002,Engine Controls,,025,004,,,,,
EWH,029,002,Engine Controls,,025,005,,,,,
EWH,029,002,Engine Controls,,026,002,,,,,
EWH,029,002,Engine Controls,,026,004,,,,,
EWH,029,002,Engine Controls,,026,006,,,,,
EWH,029,003,Engine Controls,,023,009,,,,,
EWH,029,003,Engine Controls,,024,009,,,,,
EWH,029,003,Engine Controls,,025,009,,,,,
EWH,029,003,Engine Controls,,026,009,,,,,
EWH,029,004,Engine Controls,,023,004,,,,,
EWH,029,004,Engine Controls,,023,005,,,,,
EWH,029,004,Engine Controls,,023,010,,,,,
EWH,029,004,Engine Controls,,025,004,,,,,
EWH,029,004,Engine Controls,,025,005,,,,,
EWH,029,004,Engine Controls,,025,010,,,,,
EWH,029,005,Engine Controls,,024,006,,,,,
EWH,029,005,Engine Controls,,024,013,,,,,
EWH,029,005,Engine Controls,,026,004,,,,,
EWH,029,005,Engine Controls,,026,006,,,,,
EWH,029,005,Engine Controls,,026,013,,,,,
EWH,033,001,Engine Controls,,023,005,,,,,
EWH,033,001,Engine Controls,,024,005,,,,,
EWH,033,001,Engine Controls,,025,005,,,,,
EWH,033,001,Engine Controls,,026,005,,,,,
EWH,042,001,Engine Controls,,026,009,,,,,
EWH,043,003,Engine Controls,,026,009,,,,,
EWH,054,003,Engine Controls,,023,005,,,,,
EWH,054,003,Engine Controls,,024,005,,,,,
EWH,054,003,Engine Controls,,025,005,,,,,
EWH,054,003,Engine Controls,,026,005,,,,,
EWH,055,004,Engine Controls,,024,005,,,,,
EWH,055,004,Engine Controls,,026,005,,,,,
EWH,059,004,Engine Controls,,023,009,,,,,
EWH,059,004,Engine Controls,,024,009,,,,,
EWH,059,004,Engine Controls,,025,009,,,,,
EWH,059,004,Engine Controls,,026,009,,,,,
EWH,061,003,Engine Controls,,025,007,,,,,
EWH,066,001,Engine Controls,3.0L 2V,023,001,,,,,
EWH,066,001,Engine Controls,3.0L 4V,024,001,,,,,
EWH,066,001,Engine Controls,3.0L 2V FFV,025,001,,,,,
EWH,066,001,Engine Controls,3.4L SHO,026,001,,,,,
EWH,140,001,Engine Controls,,023,005,,,,,
EWH,140,002,Engine Controls,,023,005,,,,,
EWH,140,002,Engine Controls,,023,011,,,,,
EWH,140,003,Engine Controls,,025,005,,,,,
EWH,140,003,Engine Controls,,025,006,,,,,
EWH,140,004,Engine Controls,,024,004,,,,,
EWH,140,005,Engine Controls,,026,010,,,,,
EWH,140,005,Engine Controls,,026,004,,,,,
EWH,140,005,Engine Controls,,025,010,,,,,
EWH,010,005,Engine Coolant Level Switch,,059,003,,,,,
EWH,029,001,Engine Coolant Temperature (ECT) Sensor,3.0L 2V,023,005,,,,,
EWH,029,001,Engine Coolant Temperature (ECT) Sensor,3.0L 4V,024,003,,,,,
EWH,029,001,Engine Coolant Temperature (ECT) Sensor,3.0L 2V FFV,025,005,,,,,
EWH,029,001,Engine Coolant Temperature (ECT) Sensor,3.4L SHO,026,003,,,,,
EWH,010,005,Engine Cooling Fan #1,,033,001,,,,,
EWH,023,001,Engine Cooling Fan #1,,033,001,,,,,
EWH,024,001,Engine Cooling Fan #1,,033,001,,,,,
EWH,025,001,Engine Cooling Fan #1,,033,001,,,,,
EWH,026,001,Engine Cooling Fan #1,,033,001,,,,,
EWH,010,005,Engine Cooling Fan #2,,033,001,,,,,
EWH,023,001,Engine Cooling Fan #2,,033,001,,,,,
EWH,024,001,Engine Cooling Fan #2,,033,001,,,,,
EWH,025,001,Engine Cooling Fan #2,,033,001,,,,,
EWH,026,001,Engine Cooling Fan #2,,033,001,,,,,
EWH,013,017,Exterior Lamps,,092,001,,,,,
EWH,087,004,Exterior Lamps,,092,001,,,,,
EWH,090,003,Exterior Lamps,,092,002,,,,,
EWH,090,003,Exterior Lamps,,092,002,,,,,
EWH,090,003,Exterior Lamps,,092,003,,,,,
EWH,090,003,Exterior Lamps,,092,003,,,,,
EWH,090,004,Exterior Lamps,,092,004,,,,,
EWH,090,004,Exterior Lamps,,092,004,,,,,
EWH,090,005,Exterior Lamps,,092,001,,,,,
EWH,010,002,Flex Fuel Sensor,,025,005,,,,,
EWH,013,015,Flex Fuel Sensor Module,,061,002,,,,,
EWH,013,018,Flex Fuel Sensor Module,,061,002,,,,,
EWH,025,009,Flex Fuel Sensor Module,,061,002,,,,,
EWH,064,002,Flex Fuel Sensor Module,,061,003,,,,,
EWH,013,003,Fuel Pump Relay,,023,002,,,,,
EWH,013,003,Fuel Pump Relay,,024,002,,,,,
EWH,013,003,Fuel Pump Relay,,025,002,,,,,
EWH,013,003,Fuel Pump Relay,,026,002,,,,,
EWH,010,012,Fuel Pump/Fuel Gauge Sender,Wagon,023,010,,,,,
EWH,010,012,Fuel Pump/Fuel Gauge Sender,Wagon,024,013,,,,,
EWH,010,012,Fuel Pump/Fuel Gauge Sender,Wagon,025,010,,,,,
EWH,010,012,Fuel Pump/Fuel Gauge Sender,Wagon,026,013,,,,,
EWH,010,014,Fuel Pump/Fuel Gauge Sender,Sedan,023,010,,,,,
EWH,010,014,Fuel Pump/Fuel Gauge Sender,Sedan,024,013,,,,,
EWH,010,014,Fuel Pump/Fuel Gauge Sender,Sedan,025,010,,,,,
EWH,010,017,Fuel Pump/Fuel Gauge Sender,Sedan,026,013,,,,,
EWH,010,017,Fuel Pump/Fuel Gauge Sender,Wagon,026,013,,,,,
EWH,013,018,Fuel Pump/Fuel Gauge Sender,Sedan,060,002,,,,,
EWH,013,018,Fuel Pump/Fuel Gauge Sender,Wagon,060,002,,,,,
EWH,026,009,Fuel Pump/Fuel Gauge Sender,Sedan,060,003,,,,,
EWH,060,002,Fuel Pump/Fuel Gauge Sender,Sedan,023,010,,,,,
EWH,060,002,Fuel Pump/Fuel Gauge Sender,Wagon,023,010,,,,,
EWH,060,002,Fuel Pump/Fuel Gauge Sender,Sedan,024,013,,,,,
EWH,060,002,Fuel Pump/Fuel Gauge Sender,Wagon,024,013,,,,,
EWH,060,004,Fuel Pump/Fuel Gauge Sender,Sedan,026,013,,,,,
EWH,060,004,Fuel Pump/Fuel Gauge Sender,Wagon,026,013,,,,,
EWH,061,002,Fuel Pump/Fuel Gauge Sender,Sedan,025,010,,,,,
EWH,061,002,Fuel Pump/Fuel Gauge Sender,Wagon,025,010,,,,,
EWH,064,001,Fuel Pump/Fuel Gauge Sender,Sedan,023,010,,,,,
EWH,064,001,Fuel Pump/Fuel Gauge Sender,Wagon,023,010,,,,,
EWH,064,001,Fuel Pump/Fuel Gauge Sender,Sedan,024,013,,,,,
EWH,064,001,Fuel Pump/Fuel Gauge Sender,Wagon,024,013,,,,,
EWH,064,002,Fuel Pump/Fuel Gauge Sender,Sedan,023,010,,,,,
EWH,064,002,Fuel Pump/Fuel Gauge Sender,Wagon,023,010,,,,,
EWH,064,002,Fuel Pump/Fuel Gauge Sender,Wagon,024,013,,,,,
EWH,010,002,G103,3.0L 2V,010,003,A,,,,
EWH,010,002,G103,3.0L 2V FFV,010,003,A,,,,
EWH,010,002,G103,3.0L 4V,010,003,A,,,,
EWH,010,002,G103,3.4L SHO,010,003,A,,,,
EWH,010,002,G104,,010,004,R,,,,
EWH,010,005,G104,,010,004,C,,,,
EWH,010,007,G200,,010,006,F,,,,
EWH,010,007,G200,,010,006,E,,,,
EWH,010,009,G201,Sedan,010,008,H,,,,
EWH,010,009,G201,Wagon,010,008,G,,,,
EWH,010,013,G400,,010,012,F,,,,
EWH,010,017,G401,,010,014,R,,,,
EWH,010,013,G402,Wagon,010,016,G,,,,
EWH,013,001,Generator/Voltage Regulator,3.0L 2V,012,001,,,,,
EWH,013,001,Generator/Voltage Regulator,3.0L 2V FFV,012,001,,,,,
EWH,013,001,Generator/Voltage Regulator,3.0L 4V,012,002,,,,,
EWH,013,001,Generator/Voltage Regulator,3.4L SHO,012,002,,,,,
EWH,060,005,Generator/Voltage Regulator,3.0L 2V,012,001,,,,,
EWH,060,005,Generator/Voltage Regulator,3.0L 4V,012,001,,,,,
EWH,060,005,Generator/Voltage Regulator,3.4L SHO,012,001,,,,,
EWH,061,004,Generator/Voltage Regulator,3.0L 2V FFV,012,001,,,,,
EWH,010,001,Generic Electronic Module (GEM),,059,006,,,,,
EWH,010,004,Generic Electronic Module (GEM),,059,006,,,,,
EWH,010,008,Generic Electronic Module (GEM),,059,006,,,,,
EWH,013,004,Generic Electronic Module (GEM),,059,004,,,,,
EWH,013,007,Generic Electronic Module (GEM),,059,001,,,,,
EWH,013,010,Generic Electronic Module (GEM),,059,001,,,,,
EWH,013,012,Generic Electronic Module (GEM),,059,001,,,,,
EWH,013,015,Generic Electronic Module (GEM),,059,001,,,,,
EWH,013,018,Generic Electronic Module (GEM),,059,004,,,,,
EWH,013,018,Generic Electronic Module (GEM),,059,006,,,,,
EWH,013,020,Generic Electronic Module (GEM),,059,004,,,,,
EWH,013,020,Generic Electronic Module (GEM),,059,006,,,,,
EWH,013,020,Generic Electronic Module (GEM),,059,006,,,,,
EWH,013,021,Generic Electronic Module (GEM),,059,002,,,,,
EWH,013,021,Generic Electronic Module (GEM),,059,006,,,,,
EWH,013,022,Generic Electronic Module (GEM),,059,005,,,,,
EWH,014,001,Generic Electronic Module (GEM),,059,006,,,,,
EWH,023,009,Generic Electronic Module (GEM),,059,004,,,,,
EWH,023,009,Generic Electronic Module (GEM),,059,006,,,,,
EWH,024,009,Generic Electronic Module (GEM),,059,004,,,,,
EWH,024,009,Generic Electronic Module (GEM),,059,006,,,,,
EWH,025,009,Generic Electronic Module (GEM),,059,004,,,,,
EWH,025,009,Generic Electronic Module (GEM),,059,006,,,,,
EWH,026,009,Generic Electronic Module (GEM),,059,004,,,,,
EWH,026,009,Generic Electronic Module (GEM),,059,006,,,,,
EWH,043,001,Generic Electronic Module (GEM),,059,001,,,,,
EWH,043,001,Generic Electronic Module (GEM),,059,004,,,,,
EWH,043,001,Generic Electronic Module (GEM),,059,006,,,,,
EWH,043,003,Generic Electronic Module (GEM),,059,004,,,,,
EWH,046,001,Generic Electronic Module (GEM),,059,001,,,,,
EWH,056,001,Generic Electronic Module (GEM),,059,004,,,,,
EWH,060,001,Generic Electronic Module (GEM),,059,002,,,,,
EWH,060,002,Generic Electronic Module (GEM),,059,003,,,,,
EWH,060,003,Generic Electronic Module (GEM),,059,002,,,,,
EWH,060,004,Generic Electronic Module (GEM),,059,003,,,,,
EWH,061,001,Generic Electronic Module (GEM),,059,003,,,,,
EWH,061,002,Generic Electronic Module (GEM),,059,004,,,,,
EWH,064,001,Generic Electronic Module (GEM),,059,004,,,,,
EWH,064,001,Generic Electronic Module (GEM),,059,006,,,,,
EWH,064,002,Generic Electronic Module (GEM),,059,004,,,,,
EWH,064,002,Generic Electronic Module (GEM),,059,006,,,,,
EWH,071,003,Generic Electronic Module (GEM),,059,003,,,,,
EWH,087,004,Generic Electronic Module (GEM),,059,003,,,,,
EWH,089,001,Generic Electronic Module (GEM),,059,002,,,,,
EWH,089,002,Generic Electronic Module (GEM),,066,003,,,,,
EWH,089,004,Generic Electronic Module (GEM),,059,001,,,,,
EWH,089,004,Generic Electronic Module (GEM),,059,002,,,,,
EWH,094,001,Generic Electronic Module (GEM),,059,001,,,,,
EWH,094,001,Generic Electronic Module (GEM),,059,002,,,,,
EWH,094,001,Generic Electronic Module (GEM),,059,003,,,,,
EWH,094,002,Generic Electronic Module (GEM),,059,001,,,,,
EWH,094,002,Generic Electronic Module (GEM),,059,002,,,,,
EWH,100,001,Generic Electronic Module (GEM),,059,006,,,,,
EWH,100,001,Generic Electronic Module (GEM),,059,006,,,,,
EWH,101,001,Generic Electronic Module (GEM),,059,002,,,,,
EWH,101,001,Generic Electronic Module (GEM),,059,004,,,,,
EWH,102,001,Generic Electronic Module (GEM),,059,002,,,,,
EWH,102,001,Generic Electronic Module (GEM),,059,004,,,,,
EWH,110,004,Generic Electronic Module (GEM),,059,001,,,,,
EWH,110,004,Generic Electronic Module (GEM),,059,002,,,,,
EWH,110,004,Generic Electronic Module (GEM),,059,005,,,,,
EWH,110,005,Generic Electronic Module (GEM),,059,002,,,,,
EWH,111,001,Generic Electronic Module (GEM),,059,005,,,,,
EWH,111,002,Generic Electronic Module (GEM),,059,002,,,,,
EWH,111,002,Generic Electronic Module (GEM),,059,003,,,,,
EWH,112,004,Generic Electronic Module (GEM),,059,002,,,,,
EWH,112,004,Generic Electronic Module (GEM),,059,003,,,,,
EWH,130,001,Generic Electronic Module (GEM),,059,004,,,,,
EWH,130,004,Generic Electronic Module (GEM),,059,004,,,,,
EWH,130,008,Generic Electronic Module (GEM),,059,004,,,,,
EWH,010,007,Glove Box Switch/Lamp,,089,001,,,,,
EWH,013,020,Glove Box Switch/Lamp,,089,001,,,,,
EWH,012,001,Grounds,,010,002,,,,,
EWH,012,001,Grounds,,010,004,,,,,
EWH,012,002,Grounds,,010,002,,,,,
EWH,012,002,Grounds,,010,004,,,,,
EWH,013,001,Grounds,,013,002,,,,,
EWH,013,001,Grounds,,013,004,,,,,
EWH,013,009,Grounds,,010,006,,,,,
EWH,013,009,Grounds,,010,007,,,,,
EWH,013,018,Grounds,,010,001,,,,,
EWH,013,018,Grounds,,010,002,,,,,
EWH,014,001,Grounds,,010,001,,,,,
EWH,014,001,Grounds,,010,006,,,,,
EWH,020,001,Grounds,,010,002,,,,,
EWH,020,001,Grounds,,010,004,,,,,
EWH,020,002,Grounds,,010,002,,,,,
EWH,020,002,Grounds,,010,004,,,,,
EWH,021,001,Grounds,,010,002,,,,,
EWH,021,001,Grounds,,010,003,,,,,
EWH,021,001,Grounds,,010,004,,,,,
EWH,021,001,Grounds,,010,005,,,,,
EWH,021,002,Grounds,,010,002,,,,,
EWH,021,002,Grounds,,010,003,,,,,
EWH,021,002,Grounds,,010,004,,,,,
EWH,021,002,Grounds,,010,005,,,,,
EWH,021,003,Grounds,,010,003,,,,,
EWH,021,003,Grounds,,010,004,,,,,
EWH,021,003,Grounds,,010,005,,,,,
EWH,023,001,Grounds,,010,003,,,,,
EWH,023,001,Grounds,,010,004,,,,,
EWH,023,001,Grounds,,010,005,,,,,
EWH,023,002,Grounds,,010,004,,,,,
EWH,023,002,Grounds,,010,005,,,,,
EWH,023,003,Grounds,,010,002,,,,,
EWH,023,003,Grounds,,010,003,,,,,
EWH,023,004,Grounds,,010,002,,,,,
EWH,023,004,Grounds,,010,003,,,,,
EWH,023,007,Grounds,,010,003,,,,,
EWH,023,009,Grounds,,010,001,,,,,
EWH,023,009,Grounds,,010,002,,,,,
EWH,023,010,Grounds,,010,012,,,,,
EWH,023,010,Grounds,,010,014,,,,,
EWH,023,011,Grounds,,010,003,,,,,
EWH,024,001,Grounds,,010,003,,,,,
EWH,024,001,Grounds,,010,004,,,,,
EWH,024,001,Grounds,,010,005,,,,,
EWH,024,002,Grounds,,010,004,,,,,
EWH,024,002,Grounds,,010,005,,,,,
EWH,024,003,Grounds,,010,003,,,,,
EWH,024,007,Grounds,,010,003,,,,,
EWH,024,008,Grounds,,010,003,,,,,
EWH,024,009,Grounds,,010,001,,,,,
EWH,024,009,Grounds,,010,002,,,,,
EWH,024,010,Grounds,,010,003,,,,,
EWH,024,012,Grounds,,010,002,,,,,
EWH,024,012,Grounds,,010,003,,,,,
EWH,024,013,Grounds,,010,013,,,,,
EWH,024,013,Grounds,,010,014,,,,,
EWH,025,001,Grounds,,010,003,,,,,
EWH,025,001,Grounds,,010,004,,,,,
EWH,025,001,Grounds,,010,005,,,,,
EWH,025,002,Grounds,,010,004,,,,,
EWH,025,002,Grounds,,010,005,,,,,
EWH,025,003,Grounds,,010,002,,,,,
EWH,025,003,Grounds,,010,003,,,,,
EWH,025,004,Grounds,,010,002,,,,,
EWH,025,004,Grounds,,010,003,,,,,
EWH,025,005,Grounds,,010,002,,,,,
EWH,025,005,Grounds,,010,004,,,,,
EWH,025,006,Grounds,,010,003,,,,,
EWH,025,007,Grounds,,010,003,,,,,
EWH,025,009,Grounds,,010,001,,,,,
EWH,025,009,Grounds,,010,002,,,,,
EWH,025,010,Grounds,,010,012,,,,,
EWH,025,010,Grounds,,010,014,,,,,
EWH,026,001,Grounds,,010,003,,,,,
EWH,026,001,Grounds,,010,004,,,,,
EWH,026,001,Grounds,,010,005,,,,,
EWH,026,002,Grounds,,010,004,,,,,
EWH,026,002,Grounds,,010,005,,,,,
EWH,026,003,Grounds,,010,003,,,,,
EWH,026,005,Grounds,,010,003,,,,,
EWH,026,007,Grounds,,010,003,,,,,
EWH,026,009,Grounds,,010,001,,,,,
EWH,026,009,Grounds,,010,002,,,,,
EWH,026,010,Grounds,,010,003,,,,,
EWH,026,012,Grounds,,010,002,,,,,
EWH,026,012,Grounds,,010,003,,,,,
EWH,026,013,Grounds,,010,012,,,,,
EWH,026,013,Grounds,,010,014,,,,,
EWH,029,003,Grounds,,010,001,,,,,
EWH,029,003,Grounds,,010,002,,,,,
EWH,031,001,Grounds,,010,004,,,,,
EWH,033,001,Grounds,,010,003,,,,,
EWH,033,001,Grounds,,010,004,,,,,
EWH,033,001,Grounds,,010,005,,,,,
EWH,037,001,Grounds,,010,006,,,,,
EWH,037,001,Grounds,,010,007,,,,,
EWH,041,003,Grounds,,010,004,,,,,
EWH,041,003,Grounds,,010,005,,,,,
EWH,041,003,Grounds,,010,014,,,,,
EWH,041,003,Grounds,,010,017,,,,,
EWH,042,001,Grounds,,010,001,,,,,
EWH,042,001,Grounds,,010,004,,,,,
EWH,043,001,Grounds,,010,001,,,,,
EWH,043,001,Grounds,,010,008,,,,,
EWH,043,003,Grounds,,010,001,,,,,
EWH,043,003,Grounds,,010,002,,,,,
EWH,043,003,Grounds,,010,014,,,,,
EWH,043,003,Grounds,,010,017,,,,,
EWH,044,001,Grounds,,010,004,,,,,
EWH,044,002,Grounds,,010,006,,,,,
EWH,044,002,Grounds,,010,007,,,,,
EWH,046,001,Grounds,,010,008,,,,,
EWH,046,002,Grounds,,010,006,,,,,
EWH,046,002,Grounds,,010,007,,,,,
EWH,054,001,Grounds,,010,006,,,,,
EWH,054,001,Grounds,,010,007,,,,,
EWH,054,002,Grounds,,010,003,,,,,
EWH,054,002,Grounds,,010,006,,,,,
EWH,054,002,Grounds,,010,007,,,,,
EWH,054,003,Grounds,,010,003,,,,,
EWH,054,003,Grounds,,010,004,,,,,
EWH,054,003,Grounds,,010,005,,,,,
EWH,055,001,Grounds,,010,001,,,,,
EWH,055,002,Grounds,,010,003,,,,,
EWH,055,002,Grounds,,010,006,,,,,
EWH,055,004,Grounds,,010,003,,,,,
EWH,055,004,Grounds,,010,004,,,,,
EWH,055,004,Grounds,,010,005,,,,,
EWH,056,001,Grounds,,010,008,,,,,
EWH,056,001,Grounds,,010,010,,,,,
EWH,056,001,Grounds,,010,011,,,,,
EWH,056,001,Grounds,,010,012,,,,,
EWH,056,001,Grounds,,010,013,,,,,
EWH,056,001,Grounds,,010,014,,,,,
EWH,056,001,Grounds,,010,016,,,,,
EWH,059,001,Grounds,,010,008,,,,,
EWH,059,001,Grounds,,010,009,,,,,
EWH,059,001,Grounds,,010,010,,,,,
EWH,059,001,Grounds,,010,011,,,,,
EWH,059,001,Grounds,,010,013,,,,,
EWH,059,001,Grounds,,010,016,,,,,
EWH,059,003,Grounds,,010,005,,,,,
EWH,059,003,Grounds,,010,010,,,,,
EWH,059,004,Grounds,,010,016,,,,,
EWH,059,006,Grounds,,010,001,,,,,
EWH,059,006,Grounds,,010,002,,,,,
EWH,059,006,Grounds,,010,004,,,,,
EWH,059,006,Grounds,,010,008,,,,,
EWH,060,001,Grounds,,010,003,,,,,
EWH,060,001,Grounds,,010,005,,,,,
EWH,060,001,Grounds,,010,006,,,,,
EWH,060,002,Grounds,,010,001,,,,,
EWH,060,002,Grounds,,010,001,,,,,
EWH,060,004,Grounds,,010,001,,,,,
EWH,060,004,Grounds,,010,001,,,,,
EWH,060,005,Grounds,,010,005,,,,,
EWH,061,001,Grounds,,010,004,,,,,
EWH,061,001,Grounds,,010,006,,,,,
EWH,061,001,Grounds,,010,007,,,,,
EWH,061,002,Grounds,,010,001,,,,,
EWH,061,002,Grounds,,010,002,,,,,
EWH,061,004,Grounds,,010,006,,,,,
EWH,064,001,Grounds,,010,001,,,,,
EWH,064,001,Grounds,,010,002,,,,,
EWH,064,002,Grounds,,010,001,,,,,
EWH,064,002,Grounds,,010,002,,,,,
EWH,066,001,Grounds,,010,001,,,,,
EWH,066,001,Grounds,,010,002,,,,,
EWH,066,001,Grounds,,010,008,,,,,
EWH,066,002,Grounds,,010,005,,,,,
EWH,066,002,Grounds,,010,008,,,,,
EWH,066,002,Grounds,,010,008,,,,,
EWH,066,002,Grounds,,010,009,,,,,
EWH,066,002,Grounds,,010,010,,,,,
EWH,066,002,Grounds,,010,010,,,,,
EWH,066,002,Grounds,,010,010,,,,,
EWH,066,002,Grounds,,010,011,,,,,
EWH,066,003,Grounds,,010,013,,,,,
EWH,066,003,Grounds,,010,016,,,,,
EWH,071,001,Grounds,,010,008,,,,,
EWH,071,001,Grounds,,010,010,,,,,
EWH,071,001,Grounds,,010,011,,,,,
EWH,071,002,Grounds,,010,008,,,,,
EWH,071,002,Grounds,,010,009,,,,,
EWH,071,002,Grounds,,010,010,,,,,
EWH,071,002,Grounds,,010,011,,,,,
EWH,071,003,Grounds,,010,006,,,,,
EWH,071,003,Grounds,,010,007,,,,,
EWH,071,003,Grounds,,010,010,,,,,
EWH,071,004,Grounds,,010,006,,,,,
EWH,081,001,Grounds,,010,004,,,,,
EWH,081,001,Grounds,,010,005,,,,,
EWH,081,002,Grounds,,010,008,,,,,
EWH,082,001,Grounds,,010,006,,,,,
EWH,082,001,Grounds,,010,012,,,,,
EWH,082,001,Grounds,,010,013,,,,,
EWH,085,001,Grounds,,010,004,,,,,
EWH,085,001,Grounds,,010,005,,,,,
EWH,085,002,Grounds,,010,006,,,,,
EWH,085,002,Grounds,,010,007,,,,,
EWH,087,001,Grounds,,010,004,,,,,
EWH,087,001,Grounds,,010,005,,,,,
EWH,087,002,Grounds,,010,006,,,,,
EWH,087,002,Grounds,,010,007,,,,,
EWH,087,003,Grounds,,010,004,,,,,
EWH,087,003,Grounds,,010,005,,,,,
EWH,087,005,Grounds,,010,006,,,,,
EWH,089,001,Grounds,,010,006,,,,,
EWH,089,001,Grounds,,010,007,,,,,
EWH,089,002,Grounds,,010,012,,,,,
EWH,089,002,Grounds,,010,013,,,,,
EWH,089,002,Grounds,,010,016,,,,,
EWH,089,003,Grounds,,010,009,,,,,
EWH,089,003,Grounds,,010,009,,,,,
EWH,089,003,Grounds,,010,010,,,,,
EWH,089,003,Grounds,,010,010,,,,,
EWH,089,004,Grounds,,010,008,,,,,
EWH,089,004,Grounds,,010,008,,,,,
EWH,089,004,Grounds,,010,009,,,,,
EWH,089,004,Grounds,,010,010,,,,,
EWH,089,004,Grounds,,010,010,,,,,
EWH,089,004,Grounds,,010,011,,,,,
EWH,089,005,Grounds,,010,014,,,,,
EWH,090,001,Grounds,,010,006,,,,,
EWH,090,001,Grounds,,010,006,,,,,
EWH,090,002,Grounds,,010,013,,,,,
EWH,090,002,Grounds,,010,016,,,,,
EWH,090,002,Grounds,,010,016,,,,,
EWH,090,003,Grounds,,010,014,,,,,
EWH,090,003,Grounds,,010,014,,,,,
EWH,090,003,Grounds,,010,015,,,,,
EWH,090,003,Grounds,,010,015,,,,,
EWH,090,004,Grounds,,010,012,,,,,
EWH,090,005,Grounds,,010,004,,,,,
EWH,090,005,Grounds,,010,004,,,,,
EWH,090,005,Grounds,,010,004,,,,,
EWH,090,005,Grounds,,010,005,,,,,
EWH,090,005,Grounds,,010,005,,,,,
EWH,092,001,Grounds,,010,004,,,,,
EWH,092,001,Grounds,,010,005,,,,,
EWH,092,002,Grounds,,010,014,,,,,
EWH,092,002,Grounds,,010,014,,,,,
EWH,092,002,Grounds,,010,015,,,,,
EWH,092,003,Grounds,,010,014,,,,,
EWH,092,003,Grounds,,010,015,,,,,
EWH,092,004,Grounds,,010,012,,,,,
EWH,092,004,Grounds,,010,013,,,,,
EWH,093,001,Grounds,,010,013,,,,,
EWH,093,001,Grounds,,010,014,,,,,
EWH,093,001,Grounds,,010,016,,,,,
EWH,093,002,Grounds,,010,013,,,,,
EWH,093,002,Grounds,,010,014,,,,,
EWH,093,002,Grounds,,010,016,,,,,
EWH,094,001,Grounds,,010,008,,,,,
EWH,094,001,Grounds,,010,010,,,,,
EWH,094,001,Grounds,,010,011,,,,,
EWH,094,002,Grounds,,010,008,,,,,
EWH,094,002,Grounds,,010,009,,,,,
EWH,094,002,Grounds,,010,010,,,,,
EWH,097,001,Grounds,,010,004,,,,,
EWH,097,001,Grounds,,010,005,,,,,
EWH,097,002,Grounds,,010,004,,,,,
EWH,097,002,Grounds,,010,006,,,,,
EWH,097,002,Grounds,,010,006,,,,,
EWH,097,002,Grounds,,010,007,,,,,
EWH,100,001,Grounds,,010,010,,,,,
EWH,100,001,Grounds,,010,011,,,,,
EWH,100,002,Grounds,,010,008,,,,,
EWH,101,001,Grounds,,010,009,,,,,
EWH,101,001,Grounds,,010,010,,,,,
EWH,102,002,Grounds,,010,009,,,,,
EWH,102,002,Grounds,,010,010,,,,,
EWH,110,001,Grounds,,010,008,,,,,
EWH,110,001,Grounds,,010,009,,,,,
EWH,110,003,Grounds,,010,008,,,,,
EWH,110,003,Grounds,,010,010,,,,,
EWH,110,003,Grounds,,010,011,,,,,
EWH,110,004,Grounds,,010,013,,,,,
EWH,110,004,Grounds,,010,016,,,,,
EWH,110,005,Grounds,,010,008,,,,,
EWH,110,005,Grounds,,010,010,,,,,
EWH,110,005,Grounds,,010,011,,,,,
EWH,110,005,Grounds,,010,012,,,,,
EWH,110,005,Grounds,,010,013,,,,,
EWH,111,001,Grounds,,010,001,,,,,
EWH,111,002,Grounds,,010,008,,,,,
EWH,112,001,Grounds,,010,001,,,,,
EWH,112,003,Grounds,,010,001,,,,,
EWH,112,004,Grounds,,010,005,,,,,
EWH,112,004,Grounds,,010,014,,,,,
EWH,112,005,Grounds,,010,008,,,,,
EWH,112,005,Grounds,,010,013,,,,,
EWH,112,005,Grounds,,010,014,,,,,
EWH,112,005,Grounds,,010,016,,,,,
EWH,113,001,Grounds,,010,008,,,,,
EWH,113,001,Grounds,,010,009,,,,,
EWH,113,001,Grounds,,010,014,,,,,
EWH,120,001,Grounds,,010,010,,,,,
EWH,120,002,Grounds,,010,010,,,,,
EWH,122,001,Grounds,,010,010,,,,,
EWH,122,001,Grounds,,010,010,,,,,
EWH,124,001,Grounds,,010,008,,,,,
EWH,130,001,Grounds,,010,006,,,,,
EWH,130,001,Grounds,,010,007,,,,,
EWH,130,001,Grounds,,010,016,,,,,
EWH,130,002,Grounds,,010,016,,,,,
EWH,130,004,Grounds,,010,006,,,,,
EWH,130,004,Grounds,,010,007,,,,,
EWH,130,004,Grounds,,010,016,,,,,
EWH,130,006,Grounds,,010,016,,,,,
EWH,130,008,Grounds,,010,006,,,,,
EWH,130,008,Grounds,,010,007,,,,,
EWH,130,008,Grounds,,010,016,,,,,
EWH,130,010,Grounds,,010,016,,,,,
EWH,130,010,Grounds,,010,016,,,,,
EWH,130,012,Grounds,,010,013,,,,,
EWH,130,012,Grounds,,010,016,,,,,
EWH,130,012,Grounds,,010,016,,,,,
EWH,135,001,Grounds,,010,016,,,,,
EWH,010,006,Headlamp Switch,,071,004,,,,,
EWH,013,002,Headlamp Switch,,085,001,,,,,
EWH,013,006,Headlamp Switch,,087,003,,,,,
EWH,013,013,Headlamp Switch,,087,005,,,,,
EWH,013,016,Headlamp Switch,,087,003,,,,,
EWH,013,017,Headlamp Switch,,071,003,,,,,
EWH,013,021,Headlamp Switch,,071,003,,,,,
EWH,044,002,Headlamp Switch,,071,003,,,,,
EWH,060,006,Headlamp Switch,,071,002,,,,,
EWH,061,003,Headlamp Switch,,071,003,,,,,
EWH,061,005,Headlamp Switch,,071,003,,,,,
EWH,066,002,Headlamp Switch,,071,003,,,,,
EWH,071,003,Headlamp Switch,,071,004,D,,,,
EWH,071,004,Headlamp Switch,,071,003,D,,,,
EWH,082,001,Headlamp Switch,,071,003,,,,,
EWH,085,001,Headlamp Switch,,071,004,,,,,
EWH,087,001,Headlamp Switch,,071,004,,,,,
EWH,087,003,Headlamp Switch,,071,004,,,,,
EWH,087,004,Headlamp Switch,,087,005,F,,,,
EWH,087,005,Headlamp Switch,,071,004,,,,,
EWH,087,005,Headlamp Switch,,087,004,F,,,,
EWH,089,001,Headlamp Switch,,071,003,,,,,
EWH,089,001,Headlamp Switch,,071,004,,,,,
EWH,092,001,Headlamp Switch,,071,004,,,,,
EWH,097,001,Headlamp Switch,,071,004,,,,,
EWH,060,005,Headlamps,,085,001,,,,,
EWH,061,004,Headlamps,,085,002,,,,,
EWH,071,004,Headlamps,,085,001,,,,,
EWH,087,002,Headlamps,,085,001,,,,,
EWH,087,002,Headlamps,,085,002,,,,,
EWH,010,007,Heater Function Selector Switch,,054,001,,,,,
EWH,013,011,Heater Function Selector Switch,,054,001,,,,,
EWH,013,003,High Speed Cooling Fan Relay,,033,001,,,,,
EWH,010,005,Hood Tamper Switch,,112,004,,,,,
EWH,013,005,Horn Relay,,044,001,,,,,
EWH,112,003,Horn Relay,,044,001,,,,,
EWH,044,001,Horn/Speed Control,,031,002,,,,,
EWH,031,002,Horns/Cigar Lighter,,044,001,,,,,
EWH,111,002,Horns/Cigar Lighter,,044,001,,,,,
EWH,112,003,Horns/Cigar Lighter,,044,001,,,,,
EWH,010,001,I/P Fuse Panel,,013,018,,,,,
EWH,012,001,I/P Fuse Panel,,013,014,,,,,
EWH,012,002,I/P Fuse Panel,,013,014,,,,,
EWH,013,002,I/P Fuse Panel,,013,019,,,,,
EWH,013,004,I/P Fuse Panel,,013,011,C,,,,
EWH,013,008,I/P Fuse Panel,,013,021,O,,,,
EWH,013,011,I/P Fuse Panel,,013,012,X,,,,
EWH,013,012,I/P Fuse Panel,,013,011,X,,,,
EWH,013,012,I/P Fuse Panel,,013,013,D,,,,
EWH,013,013,I/P Fuse Panel,,013,012,D,,,,
EWH,013,014,I/P Fuse Panel,,013,015,E,,,,
EWH,013,015,I/P Fuse Panel,,013,014,E,,,,
EWH,013,016,I/P Fuse Panel,,013,017,F,,,,
EWH,013,017,I/P Fuse Panel,,013,016,F,,,,
EWH,013,019,I/P Fuse Panel,,013,022,K,,,,
EWH,013,020,I/P Fuse Panel,,013,021,N,,,,
EWH,013,021,I/P Fuse Panel,,013,008,O,,,,
EWH,013,021,I/P Fuse Panel,,013,020,N,,,,
EWH,013,022,I/P Fuse Panel,,013,019,K,,,,
EWH,043,001,I/P Fuse Panel,,013,015,,,,,
EWH,043,001,I/P Fuse Panel,,013,018,,,,,
EWH,043,002,I/P Fuse Panel,,013,010,,,,,
EWH,043,003,I/P Fuse Panel,,013,018,,,,,
EWH,044,002,I/P Fuse Panel,,013,008,,,,,
EWH,044,002,I/P Fuse Panel,,013,017,,,,,
EWH,046,001,I/P Fuse Panel,,013,010,,,,,
EWH,046,001,I/P Fuse Panel,,013,014,,,,,
EWH,054,001,I/P Fuse Panel,,013,011,,,,,
EWH,054,002,I/P Fuse Panel,,013,010,,,,,
EWH,055,001,I/P Fuse Panel,,013,007,,,,,
EWH,055,001,I/P Fuse Panel,,013,010,,,,,
EWH,056,001,I/P Fuse Panel,,013,004,,,,,
EWH,059,001,I/P Fuse Panel,,013,007,,,,,
EWH,059,001,I/P Fuse Panel,,013,010,,,,,
EWH,059,001,I/P Fuse Panel,,013,012,,,,,
EWH,059,001,I/P Fuse Panel,,013,015,,,,,
EWH,059,002,I/P Fuse Panel,,013,021,,,,,
EWH,059,004,I/P Fuse Panel,,013,004,,,,,
EWH,059,004,I/P Fuse Panel,,013,018,,,,,
EWH,059,004,I/P Fuse Panel,,013,019,,,,,
EWH,059,005,I/P Fuse Panel,,013,022,,,,,
EWH,059,006,I/P Fuse Panel,,013,020,,,,,
EWH,059,006,I/P Fuse Panel,,013,021,,,,,
EWH,060,001,I/P Fuse Panel,,013,014,,,,,
EWH,060,001,I/P Fuse Panel,,013,015,,,,,
EWH,060,002,I/P Fuse Panel,,013,006,,,,,
EWH,060,002,I/P Fuse Panel,,013,011,,,,,
EWH,060,002,I/P Fuse Panel,,013,018,,,,,
EWH,060,002,I/P Fuse Panel,,013,018,,,,,
EWH,060,004,I/P Fuse Panel,,013,006,,,,,
EWH,060,004,I/P Fuse Panel,,013,011,,,,,
EWH,060,004,I/P Fuse Panel,,013,018,,,,,
EWH,060,004,I/P Fuse Panel,,013,018,,,,,
EWH,060,005,I/P Fuse Panel,,013,014,,,,,
EWH,060,006,I/P Fuse Panel,,013,017,,,,,
EWH,061,001,I/P Fuse Panel,,013,014,,,,,
EWH,061,001,I/P Fuse Panel,,013,015,,,,,
EWH,061,002,I/P Fuse Panel,,013,007,,,,,
EWH,061,002,I/P Fuse Panel,,013,011,,,,,
EWH,061,002,I/P Fuse Panel,,013,018,,,,,
EWH,061,004,I/P Fuse Panel,,013,014,,,,,
EWH,097,002,I/P Fuse Panel,,013,014,,,,,
EWH,097,002,I/P Fuse Panel,,013,015,,,,,
EWH,100,001,I/P Fuse Panel,,013,019,,,,,
EWH,100,001,I/P Fuse Panel,,013,019,,,,,
EWH,100,001,I/P Fuse Panel,,013,020,,,,,
EWH,100,002,I/P Fuse Panel,,013,019,,,,,
EWH,101,001,I/P Fuse Panel,,013,019,,,,,
EWH,101,001,I/P Fuse Panel,,013,020,,,,,
EWH,101,001,I/P Fuse Panel,,013,021,,,,,
EWH,102,001,I/P Fuse Panel,,013,019,,,,,
EWH,102,001,I/P Fuse Panel,,013,020,,,,,
EWH,102,001,I/P Fuse Panel,,013,021,,,,,
EWH,110,002,I/P Fuse Panel,,013,022,,,,,
EWH,110,005,I/P Fuse Panel,,013,008,,,,,
EWH,111,001,I/P Fuse Panel,,013,007,,,,,
EWH,111,001,I/P Fuse Panel,,013,019,,,,,
EWH,111,001,I/P Fuse Panel,,013,022,,,,,
EWH,112,001,I/P Fuse Panel,,013,007,,,,,
EWH,112,001,I/P Fuse Panel,,013,014,,,,,
EWH,112,003,I/P Fuse Panel,,013,007,,,,,
EWH,112,003,I/P Fuse Panel,,013,012,,,,,
EWH,112,003,I/P Fuse Panel,,013,022,,,,,
EWH,113,001,I/P Fuse Panel,,013,008,,,,,
EWH,122,001,I/P Fuse Panel,,013,002,,,,,
EWH,124,001,I/P Fuse Panel,,013,008,,,,,
EWH,130,001,I/P Fuse Panel,,013,004,,,,,
EWH,130,001,I/P Fuse Panel,,013,007,,,,,
EWH,130,001,I/P Fuse Panel,,013,010,,,,,
EWH,130,001,I/P Fuse Panel,,013,012,,,,,
EWH,130,001,I/P Fuse Panel,,013,015,,,,,
EWH,130,004,I/P Fuse Panel,,013,010,,,,,
EWH,130,004,I/P Fuse Panel,,013,012,,,,,
EWH,130,004,I/P Fuse Panel,,013,015,,,,,
EWH,130,005,I/P Fuse Panel,,013,004,,,,,
EWH,130,005,I/P Fuse Panel,,013,007,,,,,
EWH,130,008,I/P Fuse Panel,,013,010,,,,,
EWH,130,008,I/P Fuse Panel,,013,012,,,,,
EWH,130,008,I/P Fuse Panel,,013,015,,,,,
EWH,130,009,I/P Fuse Panel,,013,004,,,,,
EWH,130,009,I/P Fuse Panel,,013,007,,,,,
EWH,130,012,I/P Fuse Panel,,013,008,,,,,
EWH,130,012,I/P Fuse Panel,,013,010,,,,,
EWH,013,011,Instrument Cluster,Except 3.0L 2V FFV,060,004,,,,,
EWH,013,011,Instrument Cluster,3.0L 2V FFV,061,002,,,,,
EWH,013,014,Instrument Cluster,Except 3.0L 2V FFV,060,005,,,,,
EWH,013,014,Instrument Cluster,3.0L 2V FFV,061,004,,,,,
EWH,013,015,Instrument Cluster,Except 3.0L 2V FFV,060,001,,,,,
EWH,013,015,Instrument Cluster,3.0L 2V FFV,061,001,,,,,
EWH,013,017,Instrument Cluster,Except 3.0L 2V FFV,060,002,,,,,
EWH,013,017,Instrument Cluster,3.0L 2V FFV,061,004,,,,,
EWH,013,018,Instrument Cluster,Except 3.0L 2V FFV,060,003,,,,,
EWH,013,018,Instrument Cluster,3.0L 2V FFV,061,002,,,,,
EWH,021,001,Instrument Cluster,Except 3.0L 2V FFV,060,003,,,,,
EWH,021,001,Instrument Cluster,3.0L 2V FFV,061,003,,,,,
EWH,021,002,Instrument Cluster,Except 3.0L 2V FFV,060,003,,,,,
EWH,021,003,Instrument Cluster,Except 3.0L 2V FFV,060,003,,,,,
EWH,023,007,Instrument Cluster,Except 3.0L 2V FFV,060,002,,,,,
EWH,023,007,Instrument Cluster,Except 3.0L 2V FFV,060,003,,,,,
EWH,023,009,Instrument Cluster,Except 3.0L 2V FFV,060,002,,,,,
EWH,023,009,Instrument Cluster,Except 3.0L 2V FFV,060,003,,,,,
EWH,023,010,Instrument Cluster,Except 3.0L 2V FFV,060,003,,,,,
EWH,024,007,Instrument Cluster,Except 3.0L 2V FFV,060,002,,,,,
EWH,024,007,Instrument Cluster,Except 3.0L 2V FFV,060,003,,,,,
EWH,024,009,Instrument Cluster,Except 3.0L 2V FFV,060,002,,,,,
EWH,024,012,Instrument Cluster,Except 3.0L 2V FFV,060,003,,,,,
EWH,025,007,Instrument Cluster,3.0L 2V FFV,061,003,,,,,
EWH,025,009,Instrument Cluster,3.0L 2V FFV,061,002,,,,,
EWH,025,010,Instrument Cluster,3.0L 2V FFV,061,002,,,,,
EWH,026,007,Instrument Cluster,Except 3.0L 2V FFV,060,003,,,,,
EWH,026,007,Instrument Cluster,Except 3.0L 2V FFV,060,004,,,,,
EWH,026,009,Instrument Cluster,Except 3.0L 2V FFV,060,004,,,,,
EWH,026,012,Instrument Cluster,Except 3.0L 2V FFV,060,003,,,,,
EWH,060,004,Instrument Cluster,Except 3.0L 2V FFV,060,001,,,,,
EWH,060,004,Instrument Cluster,Except 3.0L 2V FFV,060,003,,,,,
EWH,060,005,Instrument Cluster,Except 3.0L 2V FFV,060,001,E,,,,
EWH,061,001,Instrument Cluster,3.0L 2V FFV,061,002,B,,,,
EWH,061,001,Instrument Cluster,3.0L 2V FFV,061,004,E,,,,
EWH,061,002,Instrument Cluster,3.0L 2V FFV,061,001,B,,,,
EWH,061,002,Instrument Cluster,3.0L 2V FFV,061,003,C,,,,
EWH,061,002,Instrument Cluster,3.0L 2V FFV,061,003,D,,,,
EWH,061,002,Instrument Cluster,3.0L 2V FFV,061,003,,,,,
EWH,061,003,Instrument Cluster,3.0L 2V FFV,061,002,,,,,
EWH,061,003,Instrument Cluster,3.0L 2V FFV,061,002,,,,,
EWH,061,004,Instrument Cluster,3.0L 2V FFV,061,001,,,,,
EWH,061,004,Instrument Cluster,3.0L 2V FFV,061,005,,,,,
EWH,061,005,Instrument Cluster,3.0L 2V FFV,061,004,,,,,
EWH,064,001,Instrument Cluster,Except 3.0L 2V FFV,060,002,,,,,
EWH,064,002,Instrument Cluster,3.0L 2V FFV,061,002,,,,,
EWH,066,001,Instrument Cluster,Except 3.0L 2V FFV,060,001,,,,,
EWH,066,001,Instrument Cluster,Except 3.0L 2V FFV,060,002,,,,,
EWH,066,001,Instrument Cluster,Except 3.0L 2V FFV,060,003,,,,,
EWH,071,003,Instrument Cluster,Except 3.0L 2V FFV,060,001,,,,,
EWH,071,003,Instrument Cluster,Except 3.0L 2V FFV,060,005,,,,,
EWH,071,003,Instrument Cluster,Except 3.0L 2V FFV,060,006,,,,,
EWH,071,003,Instrument Cluster,3.0L 2V FFV,061,003,,,,,
EWH,071,003,Instrument Cluster,3.0L 2V FFV,061,004,,,,,
EWH,071,003,Instrument Cluster,3.0L 2V FFV,061,005,,,,,
EWH,085,002,Instrument Cluster,Except 3.0L 2V FFV,060,005,,,,,
EWH,085,002,Instrument Cluster,3.0L 2V FFV,061,004,,,,,
EWH,087,002,Instrument Cluster,Except 3.0L 2V FFV,060,005,,,,,
EWH,087,002,Instrument Cluster,3.0L 2V FFV,061,004,,,,,
EWH,087,004,Instrument Cluster,Except 3.0L 2V FFV,061,003,,,,,
EWH,013,007,Integrated Control Panel (ICP),,130,001,,,,,
EWH,013,007,Integrated Control Panel (ICP),,130,005,,,,,
EWH,013,007,Integrated Control Panel (ICP),,130,009,,,,,
EWH,013,012,Integrated Control Panel (ICP),,130,001,,,,,
EWH,013,012,Integrated Control Panel (ICP),,130,004,,,,,
EWH,013,012,Integrated Control Panel (ICP),,130,008,,,,,
EWH,013,015,Integrated Control Panel (ICP),,130,001,,,,,
EWH,013,015,Integrated Control Panel (ICP),,130,004,,,,,
EWH,013,015,Integrated Control Panel (ICP),,130,008,,,,,
EWH,055,001,Integrated Control Panel (ICP),,130,001,,,,,
EWH,055,001,Integrated Control Panel (ICP),,130,005,,,,,
EWH,055,001,Integrated Control Panel (ICP),,130,009,,,,,
EWH,055,002,Integrated Control Panel (ICP),,130,001,,,,,
EWH,055,002,Integrated Control Panel (ICP),,130,004,,,,,
EWH,055,002,Integrated Control Panel (ICP),,130,008,,,,,
EWH,056,001,Integrated Control Panel (ICP),,130,001,,,,,
EWH,059,004,Integrated Control Panel (ICP),,130,001,,,,,
EWH,059,004,Integrated Control Panel (ICP),,130,004,,,,,
EWH,059,004,Integrated Control Panel (ICP),,130,008,,,,,
EWH,061,003,Integrated Control Panel (ICP),,130,001,,,,,
EWH,061,003,Integrated Control Panel (ICP),,130,004,,,,,
EWH,061,003,Integrated Control Panel (ICP),,130,008,,,,,
EWH,087,004,Integrated Control Panel (ICP),,130,001,,,,,
EWH,087,004,Integrated Control Panel (ICP),,130,004,,,,,
EWH,087,004,Integrated Control Panel (ICP),,130,008,,,,,
EWH,135,001,Integrated Control Panel (ICP),,130,001,,,,,
EWH,135,001,Integrated Control Panel (ICP),,130,004,,,,,
EWH,135,001,Integrated Control Panel (ICP),,130,008,,,,,
EWH,135,001,Integrated Control Panel (ICP),,130,009,,,,,
EWH,059,002,Interior Lamp Relay,,013,021,,,,,
EWH,094,002,Interior Lamp Relay,,089,001,,,,,
EWH,059,005,Interval Wiper/Washer,,081,001,,,,,
EWH,013,019,Left Master Door Lock Switch,Sedan,110,003,,,,,
EWH,013,019,Left Master Door Lock Switch,Wagon,110,003,,,,,
EWH,071,001,Left Master Door Lock Switch,Sedan,110,003,,,,,
EWH,071,001,Left Master Door Lock Switch,Wagon,110,003,,,,,
EWH,010,010,Left Power Lumbar Compressor,,122,001,,,,,
EWH,010,008,Left Power Mirror Switch,Sedan,124,001,,,,,
EWH,010,008,Left Power Mirror Switch,Wagon,124,001,,,,,
EWH,013,008,Left Power Mirror Switch,Sedan,124,001,,,,,
EWH,013,008,Left Power Mirror Switch,Wagon,124,001,,,,,
EWH,010,008,Left Power/Heated Mirror,Sedan,056,001,,,,,
EWH,010,008,Left Power/Heated Mirror,Wagon,056,001,,,,,
EWH,013,004,Left Power/Heated Mirror,Sedan,056,001,,,,,
EWH,013,004,Left Power/Heated Mirror,Wagon,056,001,,,,,
EWH,056,001,Left Power/Heated Mirror,Sedan,124,001,,,,,
EWH,056,001,Left Power/Heated Mirror,Wagon,124,001,,,,,
EWH,010,009,Left Rear Door Ajar Switch,Sedan,059,001,,,,,
EWH,010,009,Left Rear Door Ajar Switch,Wagon,059,001,,,,,
EWH,013,024,Left Rear Door Lock Motor,Sedan,110,002,,,,,
EWH,013,024,Left Rear Door Lock Motor,Wagon,110,002,,,,,
EWH,010,012,Left Rear Park/Stop Lamp,Wagon,090,004,,,,,
EWH,010,015,Left Rear Park/Stop Lamp,Sedan,090,003,,,,,
EWH,010,017,Left Rear Shock Actuator,,041,003,,,,,
EWH,010,012,Left Rear Side Marker Lamp,Wagon,092,004,,,,,
EWH,010,014,Left Rear Side Marker Lamp,Sedan,092,002,,,,,
EWH,010,014,Left Rear Side Marker Lamp,Sedan,092,003,,,,,
EWH,010,015,Left Rear Side Marker Lamp,Sedan,092,002,,,,,
EWH,010,012,Left Rear Turn Lamp,Wagon,090,004,,,,,
EWH,010,015,Left Rear Turn Lamp,Sedan,090,003,,,,,
EWH,010,009,Left Rear Window Switch,Sedan,100,002,,,,,
EWH,010,009,Left Rear Window Switch,Wagon,100,002,,,,,
EWH,071,002,Left Rear Window Switch,Sedan,100,002,,,,,
EWH,071,002,Left Rear Window Switch,Wagon,100,002,,,,,
EWH,013,019,Master Window Control Switch,Wagon,100,001,,,,,
EWH,013,019,Master Window Control Switch,Sedan,100,002,,,,,
EWH,013,019,Master Window Control Switch,Wagon,100,002,,,,,
EWH,013,020,Master Window Control Switch,Sedan,100,001,,,,,
EWH,013,020,Master Window Control Switch,Wagon,100,001,,,,,
EWH,013,021,Master Window Control Switch,Sedan,100,001,,,,,
EWH,013,021,Master Window Control Switch,Wagon,100,001,,,,,
EWH,071,001,Master Window Control Switch,Sedan,100,002,,,,,
EWH,071,001,Master Window Control Switch,Wagon,100,002,,,,,
EWH,071,002,Master Window Control Switch,Sedan,100,002,,,,,
EWH,071,002,Master Window Control Switch,Wagon,100,002,,,,,
EWH,010,009,Moonroof Drive Assembly,Sedan,101,001,,,,,
EWH,010,009,Moonroof Drive Assembly,Wagon,101,001,,,,,
EWH,010,009,Moonroof Drive Assembly,Sedan,102,002,,,,,
EWH,010,009,Moonroof Drive Assembly,Wagon,102,002,,,,,
EWH,013,019,Moonroof Drive Assembly,Sedan,101,001,,,,,
EWH,013,019,Moonroof Drive Assembly,Wagon,101,001,,,,,
EWH,013,002,Multi-function Switch,,085,001,,,,,
EWH,013,007,Multi-Function Switch,,090,001,,,,,
EWH,013,010,Multi-function Switch,,090,001,,,,,
EWH,013,015,Multi-function Switch,,085,001,,,,,
EWH,013,016,Multi-function Switch,,085,001,,,,,
EWH,081,002,Multi-Function Switch,,149,007,,,,,
EWH,085,001,Multi-Function Switch,,149,007,,,,,
EWH,087,001,Multi-Function Switch,,149,007,,,,,
EWH,090,001,Multi-Function Switch,,149,007,,,,,
EWH,097,001,Multi-Function Switch,,149,007,,,,,
EWH,024,007,Multiplex Communication Network,,014,002,,,,,
EWH,026,007,Multiplex Communication Network,,014,002,,,,,
EWH,041,001,Multiplex Communication Network,,014,001,,,,,
EWH,042,002,Multiplex Communication Network,,014,001,,,,,
EWH,043,002,Multiplex Communication Network,,014,001,,,,,
EWH,014,001,I/P Fuse Panel,,013,007,,,,,
EWH,020,001,I/P Fuse Panel,,013,010,,,,,
EWH,020,002,I/P Fuse Panel,,013,010,,,,,
EWH,021,001,I/P Fuse Panel,,013,014,,,,,
EWH,021,002,I/P Fuse Panel,,013,014,,,,,
EWH,021,003,I/P Fuse Panel,,013,014,,,,,
EWH,023,002,I/P Fuse Panel,,013,014,,,,,
EWH,023,008,I/P Fuse Panel,,013,007,,,,,
EWH,023,008,I/P Fuse Panel,,013,014,,,,,
EWH,023,009,I/P Fuse Panel,,013,018,,,,,
EWH,023,009,I/P Fuse Panel,,013,018,,,,,
EWH,024,002,I/P Fuse Panel,,013,014,,,,,
EWH,024,008,I/P Fuse Panel,,013,014,,,,,
EWH,024,009,I/P Fuse Panel,,013,018,,,,,
EWH,024,009,I/P Fuse Panel,,013,018,,,,,
EWH,024,011,I/P Fuse Panel,,013,007,,,,,
EWH,025,002,I/P Fuse Panel,,013,014,,,,,
EWH,025,008,I/P Fuse Panel,,013,007,,,,,
EWH,025,008,I/P Fuse Panel,,013,014,,,,,
EWH,025,009,I/P Fuse Panel,,013,018,,,,,
EWH,025,009,I/P Fuse Panel,,013,018,,,,,
EWH,026,002,I/P Fuse Panel,,013,014,,,,,
EWH,026,008,I/P Fuse Panel,,013,014,,,,,
EWH,026,009,I/P Fuse Panel,,013,018,,,,,
EWH,026,011,I/P Fuse Panel,,013,007,,,,,
EWH,029,001,I/P Fuse Panel,,013,007,,,,,
EWH,029,001,I/P Fuse Panel,,013,015,,,,,
EWH,029,004,I/P Fuse Panel,,013,010,,,,,
EWH,029,004,I/P Fuse Panel,,013,011,,,,,
EWH,029,005,I/P Fuse Panel,,013,010,,,,,
EWH,029,005,I/P Fuse Panel,,013,011,,,,,
EWH,031,001,I/P Fuse Panel,,013,007,,,,,
EWH,031,001,I/P Fuse Panel,,013,012,,,,,
EWH,031,002,I/P Fuse Panel,,013,018,,,,,
EWH,037,001,I/P Fuse Panel,,013,007,,,,,
EWH,037,001,I/P Fuse Panel,,013,011,,,,,
EWH,041,001,I/P Fuse Panel,,013,010,,,,,
EWH,042,001,I/P Fuse Panel,,013,007,,,,,
EWH,042,001,I/P Fuse Panel,,013,014,,,,,
EWH,042,001,I/P Fuse Panel,,013,015,,,,,
EWH,043,001,I/P Fuse Panel,,013,007,,,,,
EWH,043,001,I/P Fuse Panel,,013,010,,,,,
EWH,061,005,I/P Fuse Panel,,013,017,,,,,
EWH,064,001,I/P Fuse Panel,,013,018,,,,,
EWH,064,001,I/P Fuse Panel,,013,018,,,,,
EWH,064,002,I/P Fuse Panel,,013,018,,,,,
EWH,064,002,I/P Fuse Panel,,013,018,,,,,
EWH,066,001,I/P Fuse Panel,,013,007,,,,,
EWH,066,001,I/P Fuse Panel,,013,010,,,,,
EWH,066,001,I/P Fuse Panel,,013,011,,,,,
EWH,066,001,I/P Fuse Panel,,013,012,,,,,
EWH,066,001,I/P Fuse Panel,,013,014,,,,,
EWH,066,001,I/P Fuse Panel,,013,015,,,,,
EWH,066,001,I/P Fuse Panel,,013,018,,,,,
EWH,071,001,I/P Fuse Panel,,013,019,,,,,
EWH,071,003,I/P Fuse Panel,,013,017,,,,,
EWH,081,001,I/P Fuse Panel,,013,013,,,,,
EWH,082,001,I/P Fuse Panel,,013,012,,,,,
EWH,085,001,I/P Fuse Panel,,013,015,,,,,
EWH,085,001,I/P Fuse Panel,,013,016,,,,,
EWH,087,001,I/P Fuse Panel,,013,015,,,,,
EWH,087,001,I/P Fuse Panel,,013,016,,,,,
EWH,087,003,I/P Fuse Panel,,013,016,,,,,
EWH,087,003,I/P Fuse Panel,,087,004,A,,,,
EWH,087,004,I/P Fuse Panel,,013,017,,,,,
EWH,087,004,I/P Fuse Panel,,087,003,A,,,,
EWH,087,005,I/P Fuse Panel,,013,008,,,,,
EWH,087,005,I/P Fuse Panel,,013,013,,,,,
EWH,087,005,I/P Fuse Panel,,013,015,,,,,
EWH,089,001,I/P Fuse Panel,,013,021,,,,,
EWH,089,005,I/P Fuse Panel,,013,008,,,,,
EWH,090,001,I/P Fuse Panel,,013,007,,,,,
EWH,090,001,I/P Fuse Panel,,013,010,,,,,
EWH,090,002,I/P Fuse Panel,,013,007,,,,,
EWH,092,001,I/P Fuse Panel,,013,016,,,,,
EWH,092,001,I/P Fuse Panel,,013,017,,,,,
EWH,093,001,I/P Fuse Panel,,013,011,,,,,
EWH,093,002,I/P Fuse Panel,,013,011,,,,,
EWH,094,002,I/P Fuse Panel,,013,007,,,,,
EWH,094,002,I/P Fuse Panel,,013,021,,,,,
EWH,094,002,I/P Fuse Panel,,013,012,,,,,
EWH,097,001,I/P Fuse Panel,,013,015,,,,,
EWH,097,001,I/P Fuse Panel,,013,016,,,,,
EWH,097,002,I/P Fuse Panel,,013,011,,,,,
EWH,135,001,I/P Fuse Panel,,013,012,,,,,
EWH,013,014,Ignition Coil,3.0L 2V,023,008,,,,,
EWH,013,014,Ignition Coil,3.0L 4V,024,008,,,,,
EWH,013,014,Ignition Coil,3.0L 2V FFV,025,008,,,,,
EWH,010,007,Ignition Switch,,013,009,,,,,
EWH,013,003,Ignition Switch,,013,009,,,,,
EWH,013,009,Ignition Switch,,149,006,,,,,
EWH,013,010,Ignition Switch,,013,009,,,,,
EWH,013,010,Ignition Switch,,013,009,,,,,
EWH,013,010,Ignition Switch,,149,006,,,,,
EWH,013,010,Ignition Switch,,149,006,,,,,
EWH,013,011,Ignition Switch,,013,009,,,,,
EWH,013,011,Ignition Switch,,149,006,,,,,
EWH,013,012,Ignition Switch,,013,009,,,,,
EWH,013,012,Ignition Switch,,149,006,,,,,
EWH,013,014,Ignition Switch,,013,009,,,,,
EWH,020,001,Ignition Switch,,013,010,,,,,
EWH,020,002,Ignition Switch,,013,010,,,,,
EWH,021,001,Ignition Switch,,013,014,,,,,
EWH,021,001,Ignition Switch,,149,006,,,,,
EWH,021,002,Ignition Switch,,013,014,,,,,
EWH,021,002,Ignition Switch,,149,006,,,,,
EWH,021,003,Ignition Switch,,013,014,,,,,
EWH,021,003,Ignition Switch,,149,006,,,,,
EWH,060,001,Ignition Switch,,013,009,,,,,
EWH,060,001,Ignition Switch,,149,005,,,,,
EWH,061,001,Ignition Switch,,013,009,,,,,
EWH,061,001,Ignition Switch,,149,006,,,,,
EWH,087,005,Ignition Switch,,013,009,,,,,
EWH,097,002,Ignition Switch,,013,009,,,,,
EWH,097,002,Ignition Switch,,149,006,,,,,
EWH,010,006,Instrument Cluster,Except 3.0L 2V FFV,060,005,,,,,
EWH,010,006,Instrument Cluster,3.0L 2V FFV,061,004,,,,,
EWH,012,001,Instrument Cluster,Except 3.0L 2V FFV,060,005,,,,,
EWH,012,001,Instrument Cluster,3.0L 2V FFV,061,004,,,,,
EWH,012,002,Instrument Cluster,Except 3.0L 2V FFV,060,005,,,,,
EWH,013,007,Instrument Cluster,Except 3.0L 2V FFV,060,004,,,,,
EWH,013,007,Instrument Cluster,3.0L 2V FFV,061,002,,,,,
EWH,029,001,Instrument Cluster,Except 3.0L 2V FFV,060,003,,,,,
EWH,031,001,Instrument Cluster,Except 3.0L 2V FFV,060,005,,,,,
EWH,031,001,Instrument Cluster,3.0L 2V FFV,061,004,,,,,
EWH,037,001,Instrument Cluster,Except 3.0L 2V FFV,060,002,,,,,
EWH,037,001,Instrument Cluster,Except 3.0L 2V FFV,060,004,,,,,
EWH,037,001,Instrument Cluster,3.0L 2V FFV,061,002,,,,,
EWH,042,001,Instrument Cluster,Except 3.0L 2V FFV,060,005,,,,,
EWH,042,001,Instrument Cluster,3.0L 2V FFV,061,004,,,,,
EWH,043,001,Instrument Cluster,Except 3.0L 2V FFV,060,002,,,,,
EWH,043,001,Instrument Cluster,3.0L 2V FFV,061,002,,,,,
EWH,043,003,Instrument Cluster,Except 3.0L 2V FFV,060,004,,,,,
EWH,046,001,Instrument Cluster,Except 3.0L 2V FFV,060,005,,,,,
EWH,046,001,Instrument Cluster,3.0L 2V FFV,061,004,,,,,
EWH,055,001,Instrument Cluster,Except 3.0L 2V FFV,060,002,,,,,
EWH,055,001,Instrument Cluster,3.0L 2V FFV,061,002,,,,,
EWH,059,003,Instrument Cluster,Except 3.0L 2V FFV,060,002,,,,,
EWH,059,003,Instrument Cluster,Except 3.0L 2V FFV,060,004,,,,,
EWH,060,001,Instrument Cluster,Except 3.0L 2V FFV,060,002,B,,,,
EWH,060,001,Instrument Cluster,Except 3.0L 2V FFV,060,004,B,,,,
EWH,060,001,Instrument Cluster,Except 3.0L 2V FFV,060,005,E,,,,
EWH,060,002,Instrument Cluster,Except 3.0L 2V FFV,060,001,B,,,,
EWH,060,002,Instrument Cluster,Except 3.0L 2V FFV,060,003,C,,,,
EWH,060,002,Instrument Cluster,Except 3.0L 2V FFV,060,003,D,,,,
EWH,060,003,Instrument Cluster,Except 3.0L 2V FFV,060,002,C,,,,
EWH,060,003,Instrument Cluster,Except 3.0L 2V FFV,060,002,D,,,,
EWH,060,003,Instrument Cluster,Except 3.0L 2V FFV,060,002,G,,,,
EWH,060,003,Instrument Cluster,Except 3.0L 2V FFV,060,004,C,,,,
EWH,060,003,Instrument Cluster,Except 3.0L 2V FFV,060,004,D,,,,
EWH,060,003,Instrument Cluster,Except 3.0L 2V FFV,060,004,G,,,,
EWH,090,001,Instrument Cluster,Except 3.0L 2V FFV,060,006,,,,,
EWH,090,001,Instrument Cluster,3.0L 2V FFV,061,005,,,,,
EWH,097,002,Instrument Cluster,Except 3.0L 2V FFV,060,001,,,,,
EWH,097,002,Instrument Cluster,Except 3.0L 2V FFV,060,004,,,,,
EWH,097,002,Instrument Cluster,3.0L 2V FFV,061,004,,,,,
EWH,112,001,Instrument Cluster,Except 3.0L 2V FFV,060,006,,,,,
EWH,029,001,Instrument Illumination,,071,003,,,,,
EWH,044,002,Instrument Illumination,,071,003,,,,,
EWH,060,006,Instrument Illumination,,071,002,,,,,
EWH,060,006,Instrument Illumination,,071,003,,,,,
EWH,061,005,Instrument Illumination,,071,003,,,,,
EWH,061,005,Instrument Illumination,,071,003,,,,,
EWH,082,001,Instrument Illumination,,071,003,,,,,
EWH,087,004,Instrument Illumination,,071,003,,,,,
EWH,110,003,Instrument Illumination,,071,001,,,,,
EWH,110,003,Instrument Illumination,,071,001,,,,,
EWH,029,001,Intake Air Temperature (IAT) Sensor,3.0L 2V,023,005,,,,,
EWH,029,001,Intake Air Temperature (IAT) Sensor,3.0L 4V,024,004,,,,,
EWH,029,001,Intake Air Temperature (IAT) Sensor,3.0L 2V FFV,025,005,,,,,
EWH,029,001,Intake Air Temperature (IAT) Sensor,3.4L SHO,026,004,,,,,
EWH,010,002,Intake Manifold Runner Control (IMRC),3.0L 4V,024,005,,,,,
EWH,010,002,Intake Manifold Runner Control (IMRC),3.4L SHO,026,005,,,,,
EWH,010,007,Integrated Control Panel (ICP),,130,001,,,,,
EWH,010,007,Integrated Control Panel (ICP),,130,004,,,,,
EWH,010,007,Integrated Control Panel (ICP),,130,008,,,,,
EWH,010,016,Integrated Control Panel (ICP),,130,001,,,,,
EWH,010,016,Integrated Control Panel (ICP),,130,004,,,,,
EWH,010,016,Integrated Control Panel (ICP),,130,008,,,,,
EWH,013,004,Integrated Control Panel (ICP),,130,001,,,,,
EWH,013,004,Integrated Control Panel (ICP),,130,005,,,,,
EWH,013,004,Integrated Control Panel (ICP),,130,009,,,,,
EWH,059,005,Interval Wiper/Washer,,081,002,,,,,
EWH,010,008,Keyless Entry Keypad Switch Assembly,Sedan,111,002,,,,,
EWH,010,008,Keyless Entry Keypad Switch Assembly,Wagon,111,002,,,,,
EWH,010,013,Left Backup Lamp,Wagon,093,001,,,,,
EWH,010,014,Left Backup Lamp,Sedan,093,001,,,,,
EWH,010,008,Left Front Door Ajar Switch,Sedan,059,001,,,,,
EWH,010,008,Left Front Door Ajar Switch,Wagon,059,001,,,,,
EWH,013,022,Left Front Door Lock Motor,Sedan,110,002,,,,,
EWH,013,022,Left Front Door Lock Motor,Wagon,110,002,,,,,
EWH,010,008,Left Front Door Lock Switch,Sedan,110,005,,,,,
EWH,010,008,Left Front Door Lock Switch,Wagon,110,005,,,,,
EWH,013,016,Left Front Marker Lamp,,092,001,,,,,
EWH,010,004,Left Front Park/Turn Lamp,,090,005,,,,,
EWH,013,016,Left Front Park/Turn Lamp,,092,001,,,,,
EWH,010,004,Left Front Shock Actuator,,041,003,,,,,
EWH,010,004,Left Front Turn Lamp,,090,005,,,,,
EWH,013,020,Left Front Window Motor,Sedan,100,001,,,,,
EWH,013,020,Left Front Window Motor,Wagon,100,001,,,,,
EWH,013,021,Left Front Window Motor,Sedan,100,001,,,,,
EWH,013,021,Left Front Window Motor,Wagon,100,001,,,,,
EWH,010,005,Left Headlamp,,085,001,,,,,
EWH,013,015,Left Headlamp,,085,001,,,,,
EWH,013,016,Left Headlamp,,085,001,,,,,
EWH,010,013,Left Hi Mount Stop Lamp,Wagon,090,002,,,,,
EWH,010,016,Left Hi Mount Stop Lamp,Sedan,090,002,,,,,
EWH,010,016,Left Hi Mount Stop Lamp,Wagon,090,002,,,,,
EWH,010,006,Left I/P Courtesy Lamp,,089,001,,,,,
EWH,013,021,Left I/P Courtesy Lamp,,089,001,,,,,
EWH,010,014,Left License Lamp,,092,002,,,,,
EWH,010,014,Left License Lamp,,092,003,,,,,
EWH,013,002,Left Lumbar Seat Switch,,122,001,,,,,
EWH,010,008,Left Master Door Lock Switch,Sedan,110,003,,,,,
EWH,010,008,Left Master Door Lock Switch,Wagon,110,003,,,,,
EWH,010,010,Left Seat Control Switch,,120,001,,,,,
EWH,013,002,Left Seat Control Switch,,120,001,,,,,
EWH,122,001,Left Seat Control Switch,,120,001,,,,,
EWH,013,020,Left Vanity Lamp,Sedan,089,005,,,,,
EWH,013,020,Left Vanity Lamp,Wagon,089,005,,,,,
EWH,010,013,License Lamps,,092,004,,,,,
EWH,010,013,Liftgate Door Ajar Switch,,059,001,,,,,
EWH,089,002,Liftgate Lock Switch,,110,003,,,,,
EWH,013,022,Liftgate Unlock Relay,,110,001,,,,,
EWH,013,024,Liftgate Unlock Relay,,110,001,,,,,
EWH,111,001,Liftgate Unlock Relay,,110,001,,,,,
EWH,013,012,Liftgate Washer Pump Motor,,082,001,,,,,
EWH,010,013,Liftgate Window Ajar Switch,,059,001,,,,,
EWH,010,013,Liftgate Wiper Motor,,082,001,,,,,
EWH,013,012,Liftgate Wiper Motor,,082,001,,,,,
EWH,010,006,Liftgate Wiper/Washer Control,,082,001,,,,,
EWH,013,012,Liftgate Wiper/Washer Control,,082,001,,,,,
EWH,071,003,Liftgate Wiper/Washer Control,,082,001,,,,,
EWH,013,008,Light Sensor/Amplifier,,087,005,,,,,
EWH,013,015,Light Sensor/Amplifier,,087,005,,,,,
EWH,013,003,Low Speed Cooling Fan Relay,,033,001,,,,,
EWH,013,008,Luggage Compartment Lamp,,089,005,,,,,
EWH,010,002,Mass Air Flow (MAF) Sensor,3.0L 2V,023,004,,,,,
EWH,010,002,Mass Air Flow (MAF) Sensor,3.0L 4V,024,005,,,,,
EWH,010,002,Mass Air Flow (MAF) Sensor,3.0L 2V FFV,025,004,,,,,
EWH,010,002,Mass Air Flow (MAF) Sensor,3.4L SHO,026,005,,,,,
EWH,029,003,Mass Air Flow (MAF) Sensor,3.0L 2V,023,004,,,,,
EWH,029,003,Mass Air Flow (MAF) Sensor,3.0L 4V,024,005,,,,,
EWH,029,003,Mass Air Flow (MAF) Sensor,3.0L 2V FFV,025,004,,,,,
EWH,029,003,Mass Air Flow (MAF) Sensor,3.4L SHO,026,005,,,,,
EWH,010,008,Master Window Control Switch,Sedan,100,002,,,,,
EWH,010,008,Master Window Control Switch,Wagon,100,002,,,,,
EWH,013,019,Master Window Control Switch,Sedan,100,001,,,,,
EWH,046,002,Multiplex Communication Network,,014,001,,,,,
EWH,055,003,Multiplex Communication Network,,014,002,,,,,
EWH,059,006,Multiplex Communication Network,,014,001,,,,,
EWH,066,001,Multiplex Communication Network,,014,001,,,,,
EWH,111,002,Multiplex Communication Network,,014,001,,,,,
EWH,112,001,Multiplex Communication Network,,014,002,,,,,
EWH,112,004,Multiplex Communication Network,,014,001,,,,,
EWH,059,006,One Touch Window Down Relay,,013,020,,,,,
EWH,010,009,Overhead Console,Sedan,102,002,,,,,
EWH,010,009,Overhead Console,Wagon,102,002,,,,,
EWH,013,021,Overhead Console,Sedan,102,002,,,,,
EWH,013,021,Overhead Console,Wagon,102,002,,,,,
EWH,013,023,Overhead Console,Sedan,102,002,,,,,
EWH,013,023,Overhead Console,Wagon,102,002,,,,,
EWH,089,003,Overhead Console,Sedan,102,002,,,,,
EWH,089,003,Overhead Console,Wagon,102,002,,,,,
EWH,101,001,Overhead Console,Sedan,102,002,,,,,
EWH,101,001,Overhead Console,Wagon,102,002,,,,,
EWH,102,001,Overhead Console,Sedan,013,002,,,,,
EWH,102,001,Overhead Console,Wagon,013,002,,,,,
EWH,010,001,Passive Anti-Theft System (PATS) Module,,112,001,,,,,
EWH,013,007,Passive Anti-Theft System (PATS) Module,,112,001,,,,,
EWH,013,014,Passive Anti-theft System (PATS) Module,,112,001,,,,,
EWH,014,002,Passive Anti-Theft System (PATS) Module,,112,001,,,,,
EWH,020,002,Passive Anti-Theft System (PATS) Module,,112,001,,,,,
EWH,021,002,Passive Anti-Theft System (PATS) Module,,112,001,,,,,
EWH,024,008,Passive Anti-theft System (PATS) Module,,112,001,,,,,
EWH,060,006,Passive Anti-theft System (PATS) Module,,112,001,,,,,
EWH,013,014,PCM Diode,,023,002,,,,,
EWH,013,014,PCM Diode,,024,002,,,,,
EWH,013,014,PCM Diode,,025,002,,,,,
EWH,013,014,PCM Diode,,026,002,,,,,
EWH,010,005,PCM Relay,,023,002,,,,,
EWH,010,005,PCM Relay,,024,002,,,,,
EWH,010,005,PCM Relay,,025,002,,,,,
EWH,010,005,PCM Relay,,026,002,,,,,
EWH,013,003,PCM Relay,,023,002,,,,,
EWH,013,003,PCM Relay,,024,002,,,,,
EWH,013,003,PCM Relay,,025,002,,,,,
EWH,013,003,PCM Relay,,026,002,,,,,
EWH,029,002,PCM Relay,,023,002,,,,,
EWH,029,002,PCM Relay,,024,002,,,,,
EWH,029,002,PCM Relay,,025,002,,,,,
EWH,029,002,PCM Relay,,026,002,,,,,
EWH,010,013,Power Antenna,Wagon,130,012,,,,,
EWH,010,016,Power Antenna,Sedan,130,012,,,,,
EWH,010,016,Power Antenna,Wagon,130,012,,,,,
EWH,013,008,Power Antenna,Sedan,130,012,,,,,
EWH,013,008,Power Antenna,Wagon,130,012,,,,,
EWH,013,010,Power Antenna,Sedan,130,012,,,,,
EWH,013,010,Power Antenna,Wagon,130,012,,,,,
EWH,130,001,Power Antenna,Sedan,130,012,,,,,
EWH,130,001,Power Antenna,Wagon,130,012,,,,,
EWH,130,002,Power Antenna,Sedan,130,012,,,,,
EWH,130,002,Power Antenna,Wagon,130,012,,,,,
EWH,130,004,Power Antenna,Sedan,130,012,,,,,
EWH,130,004,Power Antenna,Wagon,130,012,,,,,
EWH,130,006,Power Antenna,Sedan,130,012,,,,,
EWH,130,006,Power Antenna,Wagon,130,012,,,,,
EWH,130,008,Power Antenna,Sedan,130,012,,,,,
EWH,130,008,Power Antenna,Wagon,130,012,,,,,
EWH,130,010,Power Antenna,Sedan,130,012,,,,,
EWH,130,010,Power Antenna,Wagon,130,012,,,,,
EWH,012,001,Power Distribution,,013,001,,,,,
EWH,012,002,Power Distribution,,013,001,,,,,
EWH,013,009,Power Distribution,,013,001,,,,,
EWH,013,009,Power Distribution,,013,010,,,,,
EWH,013,009,Power Distribution,,013,010,,,,,
EWH,013,009,Power Distribution,,013,011,,,,,
EWH,013,009,Power Distribution,,013,012,,,,,
EWH,013,009,Power Distribution,,013,014,,,,,
EWH,013,009,Power Distribution,,013,003,,,,,
EWH,013,019,Power Distribution,,013,002,,,,,
EWH,020,001,Power Distribution,,013,001,,,,,
EWH,087,005,Power Distribution,,013,015,,,,,
EWH,089,005,Power Distribution,,013,008,,,,,
EWH,092,001,Power Distribution,,013,006,,,,,
EWH,093,001,Power Distribution,,013,011,,,,,
EWH,093,002,Power Distribution,,013,011,,,,,
EWH,094,002,Power Distribution,,013,015,,,,,
EWH,097,001,Power Distribution,,013,015,,,,,
EWH,097,002,Power Distribution,,013,011,,,,,
EWH,097,002,Power Distribution,,013,014,,,,,
EWH,100,001,Power Distribution,,013,019,,,,,
EWH,100,001,Power Distribution,,013,019,,,,,
EWH,100,001,Power Distribution,,013,020,,,,,
EWH,100,002,Power Distribution,,013,019,,,,,
EWH,101,001,Power Distribution,,013,019,,,,,
EWH,101,001,Power Distribution,,013,019,,,,,
EWH,101,001,Power Distribution,,013,021,,,,,
EWH,101,001,Power Distribution,,013,022,,,,,
EWH,102,001,Power Distribution,,013,019,,,,,
EWH,102,001,Power Distribution,,013,019,,,,,
EWH,102,001,Power Distribution,,013,021,,,,,
EWH,102,001,Power Distribution,,013,022,,,,,
EWH,110,001,Power Distribution,,013,019,,,,,
EWH,110,001,Power Distribution,,013,022,,,,,
EWH,110,005,Power Distribution,,013,008,,,,,
EWH,111,002,Power Distribution,,013,012,,,,,
EWH,112,001,Power Distribution,,013,014,,,,,
EWH,112,003,Power Distribution,,013,012,,,,,
EWH,120,001,Power Distribution,,013,002,,,,,
EWH,120,002,Power Distribution,,013,002,,,,,
EWH,122,001,Power Distribution,,013,002,,,,,
EWH,124,001,Power Distribution,,013,008,,,,,
EWH,130,001,Power Distribution,,013,007,,,,,
EWH,130,001,Power Distribution,,013,015,,,,,
EWH,130,004,Power Distribution,,013,015,,,,,
EWH,130,005,Power Distribution,,013,007,,,,,
EWH,130,006,Power Distribution,,013,004,,,,,
EWH,130,008,Power Distribution,,013,015,,,,,
EWH,130,009,Power Distribution,,013,007,,,,,
EWH,130,010,Power Distribution,,013,004,,,,,
EWH,010,003,Powertrain Control Module (PCM),3.4L SHO,026,003,,,,,
EWH,013,005,Powertrain Control Module (PCM),3.0L 2V,023,007,,,,,
EWH,013,005,Powertrain Control Module (PCM),3.0L 4V,024,007,,,,,
EWH,013,005,Powertrain Control Module (PCM),3.0L 2V FFV,025,007,,,,,
EWH,013,005,Powertrain Control Module (PCM),3.4L SHO,026,007,,,,,
EWH,013,018,Powertrain Control Module (PCM),3.0L 2V,023,009,,,,,
EWH,013,018,Powertrain Control Module (PCM),3.0L 4V,024,009,,,,,
EWH,013,018,Powertrain Control Module (PCM),3.0L 2V FFV,025,009,,,,,
EWH,013,018,Powertrain Control Module (PCM),3.4L SHO,026,009,,,,,
EWH,014,002,Powertrain Control Module (PCM),3.0L 2V,023,007,,,,,
EWH,014,002,Powertrain Control Module (PCM),3.0L 4V,024,007,,,,,
EWH,014,002,Powertrain Control Module (PCM),3.0L 2V FFV,025,007,,,,,
EWH,014,002,Powertrain Control Module (PCM),3.4L SHO,026,007,,,,,
EWH,021,001,Powertrain Control Module (PCM),3.0L 2V,023,003,,,,,
EWH,021,001,Powertrain Control Module (PCM),3.0L 2V,023,005,,,,,
EWH,021,001,Powertrain Control Module (PCM),3.0L 2V,023,007,,,,,
EWH,021,001,Powertrain Control Module (PCM),3.0L 2V,023,008,,,,,
EWH,021,001,Powertrain Control Module (PCM),3.0L 2V FFV,025,003,,,,,
EWH,021,001,Powertrain Control Module (PCM),3.0L 2V FFV,025,005,,,,,
EWH,021,002,Powertrain Control Module (PCM),3.0L 4V,024,003,,,,,
EWH,021,002,Powertrain Control Module (PCM),3.0L 4V,024,007,,,,,
EWH,021,002,Powertrain Control Module (PCM),3.0L 4V,024,008,,,,,
EWH,021,002,Powertrain Control Module (PCM),3.0L 4V,024,012,,,,,
EWH,021,003,Powertrain Control Module (PCM),3.4L SHO,026,004,,,,,
EWH,021,003,Powertrain Control Module (PCM),3.4L SHO,026,007,,,,,
EWH,021,003,Powertrain Control Module (PCM),3.4L SHO,026,008,,,,,
EWH,029,002,Powertrain Control Module (PCM),3.0L 2V,023,003,,,,,
EWH,033,001,Powertrain Control Module (PCM),3.4L SHO,026,001,,,,,
EWH,042,001,Powertrain Control Module (PCM),3.4L SHO,026,009,,,,,
EWH,054,002,Powertrain Control Module (PCM),3.0L 2V,023,004,,,,,
EWH,054,002,Powertrain Control Module (PCM),3.0L 4V,024,010,,,,,
EWH,054,002,Powertrain Control Module (PCM),3.0L 2V FFV,025,004,,,,,
EWH,054,002,Powertrain Control Module (PCM),3.4L SHO,026,010,,,,,
EWH,054,003,Powertrain Control Module (PCM),3.0L 2V,023,001,,,,,
EWH,054,003,Powertrain Control Module (PCM),3.0L 4V,024,001,,,,,
EWH,054,003,Powertrain Control Module (PCM),3.0L 2V FFV,025,001,,,,,
EWH,054,003,Powertrain Control Module (PCM),3.4L SHO,026,001,,,,,
EWH,055,002,Powertrain Control Module (PCM),3.0L 2V,023,004,,,,,
EWH,055,002,Powertrain Control Module (PCM),3.0L 2V FFV,025,004,,,,,
EWH,055,002,Powertrain Control Module (PCM),3.0L 4V,024,010,,,,,
EWH,055,002,Powertrain Control Module (PCM),3.4L SHO,026,010,,,,,
EWH,055,004,Powertrain Control Module (PCM),3.0L 4V,024,001,,,,,
EWH,055,004,Powertrain Control Module (PCM),3.4L SHO,026,001,,,,,
EWH,060,002,Powertrain Control Module (PCM),3.0L 2V,023,009,,,,,
EWH,060,002,Powertrain Control Module (PCM),3.0L 4V,024,009,,,,,
EWH,060,002,Powertrain Control Module (PCM),3.4L SHO,026,009,,,,,
EWH,060,003,Powertrain Control Module (PCM),3.0L 4V,024,012,,,,,
EWH,060,003,Powertrain Control Module (PCM),3.0L 2V,023,007,,,,,
EWH,060,003,Powertrain Control Module (PCM),3.0L 2V FFV,024,007,,,,,
EWH,060,003,Powertrain Control Module (PCM),3.4L SHO,026,007,,,,,
EWH,060,003,Powertrain Control Module (PCM),3.4L SHO,026,012,,,,,
EWH,060,004,Powertrain Control Module (PCM),3.4L SHO,026,009,,,,,
EWH,061,002,Powertrain Control Module (PCM),3.0L 2V FFV,025,009,,,,,
EWH,061,003,Powertrain Control Module (PCM),3.0L 2V FFV,025,007,,,,,
EWH,010,016,Rear Control Unit (RCU),Sedan,130,006,,,,,
EWH,010,016,Rear Control Unit (RCU),Wagon,130,006,,,,,
EWH,010,016,Rear Control Unit (RCU),Sedan,130,010,,,,,
EWH,010,016,Rear Control Unit (RCU),Wagon,130,010,,,,,
EWH,013,004,Rear Control Unit (RCU),Sedan,130,002,,,,,
EWH,013,004,Rear Control Unit (RCU),Wagon,130,002,,,,,
EWH,013,004,Rear Control Unit (RCU),Sedan,130,006,,,,,
EWH,013,004,Rear Control Unit (RCU),Wagon,130,006,,,,,
EWH,013,004,Rear Control Unit (RCU),Sedan,130,010,,,,,
EWH,013,004,Rear Control Unit (RCU),Wagon,130,010,,,,,
EWH,013,010,Rear Control Unit (RCU),Sedan,130,001,,,,,
EWH,013,010,Rear Control Unit (RCU),Wagon,130,001,,,,,
EWH,013,010,Rear Control Unit (RCU),Sedan,130,004,,,,,
EWH,013,010,Rear Control Unit (RCU),Wagon,130,004,,,,,
EWH,013,010,Rear Control Unit (RCU),Sedan,130,008,,,,,
EWH,013,010,Rear Control Unit (RCU),Wagon,130,008,,,,,
EWH,055,002,Rear Control Unit (RCU),Sedan,130,001,,,,,
EWH,055,002,Rear Control Unit (RCU),Wagon,130,001,,,,,
EWH,055,002,Rear Control Unit (RCU),Sedan,130,004,,,,,
EWH,055,002,Rear Control Unit (RCU),Wagon,130,004,,,,,
EWH,055,002,Rear Control Unit (RCU),Sedan,130,008,,,,,
EWH,055,002,Rear Control Unit (RCU),Wagon,130,008,,,,,
EWH,135,001,Rear Control Unit (RCU),Sedan,130,006,,,,,
EWH,135,001,Rear Control Unit (RCU),Wagon,130,006,,,,,
EWH,135,001,Rear Control Unit (RCU),Sedan,130,011,,,,,
EWH,135,001,Rear Control Unit (RCU),Wagon,130,011,,,,,
EWH,010,013,Rear Window Defrost Grid,Wagon,056,001,,,,,
EWH,010,014,Rear Window Defrost Grid,Sedan,056,001,,,,,
EWH,013,004,Rear Window Defrost Grid,Sedan,056,001,,,,,
EWH,013,004,Rear Window Defrost Grid,Wagon,056,001,,,,,
EWH,013,011,Rear Window Defrost Relay,,013,004,C,,,,
EWH,059,004,Rear Window Defrost Relay,,013,004,,,,,
EWH,135,001,Remote Anti-Theft Personality (RAP) Module,,112,003,,,,,
EWH,010,001,Remote Climate Control (Rcc) Module,,055,001,,,,,
EWH,013,007,Remote Climate Control (RCC) Module,,055,001,,,,,
EWH,013,011,Remote Climate Control (RCC) Module,,055,001,,,,,
EWH,014,002,Remote Climate Control (Rcc) Module,,055,003,,,,,
EWH,010,013,Right Backup Lamp,Wagon,093,001,,,,,
EWH,010,014,Right Backup Lamp,Sedan,093,001,,,,,
EWH,010,011,Right Front Door Ajar Switch,Wagon,089,004,,,,,
EWH,010,011,Right Front Door Ajar Switch,Sedan,089,004,,,,,
EWH,013,024,Right Front Door Lock Motor,Sedan,110,002,,,,,
EWH,013,024,Right Front Door Lock Motor,Wagon,110,002,,,,,
EWH,010,011,Right Front Door Lock Switch,Wagon,110,005,,,,,
EWH,010,011,Right Front Door Lock Switch,Sedan,110,005,,,,,
EWH,013,016,Right Front Marker Lamp,,092,001,,,,,
EWH,010,005,Right Front Park/Turn Lamp,,090,005,,,,,
EWH,013,016,Right Front Park/Turn Lamp,,092,001,,,,,
EWH,010,005,Right Front Shock Actuator,3.4L SHO,041,003,,,,,
EWH,010,005,Right Front Turn Lamp,,090,005,,,,,
EWH,010,011,Right Front Window Switch,Wagon,100,001,,,,,
EWH,010,011,Right Front Window Switch,Sedan,100,001,,,,,
EWH,071,001,Right Front Window Switch,Sedan,100,001,,,,,
EWH,071,001,Right Front Window Switch,Wagon,100,001,,,,,
EWH,071,002,Right Front Window Switch,Sedan,100,001,,,,,
EWH,071,002,Right Front Window Switch,Wagon,100,001,,,,,
EWH,010,004,Right Headlamp,,085,001,,,,,
EWH,013,015,Right Headlamp,,085,001,,,,,
EWH,013,016,Right Headlamp,,085,001,,,,,
EWH,010,013,Right Hi Mount Stop Lamp,Wagon,090,002,,,,,
EWH,010,016,Right Hi Mount Stop Lamp,Sedan,090,002,,,,,
EWH,010,016,Right Hi Mount Stop Lamp,Wagon,090,002,,,,,
EWH,010,007,Right I/P Courtesy Lamp,,089,001,,,,,
EWH,013,021,Right I/P Courtesy Lamp,,089,001,,,,,
EWH,071,002,Right Rear Window Switch,Sedan,100,002,,,,,
EWH,071,002,Right Rear Window Switch,Wagon,100,002,,,,,
EWH,010,010,Right Seat Control Switch,,120,002,,,,,
EWH,013,002,Right Seat Control Switch,,120,002,,,,,
EWH,013,020,Right Vanity Lamp,Sedan,089,005,,,,,
EWH,013,020,Right Vanity Lamp,Wagon,089,005,,,,,
EWH,025,005,S100,,025,006,J,,,,
EWH,023,005,S101,,023,004,I,,,,
EWH,023,010,S101,,023,004,J,,,,
EWH,025,005,S101,,025,004,L,,,,
EWH,025,010,S101,,025,004,M,,,,
EWH,023,010,S102,3.0L 2V,023,005,L,,,,
EWH,024,013,S102,3.0L 4V,024,004,K,,,,
EWH,025,010,S102,3.0L 2V FFV,025,005,K,,,,
EWH,026,013,S102,3.4L SHO,026,004,K,,,,
EWH,025,004,S103,,025,003,H,,,,
EWH,010,003,S106,,010,002,A,,,,
EWH,024,005,S106,,024,012,N,,,,
EWH,024,005,S106,,024,012,O,,,,
EWH,026,005,S106,,026,012,U,,,,
EWH,023,004,S107,3.0L 2V,023,005,H,,,,
EWH,025,004,S107,3.0L 2V FFV,025,005,I,,,,
EWH,026,005,S107,3.4L SHO,026,004,G,,,,
EWH,023,003,S110,,023,005,G,,,,
EWH,023,004,S110,,023,005,I,,,,
EWH,025,003,S110,,025,005,G,,,,
EWH,025,004,S110,,025,005,L,,,,
EWH,025,006,S110,,025,005,N,,,,
EWH,025,006,S110,,025,005,O,,,,
EWH,023,005,S111,,023,004,H,,,,
EWH,025,003,S111,,025,004,H,,,,
EWH,025,005,S111,,025,004,I,,,,
EWH,010,002,S120,,010,001,S,,,,
EWH,013,017,S123,,013,016,T,,,,
EWH,081,002,S124,,081,001,D,,,,
EWH,023,001,S133,,023,005,A,,,,
EWH,023,001,S133,,023,005,B,,,,
EWH,023,001,S133,,023,005,C,,,,
EWH,023,002,S133,,023,005,D,,,,
EWH,023,002,S133,,023,005,E,,,,
EWH,024,001,S133,,024,005,A,,,,
EWH,024,001,S133,,024,005,B,,,,
EWH,024,001,S133,,024,005,C,,,,
EWH,024,002,S133,,024,005,D,,,,
EWH,024,002,S133,,024,005,E,,,,
EWH,025,001,S133,,025,005,A,,,,
EWH,025,001,S133,,025,005,B,,,,
EWH,089,002,S300,,089,003,D,,,,
EWH,089,005,S300,,089,003,C,,,,
EWH,010,011,S303,,010,010,J,,,,
EWH,013,021,S304,,013,023,,,,,
EWH,089,003,S304,,089,002,E,,,,
EWH,013,022,S306,,013,024,Q,,,,
EWH,090,003,S308,,090,002,E,,,,
EWH,090,003,S308,,090,002,F,,,,
EWH,090,004,S308,,090,002,G,,,,
EWH,090,004,S308,,090,002,H,,,,
EWH,092,001,S408,,092,004,B,,,,
EWH,010,016,S412,,010,013,L,,,,
EWH,092,001,S415,,092,002,A,,,,
EWH,092,001,S415,,092,003,C,,,,
EWH,010,015,S416,,010,014,N,,,,
EWH,010,015,S416,,010,014,M,,,,
EWH,010,014,S451,,010,017,Q,,,,
EWH,071,002,S504,,071,001,A,,,,
EWH,010,010,Seat Belt Switch,,059,003,,,,,
EWH,010,002,Semi-Active Ride Control (SARC) Module,,043,003,,,,,
EWH,010,017,Semi-Active Ride Control (SARC) Module,,043,003,,,,,
EWH,013,001,Semi-Active Ride Control (SARC) Module,,041,001,,,,,
EWH,013,010,Semi-Active Ride Control (SARC) Module,,041,001,,,,,
EWH,013,018,Semi-Active Ride Control (SARC) Module,,041,001,,,,,
EWH,013,018,Semi-Active Ride Control (SARC) Module,,043,003,,,,,
EWH,014,001,Semi-Active Ride Control (SARC) Module,,041,001,,,,,
EWH,014,001,Semi-Active Ride Control (SARC) Module,,043,002,,,,,
EWH,026,009,Semi-Active Ride Control (SARC) Module,,043,001,,,,,
EWH,026,009,Semi-Active Ride Control (SARC) Module,,043,003,,,,,
EWH,041,001,Semi-Active Ride Control (SARC) Module,,043,002,,,,,
EWH,041,001,Semi-Active Ride Control (SARC) Module,,043,003,,,,,
EWH,043,002,Semi-Active Ride Control (SARC) Module,,041,001,,,,,
EWH,043,002,Semi-Active Ride Control (SARC) Module,,041,002,,,,,
EWH,043,002,Semi-Active Ride Control (SARC) Module,,041,003,,,,,
EWH,043,003,Semi-Active Ride Control (SARC) Module,,041,001,,,,,
EWH,043,003,Semi-Active Ride Control (SARC) Module,,041,002,,,,,
EWH,020,001,Power Distribution,,013,003,,,,,
EWH,020,002,Power Distribution,,013,001,,,,,
EWH,020,002,Power Distribution,,013,003,,,,,
EWH,021,003,Power Distribution,,013,014,,,,,
EWH,023,002,Power Distribution,,013,014,,,,,
EWH,023,007,Power Distribution,,013,005,,,,,
EWH,023,008,Power Distribution,,013,014,,,,,
EWH,024,002,Power Distribution,,013,014,,,,,
EWH,024,007,Power Distribution,,013,005,,,,,
EWH,024,008,Power Distribution,,013,014,,,,,
EWH,025,002,Power Distribution,,013,014,,,,,
EWH,025,007,Power Distribution,,013,005,,,,,
EWH,025,008,Power Distribution,,013,014,,,,,
EWH,026,002,Power Distribution,,013,014,,,,,
EWH,026,007,Power Distribution,,013,005,,,,,
EWH,026,008,Power Distribution,,013,014,,,,,
EWH,029,001,Power Distribution,,013,015,,,,,
EWH,029,004,Power Distribution,,013,011,,,,,
EWH,029,005,Power Distribution,,013,011,,,,,
EWH,041,001,Power Distribution,,013,010,,,,,
EWH,042,001,Power Distribution,,013,014,,,,,
EWH,042,001,Power Distribution,,013,015,,,,,
EWH,043,001,Power Distribution,,013,015,,,,,
EWH,044,001,Power Distribution,,013,005,,,,,
EWH,059,001,Power Distribution,,013,015,,,,,
EWH,059,004,Power Distribution,,013,018,,,,,
EWH,060,001,Power Distribution,,013,015,,,,,
EWH,060,002,Power Distribution,,013,007,,,,,
EWH,060,004,Power Distribution,,013,007,,,,,
EWH,061,001,Power Distribution,,013,015,,,,,
EWH,061,002,Power Distribution,,013,007,,,,,
EWH,061,002,Power Distribution,,013,011,,,,,
EWH,066,001,Power Distribution,,013,015,,,,,
EWH,066,001,Power Distribution,,013,018,,,,,
EWH,071,001,Power Distribution,,013,019,,,,,
EWH,071,004,Power Distribution,,013,002,,,,,
EWH,071,004,Power Distribution,,013,006,,,,,
EWH,087,005,Power Distribution,,013,003,,,,,
EWH,087,005,Power Distribution,,013,009,,,,,
EWH,130,012,Power Distribution,,013,008,,,,,
EWH,130,012,Power Distribution,,013,010,,,,,
EWH,135,001,Power Distribution,,013,012,,,,,
EWH,059,002,Power Door Locks,,110,004,,,,,
EWH,059,002,Power Door Locks,,110,005,,,,,
EWH,059,005,Power Door Locks,,110,004,,,,,
EWH,111,001,Power Door Locks,,110,002,,,,,
EWH,111,001,Power Door Locks,,110,003,,,,,
EWH,111,001,Power Door Locks,,110,003,,,,,
EWH,112,004,Power Door Locks,,110,004,,,,,
EWH,112,005,Power Door Locks,,110,001,,,,,
EWH,112,005,Power Door Locks,,110,003,,,,,
EWH,112,005,Power Door Locks,,110,004,,,,,
EWH,112,005,Power Door Locks,,110,005,,,,,
EWH,120,001,Power Lumbar Seats,,122,001,,,,,
EWH,071,001,Power Moonroof,,101,001,,,,,
EWH,101,001,Power Moonroof,,013,002,,,,,
EWH,029,003,Power Steering Pressure Switch,3.0L 2V,023,004,,,,,
EWH,029,003,Power Steering Pressure Switch,3.0L 4V,024,004,,,,,
EWH,029,003,Power Steering Pressure Switch,3.0L 2V FFV,025,004,,,,,
EWH,029,003,Power Steering Pressure Switch,3.4L SHO,026,007,,,,,
EWH,059,006,Power Windows,,100,001,,,,,
EWH,010,001,Powertrain Control Module (PCM),3.0L 2V,023,009,,,,,
EWH,010,001,Powertrain Control Module (PCM),3.0L 4V,024,009,,,,,
EWH,010,001,Powertrain Control Module (PCM),3.0L 2V FFV,025,009,,,,,
EWH,010,001,Powertrain Control Module (PCM),3.4L SHO,026,009,,,,,
EWH,010,002,Powertrain Control Module (PCM),3.0L 2V,023,003,,,,,
EWH,010,002,Powertrain Control Module (PCM),3.0L 4V,024,012,,,,,
EWH,010,002,Powertrain Control Module (PCM),3.0L 2V FFV,025,003,,,,,
EWH,010,002,Powertrain Control Module (PCM),3.4L SHO,026,012,,,,,
EWH,010,003,Powertrain Control Module (PCM),3.0L 2V,023,003,,,,,
EWH,010,003,Powertrain Control Module (PCM),3.0L 4V,024,003,,,,,
EWH,010,003,Powertrain Control Module (PCM),3.0L 2V FFV,025,003,,,,,
EWH,029,002,Powertrain Control Module (PCM),3.0L 2V,023,005,,,,,
EWH,029,002,Powertrain Control Module (PCM),3.0L 4V,024,004,,,,,
EWH,029,002,Powertrain Control Module (PCM),3.0L 4V,024,006,,,,,
EWH,029,002,Powertrain Control Module (PCM),3.0L 2V FFV,025,003,,,,,
EWH,029,002,Powertrain Control Module (PCM),3.0L 2V FFV,025,005,,,,,
EWH,029,002,Powertrain Control Module (PCM),3.4L SHO,026,004,,,,,
EWH,029,002,Powertrain Control Module (PCM),3.4L SHO,026,006,,,,,
EWH,029,003,Powertrain Control Module (PCM),3.0L 2V,023,004,,,,,
EWH,029,003,Powertrain Control Module (PCM),3.0L 2V,023,009,,,,,
EWH,029,003,Powertrain Control Module (PCM),3.0L 4V,024,004,,,,,
EWH,029,003,Powertrain Control Module (PCM),3.0L 4V,024,005,,,,,
EWH,029,003,Powertrain Control Module (PCM),3.0L 4V,024,009,,,,,
EWH,029,003,Powertrain Control Module (PCM),3.0L 2V FFV,025,009,,,,,
EWH,029,003,Powertrain Control Module (PCM),3.4L SHO,026,004,,,,,
EWH,029,003,Powertrain Control Module (PCM),3.4L SHO,026,005,,,,,
EWH,029,003,Powertrain Control Module (PCM),3.4L SHO,026,007,,,,,
EWH,029,003,Powertrain Control Module (PCM),3.4L SHO,026,009,,,,,
EWH,029,004,Powertrain Control Module (PCM),3.0L 2V,023,005,,,,,
EWH,029,004,Powertrain Control Module (PCM),3.0L 2V,023,007,,,,,
EWH,029,004,Powertrain Control Module (PCM),3.0L 2V FFV,025,007,,,,,
EWH,029,005,Powertrain Control Module (PCM),3.0L 4V,024,006,,,,,
EWH,029,005,Powertrain Control Module (PCM),3.0L 4V,024,007,,,,,
EWH,029,005,Powertrain Control Module (PCM),3.4L SHO,026,006,,,,,
EWH,029,005,Powertrain Control Module (PCM),3.4L SHO,026,007,,,,,
EWH,033,001,Powertrain Control Module (PCM),3.0L 2V,023,001,,,,,
EWH,033,001,Powertrain Control Module (PCM),3.0L 4V,024,001,,,,,
EWH,033,001,Powertrain Control Module (PCM),3.0L 2V FFV,025,001,,,,,
EWH,064,001,Powertrain Control Module (PCM),3.0L 2V,023,008,,,,,
EWH,064,001,Powertrain Control Module (PCM),3.0L 2V,023,009,,,,,
EWH,064,001,Powertrain Control Module (PCM),3.0L 4V,024,009,,,,,
EWH,064,001,Powertrain Control Module (PCM),3.0L 4V,024,011,,,,,
EWH,064,002,Powertrain Control Module (PCM),3.0L 2V FFV,025,008,,,,,
EWH,064,002,Powertrain Control Module (PCM),3.0L 2V FFV,025,009,,,,,
EWH,090,002,Powertrain Control Module (PCM),3.0L 2V,023,008,,,,,
EWH,090,002,Powertrain Control Module (PCM),3.0L 4V,024,011,,,,,
EWH,090,002,Powertrain Control Module (PCM),3.0L 2V FFV,025,008,,,,,
EWH,090,002,Powertrain Control Module (PCM),3.4L SHO,026,011,,,,,
EWH,010,007,PRNDL/Transmission Control Illumination,3.0L 2V Sedan SE,071,003,,,,,
EWH,010,010,PRNDL/Transmission Control Illumination,Sedan,029,001,,,,,
EWH,010,010,PRNDL/Transmission Control Illumination,Wagon,029,001,,,,,
EWH,013,015,PRNDL/Transmission Control Illumination,Sedan,029,001,,,,,
EWH,013,015,PRNDL/Transmission Control Illumination,Wagon,029,001,,,,,
EWH,024,005,PRNDL/Transmission Control Illumination,Sedan,029,001,,,,,
EWH,024,005,PRNDL/Transmission Control Illumination,Wagon,029,001,,,,,
EWH,026,005,PRNDL/Transmission Control Illumination,Sedan,029,001,,,,,
EWH,071,003,PRNDL/Transmission Control Illumination,Sedan,029,001,,,,,
EWH,071,003,PRNDL/Transmission Control Illumination,Wagon,029,001,,,,,
EWH,135,001,Radio,,130,006,,,,,
EWH,135,001,Radio,,130,007,,,,,
EWH,135,001,Radio,,130,010,,,,,
EWH,135,001,Radio,,130,011,,,,,
EWH,135,001,Radio,,130,012,,,,,
EWH,013,014,Radio Noise Capacitor,3.0L 2V,023,008,,,,,
EWH,013,014,Radio Noise Capacitor,3.0L 4V,024,008,,,,,
EWH,013,014,Radio Noise Capacitor,3.0L 2V FFV,025,008,,,,,
EWH,010,016,Rear Control Unit (RCU),Sedan,130,002,,,,,
EWH,010,016,Rear Control Unit (RCU),Wagon,130,002,,,,,
EWH,124,001,Rear Window Defrost/Heated Mirrors,,056,001,,,,,
EWH,130,001,Rear Window Defrost/Heated Mirrors,,056,001,,,,,
EWH,130,005,Rear Window Defrost/Heated Mirrors,,056,001,,,,,
EWH,130,009,Rear Window Defrost/Heated Mirrors,,056,001,,,,,
EWH,010,001,Remote Anti-Theft Personality (RAP) Module,,112,003,,,,,
EWH,013,007,Remote Anti-Theft Personality (RAP) Module,,112,003,,,,,
EWH,013,012,Remote Anti-Theft Personality (RAP) Module,,112,003,,,,,
EWH,013,022,Remote Anti-Theft Personality (RAP) Module,,112,003,,,,,
EWH,014,001,Remote Anti-Theft Personality (RAP) Module,,112,004,,,,,
EWH,024,011,Remote Anti-Theft Personality (RAP) Module,,112,004,,,,,
EWH,026,011,Remote Anti-Theft Personality (Rap) Module,,112,004,,,,,
EWH,059,002,Remote Anti-Theft Personality (RAP) Module,,112,004,,,,,
EWH,060,006,Remote Anti-Theft Personality (RAP) Module,,112,003,,,,,
EWH,066,002,Remote Anti-Theft Personality (RAP) Module,,112,004,,,,,
EWH,087,002,Remote Anti-Theft Personality (RAP) Module,,112,003,,,,,
EWH,090,002,Remote Anti-Theft Personality (RAP) Module,,112,004,,,,,
EWH,093,001,Remote Anti-Theft Personality (RAP) Module,,112,005,,,,,
EWH,093,001,Remote Anti-Theft Personality (RAP) Module,,112,005,,,,,
EWH,093,002,Remote Anti-Theft Personality (RAP) Module,,112,005,,,,,
EWH,094,001,Remote Anti-Theft Personality (RAP) Module,,112,004,,,,,
EWH,110,004,Remote Anti-Theft Personality (RAP) Module,,112,004,,,,,
EWH,110,004,Remote Anti-Theft Personality (RAP) Module,,112,005,,,,,
EWH,110,005,Remote Anti-Theft Personality (RAP) Module,,112,005,,,,,
EWH,110,005,Remote Anti-Theft Personality (RAP) Module,,112,005,,,,,
EWH,111,001,Remote Anti-Theft Personality (RAP) Module,,112,003,,,,,
EWH,111,001,Remote Anti-Theft Personality (RAP) Module,,112,005,,,,,
EWH,113,001,Remote Anti-Theft Personality (RAP) Module,,112,005,,,,,
EWH,010,014,Right License Lamp,,092,002,,,,,
EWH,010,014,Right License Lamp,,092,003,,,,,
EWH,010,011,Right Master Door Lock Switch,Wagon,110,003,,,,,
EWH,010,011,Right Master Door Lock Switch,Sedan,110,003,,,,,
EWH,013,019,Right Master Door Lock Switch,Sedan,110,003,,,,,
EWH,013,019,Right Master Door Lock Switch,Wagon,110,003,,,,,
EWH,071,001,Right Master Door Lock Switch,Sedan,110,003,,,,,
EWH,071,001,Right Master Door Lock Switch,Wagon,110,003,,,,,
EWH,010,011,Right Power/Heated Mirror,Sedan,056,001,,,,,
EWH,010,011,Right Power/Heated Mirror,Wagon,056,001,,,,,
EWH,013,004,Right Power/Heated Mirror,Sedan,056,001,,,,,
EWH,013,004,Right Power/Heated Mirror,Wagon,056,001,,,,,
EWH,056,001,Right Power/Heated Mirror,Sedan,124,001,,,,,
EWH,056,001,Right Power/Heated Mirror,Wagon,124,001,,,,,
EWH,010,010,Right Rear Door Ajar Switch,Sedan,059,001,,,,,
EWH,010,010,Right Rear Door Ajar Switch,Wagon,059,001,,,,,
EWH,010,010,Right Rear Door Ajar Switch,Sedan,094,002,,,,,
EWH,010,010,Right Rear Door Ajar Switch,Wagon,094,002,,,,,
EWH,013,024,Right Rear Door Lock Motor,Sedan,110,002,,,,,
EWH,013,024,Right Rear Door Lock Motor,Wagon,110,002,,,,,
EWH,010,012,Right Rear Park/Stop Lamp,Wagon,090,004,,,,,
EWH,010,015,Right Rear Park/Stop Lamp,Sedan,090,003,,,,,
EWH,010,017,Right Rear Shock Actuator,3.4L SHO,041,003,,,,,
EWH,010,012,Right Rear Side Marker Lamp,Wagon,092,004,,,,,
EWH,010,014,Right Rear Side Marker Lamp,Sedan,092,002,,,,,
EWH,010,014,Right Rear Side Marker Lamp,Sedan,092,003,,,,,
EWH,010,015,Right Rear Side Marker Lamp,Sedan,092,002,,,,,
EWH,010,012,Right Rear Turn Lamp,Wagon,090,004,,,,,
EWH,010,015,Right Rear Turn Lamp,Sedan,090,003,,,,,
EWH,010,010,Right Rear Window Switch,Sedan,100,002,,,,,
EWH,010,010,Right Rear Window Switch,Wagon,100,002,,,,,
EWH,025,001,S133,,025,005,C,,,,
EWH,025,002,S133,,025,005,D,,,,
EWH,025,002,S133,,025,005,E,,,,
EWH,026,001,S133,,026,005,A,,,,
EWH,026,001,S133,,026,005,B,,,,
EWH,026,001,S133,,026,005,C,,,,
EWH,026,002,S133,,026,005,D,,,,
EWH,026,002,S133,,026,005,E,,,,
EWH,010,005,S135,,010,004,B,,,,
EWH,010,005,S135,,010,004,D,,,,
EWH,026,006,S147,,026,004,P,,,,
EWH,026,006,S147,,026,004,Q,,,,
EWH,026,006,S147,,026,004,R,,,,
EWH,026,007,S147,,026,004,O,,,,
EWH,024,003,S150,,024,005,F,,,,
EWH,024,004,S150,,024,005,I,,,,
EWH,024,004,S150,,024,005,J,,,,
EWH,026,003,S150,,026,005,J,,,,
EWH,026,004,S150,,026,005,H,,,,
EWH,026,004,S150,,026,005,I,,,,
EWH,026,004,S150,,026,005,G,,,,
EWH,024,005,S151,,024,004,E,,,,
EWH,024,006,S151,,024,004,M,,,,
EWH,026,005,S151,,026,004,N,,,,
EWH,026,006,S151,,026,004,M,,,,
EWH,026,013,S151,,026,004,L,,,,
EWH,024,004,S152,,024,003,G,,,,
EWH,024,004,S152,,024,003,H,,,,
EWH,024,005,S152,,024,003,F,,,,
EWH,026,005,S152,,026,003,J,,,,
EWH,024,004,S153,,024,006,M,,,,
EWH,024,008,S153,,024,006,Q,,,,
EWH,024,008,S153,,024,006,F,,,,
EWH,024,013,S153,,024,006,P,,,,
EWH,026,004,S153,,026,006,M,,,,
EWH,026,004,S153,,026,006,R,,,,
EWH,026,005,S153,,026,006,S,,,,
EWH,026,005,S153,,026,006,E,,,,
EWH,110,001,S200,,110,003,B,,,,
EWH,110,001,S201,,110,003,A,,,,
EWH,110,005,S201,,110,003,E,,,,
EWH,110,005,S201,,110,003,F,,,,
EWH,010,008,S206,,010,009,G,,,,
EWH,010,006,S212,,010,007,F,,,,
EWH,061,002,S224,,061,001,Z,,,,
EWH,087,004,S226,,087,002,P,,,,
EWH,087,005,S226,,087,002,C,,,,
EWH,010,006,S230,,010,007,E,,,,
EWH,023,010,S232,,023,007,N,,,,
EWH,024,013,S232,,024,007,S,,,,
EWH,026,013,S232,,026,007,V,,,,
EWH,089,001,S300,,089,003,S,,,,
EWH,043,003,Semi-Active Ride Control (SARC) Module,,041,003,,,,,
EWH,060,004,Semi-Active Ride Control (SARC) Module,,043,003,,,,,
EWH,066,001,Shift Lock,,037,001,,,,,
EWH,010,007,Shift Lock Actuator,,037,001,,,,,
EWH,013,011,Shift Lock Actuator,,037,001,,,,,
EWH,024,011,Shift Lock Actuator,,037,001,,,,,
EWH,026,011,Shift Lock Actuator,,037,001,,,,,
EWH,060,002,Shift Lock Actuator,,037,001,,,,,
EWH,060,004,Shift Lock Actuator,,037,001,,,,,
EWH,090,002,Shift Lock Actuator,,037,001,,,,,
EWH,044,001,Speed Control,,031,002,,,,,
EWH,013,007,Speed Control Deactivate Switch,,031,001,,,,,
EWH,010,004,Speed Control Module,With Speed Control,031,001,,,,,
EWH,013,012,Speed Control Module,With Speed Control,031,001,,,,,
EWH,013,018,Speed Control Module,With Speed Control,031,002,,,,,
EWH,023,009,Speed Control Module,With Speed Control,031,002,,,,,
EWH,024,009,Speed Control Module,With Speed Control,031,002,,,,,
EWH,024,011,Speed Control Module,With Speed Control,031,001,,,,,
EWH,025,009,Speed Control Module,With Speed Control,031,002,,,,,
EWH,026,009,Speed Control Module,With Speed Control,031,002,,,,,
EWH,026,011,Speed Control Module,With Speed Control,031,001,,,,,
EWH,044,001,Speed Control Module,With Speed Control,031,001,,,,,
EWH,044,001,Speed Control Module,With Speed Control,031,002,,,,,
EWH,060,002,Speed Control Module,With Speed Control,031,001,,,,,
EWH,060,004,Speed Control Module,With Speed Control,031,001,,,,,
EWH,060,005,Speed Control Module,With Speed Control,031,001,,,,,
EWH,061,002,Speed Control Module,With Speed Control,031,002,,,,,
EWH,061,004,Speed Control Module,With Speed Control,031,001,,,,,
EWH,064,001,Speed Control Module,With Speed Control,031,001,,,,,
EWH,064,001,Speed Control Module,With Speed Control,031,002,,,,,
EWH,064,002,Speed Control Module,With Speed Control,031,001,,,,,
EWH,064,002,Speed Control Module,With Speed Control,031,002,,,,,
EWH,090,002,Speed Control Module,With Speed Control,031,001,,,,,
EWH,010,004,Starter Relay,,020,001,,,,,
EWH,013,003,Starter Relay,,020,001,,,,,
EWH,013,003,Starter Relay,,020,002,,,,,
EWH,112,001,Starter Relay,,020,002,,,,,
EWH,010,002,Starting System,,020,001,,,,,
EWH,010,002,Starting System,,020,002,,,,,
EWH,012,001,Starting System,,020,001,,,,,
EWH,012,002,Starting System,,020,002,,,,,
EWH,013,001,Starting System,,020,001,,,,,
EWH,013,001,Starting System,,020,002,,,,,
EWH,029,004,Starting System,,020,001,,,,,
EWH,029,005,Starting System,,020,002,,,,,
EWH,013,006,Thermactor Air Bypass Solenoid,3.0L 2V,023,011,,,,,
EWH,013,006,Thermactor Air Bypass Solenoid,3.0L 2V FFV,025,006,,,,,
EWH,013,006,Thermactor Air Bypass Solenoid,3.4L SHO,026,010,,,,,
EWH,029,001,Throttle Position (TP) Sensor,3.0L 2V,023,005,,,,,
EWH,029,001,Throttle Position (TP) Sensor,3.0L 4V,024,003,,,,,
EWH,029,001,Throttle Position (TP) Sensor,3.0L 2V FFV,025,005,,,,,
EWH,029,001,Throttle Position (TP) Sensor,3.4L SHO,026,003,,,,,
EWH,013,015,Transmission Control Switch,,029,001,,,,,
EWH,024,005,Transmission Control Switch,,029,001,,,,,
EWH,026,005,Transmission Control Switch,,029,001,,,,,
EWH,013,010,Transmission Range (TR) Sensor,,029,005,,,,,
EWH,013,011,Transmission Range (TR) Sensor,,029,005,,,,,
EWH,020,002,Transmission Range (TR) Sensor,,029,005,,,,,
EWH,024,007,Transmission Range (TR) Sensor,,029,005,,,,,
EWH,024,013,Transmission Range (TR) Sensor,,029,005,,,,,
EWH,026,007,Transmission Range (TR) Sensor,,029,005,,,,,
EWH,026,013,Transmission Range (TR) Sensor,,029,005,,,,,
EWH,093,002,Transmission Range (TR) Sensor,,029,005,,,,,
EWH,092,003,Turn/Stop/Hazard Lamps,,090,003,,,,,
EWH,092,004,Turn/Stop/Hazard Lamps,,090,003,,,,,
EWH,092,004,Turn/Stop/Hazard Lamps,,090,003,,,,,
EWH,111,002,Turn/Stop/Hazard Lamps,,090,002,,,,,
EWH,112,004,Turn/Stop/Hazard Lamps,,090,005,,,,,
EWH,054,004,Vacuum Distribution,,140,001,,,,,
EWH,054,004,Vacuum Distribution,,140,002,,,,,
EWH,054,004,Vacuum Distribution,,140,003,,,,,
EWH,055,005,Vacuum Distribution,,140,005,,,,,
EWH,041,001,Variable Assist Power Steering,,043,002,,,,,
EWH,041,001,Variable Assist Power Steering,,043,003,,,,,
EWH,010,001,Vehicle Speed Sensor (VSS),3.0L 2V,064,001,,,,,
EWH,010,001,Vehicle Speed Sensor (VSS),3.0L 4V,064,001,,,,,
EWH,013,018,Vehicle Speed Sensor (VSS),3.0L 2V,064,001,,,,,
EWH,013,018,Vehicle Speed Sensor (VSS),3.0L 4V,064,001,,,,,
EWH,013,018,Vehicle Speed Sensor (VSS),3.0L 2V FFV,064,001,,,,,
EWH,031,002,Vehicle Speed Sensor (VSS),3.0L 2V,064,001,,,,,
EWH,031,002,Vehicle Speed Sensor (VSS),3.0L 4V,064,001,,,,,
EWH,031,002,Vehicle Speed Sensor (VSS),3.0L 2V FFV,064,001,,,,,
EWH,043,001,Vehicle Speed Sensor (VSS),3.0L 2V,064,001,,,,,
EWH,043,001,Vehicle Speed Sensor (VSS),3.0L 4V,064,001,,,,,
EWH,061,002,Vehicle Speed Sensor (VSS),3.0L 2V FFV,064,001,,,,,
EWH,013,013,Washer Motor Relay,,081,001,,,,,
EWH,010,005,Windshield Washer Pump Motor,,081,001,,,,,
EWH,010,004,Windshield Wiper Motor,,081,001,,,,,
EWH,013,013,Windshield Wiper Motor,,081,001,,,,,
EWH,013,013,Wiper Hi/Lo Relay,,081,001,,,,,
EWH,013,013,Wiper Park Relay,,081,001,,,,,
EWH,010,014,Trunk Lid Ajar Switch/Release Solenoid,,113,001,,,,,
EWH,089,005,Trunk Lid Ajar Switch/Release Solenoid,,113,001,,,,,
EWH,010,014,Trunk Lid Anti-Theft Switch,,112,004,,,,,
EWH,111,001,Trunk Lid Release,,113,001,,,,,
EWH,112,005,Trunk Lid Release,,113,001,,,,,
EWH,013,008,Trunk Lid Release Relay,,113,001,,,,,
EWH,111,001,Trunk Lid Release Relay,,113,001,,,,,
EWH,010,009,Trunk Lid Release Switch,,113,001,,,,,
EWH,013,008,Trunk Lid Release Switch,,113,001,,,,,
EWH,029,003,Turbine Shaft Speed Sensor,3.0L 2V,023,004,,,,,
EWH,029,003,Turbine Shaft Speed Sensor,3.0L 2V FFV,025,004,,,,,
EWH,029,003,Turbine Shaft Speed Sensor,3.0L 4V,025,004,,,,,
EWH,029,003,Turbine Shaft Speed Sensor,3.4L SHO,026,004,,,,,
EWH,023,008,Turn/Stop/Hazard Lamps,,090,002,,,,,
EWH,024,011,Turn/Stop/Hazard Lamps,,090,002,,,,,
EWH,025,008,Turn/Stop/Hazard Lamps,,090,002,,,,,
EWH,029,001,Turn/Stop/Hazard Lamps,,090,002,,,,,
EWH,031,001,Turn/Stop/Hazard Lamps,,090,002,,,,,
EWH,031,001,Turn/Stop/Hazard Lamps,,090,003,,,,,
EWH,031,001,Turn/Stop/Hazard Lamps,,090,004,,,,,
EWH,037,001,Turn/Stop/Hazard Lamps,,090,002,,,,,
EWH,042,001,Turn/Stop/Hazard Lamps,,090,002,,,,,
EWH,060,006,Turn/Stop/Hazard Lamps,,090,001,,,,,
EWH,061,005,Turn/Stop/Hazard Lamps,,090,001,,,,,
EWH,064,001,Turn/Stop/Hazard Lamps,,090,002,,,,,
EWH,064,002,Turn/Stop/Hazard Lamps,,090,002,,,,,
EWH,087,003,Turn/Stop/Hazard Lamps,,090,005,,,,,
EWH,092,001,Turn/Stop/Hazard Lamps,,090,005,,,,,
EWH,092,001,Turn/Stop/Hazard Lamps,,090,005,,,,,
EWH,092,002,Turn/Stop/Hazard Lamps,,090,003,,,,,
EWH,092,002,Turn/Stop/Hazard Lamps,,090,003,,,,,
EWH,092,002,Turn/Stop/Hazard Lamps,,090,003,,,,,
EWH,092,002,Turn/Stop/Hazard Lamps,,090,003,,,,,
EWH,092,003,Turn/Stop/Hazard Lamps,,090,003,,,,,
